CityTown,Location,County,StateTerritory,Country,Date,EstimateText,EstimateLow,BestGuess,EstimateHigh,AdjustedLow,AdjustedHigh,Actor,Claim,Pro(2)/Anti(1),EventType,ReportedArrests,ReportedParticipantInjuries,ReportedPoliceInjuries,ReportedPropertyDamage,TownsCities,Events,Source1,Source2,Source3,Misc.,Source4,Source5,Source6
Cincinnati,U.S. Bank Arena,Hamilton,OH,US,8/1/2019,"approaching 20,000",20000,,20000,,,Trump administration,for President Trump,2,rally,,,,,1,1,https://twitter.com/JenniferJJacobs/status/1157017675077472259,https://www.pbs.org/newshour/politics/watch-live-trump-holds-campaign-rally-in-cincinnati-ohio,https://www.cincinnati.com/picture-gallery/news/2019/08/01/president-donald-trump-rally-cincinnati-2019/1890479001/,feat. President Trump,https://www.wbur.org/hereandnow/2019/08/02/president-trump-rally-cincinnati,,
Cincinnati,U.S. Bank Arena,Hamilton,OH,US,8/1/2019,,,,,,,general protestors,"against President Trump, against racism, for immigrants rights, for reproductive rights",1,counter-protest,,,,,0,1,https://www.pbs.org/newshour/politics/watch-live-trump-holds-campaign-rally-in-cincinnati-ohio,https://www.cincinnati.com/picture-gallery/news/2019/08/01/president-donald-trump-rally-cincinnati-2019/1890479001/,,,,,
Cincinnati,National Underground Railroad Freedom Center,Hamilton,OH,US,8/1/2019,,,,,,,general protestors,"against President Trump, against racism",1,protest,,,,,0,1,https://www.pbs.org/newshour/politics/watch-live-trump-holds-campaign-rally-in-cincinnati-ohio,,,,,,
Milwaukee,outside ICE building,Milwaukee,WI,US,8/1/2019,,,,,,,Never Again Action,against government crackdown and detention policy at border; anti-ICE,1,protest,,,,,,1,https://twitter.com/NeverAgainActn/status/1156935969263837185,,,,,,
San Francisco,outside Speaker Pelosi's office; San Francisco Federal Building,San Francisco,CA,US,8/1/2019,,,,,,,Vigil for Democracy,calling for removal of corrupt criminals from all three branches of US government and immediate lawmaking to protect lives and liberty.,0,vigil,,,,,,1,https://www.facebook.com/events/san-francisco-federal-building/vigil-for-democracy-at-speaker-pelosis-sf-office/985722828427772/,,,"every day from Noon - 2PM PST during the August congressional recess (July 29 - September 8, 2019",,,
Atlanta,AT&T MIdtown Center,,GA,US,8/3/2019,hundreds,200,,200,,,Communication Workers of America,for fair contract for AT&T employees,0,rally,0,0,0,0,1,1,https://www.ajc.com/news/southeast-workers-rally-atlanta-amid-contract-talks-with/ngQnrbHuWyrVObdyaSlJ3N/,,,,,,
El Paso,near border fence,El Paso,TX,US,8/3/2019,,,,,,,general protestors,against gun violence,0,vigil,,,,,,1,https://www.pbs.org/newshour/nation/sister-el-paso-shooting-victim-25-gave-her-life-for-son,,,,,,
El Paso,at El Paso High School,El Paso,TX,US,8/3/2019,,,,,,,general protestors,against gun violence,0,vigil,,,,,,1,https://www.pbs.org/newshour/nation/sister-el-paso-shooting-victim-25-gave-her-life-for-son,,,,,,
Washington,steps of US Capitol,,DC,US,8/3/2019,some 2000,2000,,2000,,,general protestors,against gun violence; for gun reform,1,protest,,,,,,1,https://twitter.com/nicksuplina/status/1157850958350757888,https://www.kentucky.com/news/nation-world/article233542197.html,,,,,
Milwaukee,,Milwaukee,WI,US,8/3/2019,,,,,,,general protestors,against violence,0,protest,,,,,,1,https://thehill.com/blogs/blog-briefing-room/news/456070-driver-plows-through-crowd-gathered-at-anti-violence-rally-in?__twitter_impression=true&__twitter_impression=true&__twitter_impression=true&fbclid=IwAR0ovO_3LRPXYK8exk2eYoz4jNzlc0M0Pp9wWVz-Sce5Usc1Zhhucbn1cig,,,,,,
San Jose,at  Latino College Preparatory Academy,Santa Clara,CA,US,8/3/2019,about 60,60,,60,,,family of Keyla Salazar,against violence,0,vigil,0,0,0,0,1,1,https://www.latimes.com/california/story/2019-08-04/memorial-for-13-year-old-girl-killed-in-gilroy-interrupted-by-el-paso-massacre-news,,,,,,
Dayton,Oregon District,Montgomery,OH,US,8/4/2019,,,,,,,general protestors,against gun violence,0,vigil,,,,,,1,https://twitter.com/i/events/1158177484715642881?s=13,https://www.washingtonpost.com/nation/2019/08/05/do-something-dewine-dayton-ohio-mass-shooting-vigil/?utm_term=.c85a9b75f528,,sentiments mixed in crowd?,,,
El Paso,outside Las Americas headquarters,El Paso,TX,US,8/4/2019,,,,,,,general protestors,against gun violence,0,vigil,,,,,,1,https://twitter.com/ericbradner/status/1158184814371049478,,,,,,
Phoenix,Unitarian Universalist church near Central Avenue and McDowell Road,Maricopa,AZ,US,8/4/2019,,,,,,,general protestors,against gun violence; for gun reform,1,vigil,0,0,0,0,1,1,https://www.phoenixnewtimes.com/news/phoenix-community-leaders-gather-at-vigil-for-el-paso-and-dayton-11338794,,,,,,
San Antonio,Main Plaza,,TX,US,8/4/2019,more than 150,150,,150,,,general protestors,against gun violence; for gun reform,0,vigil,0,0,0,0,1,1,https://www.newsbreakapp.com/news/0MV1zyQB/at-san-antonio-vigil-for-el-paso-victims-calls-for-action-on-gun-violence?docid=0MV1zyQB&id=0MV1zyQB&pd=00TB6wt9&s=i2,https://www.tpr.org/post/san-antonio-vigil-el-paso-remembers-victims-and-demands-changes-gun-laws?utm_medium=Social&utm_source=Twitter#Echobox=1565025394,,,,,
Bakersfield,Stone Creek Park,,CA,US,8/4/2019,,,,,,,Sikh Friends of Bakersfield,against gun violence; for gun reform,0,vigil,0,0,0,0,1,1,https://www.kget.com/news/local-news/candlelight-vigil-for-shooting-victims-held-by-sikh-friends-of-bakersfield/,,,,,,
Dayton,Student Union Atrium; Wright State,,OH,US,8/5/2019,,,,,,,general protestors,against gun violence,0,vigil,,,,,1,1,https://twitter.com/wsuguardian/status/1158392852851953664,,,sentiments mixed in crowd?,,,
Dayton,Levitt Pavilion,,OH,US,8/5/2019,about 50,50,,50,,,general protestors,against gun violence,0,vigil,0,0,0,0,0,1,https://www.dayton.com/news/local/dozens-attend-dayton-shooting-vigil-today-levitt-pavilion/VuzRs2FQbSLcg4z3bLSdwK/,,,,,,
Beavercreek,Walmart,,OH,US,8/5/2019,NA,200,,200,,,general protestors,against police brutality,0,vigil,,,,,1,1,https://twitter.com/Moriel_RZ/status/1158533128316739585,,,remembering police killing of John Crawford III in 2014,,,
Fairfax,outside NRA headquarters,,VA,US,8/5/2019,several hundred,300,,300,,,March for Our Lives Northern  Virginia,against gun violence; for gun reform,1,vigil,,,,,,1,https://twitter.com/MFOLNOVA/status/1158162694157012992,https://twitter.com/WesCSays/status/1158533073253928961,,,,,
Hartford,outside capitol,,CT,US,8/5/2019,,,,,,,general protestors,against gun violence; for gun reform,1,rally,,,,,,1,https://www.facebook.com/events/364135457593375/?,,,,,,
Las Vegas,Highland Poultry,,NV,US,8/5/2019,,,,,,,general protestors,against cruelty to animals,0,protest,,,,,,1,https://twitter.com/AnimalCrimesWW/status/1158440329961463809,,,,,,
Los Angeles,in and outside GEO Group offices,,CA,US,8/5/2019,,,,,,,Never Again Action,against immigrant detention camps; anti-ICE,1,protest,1,,,,,1,https://www.commondreams.org/news/2019/08/05/jewish-protesters-arrested-la-office-private-prison-company-runs-ice-concentration,https://www.facebook.com/events/371724513541309/,,How many arrested?,,,
Milwaukee,Walker Square Park,,WI,US,8/5/2019,,,,,,,general protestors,against gun violence,0,vigil,,,,,,1,https://twitter.com/dviyer/status/1158346052497530880,,,7th anniversary of shooting at Sikh gurdwara ,,,
New York,Bennett Park; Fort Washington Avenue between West 183rd and West 185th Streets,,NY,US,8/5/2019,,,,,,,UP Theater Company,against gun violence,0,vigil,,,,,,1,https://twitter.com/UPTheaterCo/status/1158342138289111041,,,,,,
New York,Brooklyn; Grand Army Plaza,,NY,US,8/5/2019,,,,,,,Brooklyn Borough President; New Yorkers Against Gun Violence; Yourh Over Guns; other organizations,against gun violence,0,vigil,0,0,0,0,,1,https://twitter.com/BPEricAdams/status/1158447341193650177,https://twitter.com/NewSanctuaryNYC/status/1158589195738320897,https://www.bkreader.com/2019/08/06/brooklyn-vigil-mourns-victims-of-mass-shootings-decries-white-supremacy/,,,,
Westfield,Mindowaskin Park,,NJ,US,8/5/2019,,,,,,,Westfield 20/20,against gun violence; for gun reform,1,vigil,,,,,,1,https://www.tapinto.net/towns/westfield/articles/vigil-for-gun-violence-victims-call-to-action-set-in-westfield-monday,,,,,,
White Plains,456 North St.,,NY,US,8/5/2019,,,,,,,Indivisible Westchester; Moms Demand Action; March for Our Lives Lower Hudson Valley,against gun violence; for gun reform,1,vigil,,,,,,1,https://patch.com/new-york/whiteplains/vigil-set-hudson-valley-gun-violence-victims,,,,,,
Austin,,,TX,US,8/6/2019,,,,,,,Indivisible Austin,support voting rights; strengthen Voting Rights Act post-Shelby,0,vigil,,,,,,1,https://www.facebook.com/events/1591314807672445/,,,,,,
Birmingham,Birmingham Crossplex,,AL,US,8/6/2019,,,,,,,Metro Birmingham chapter of the NAACP,support voting rights; strengthen Voting Rights Act post-Shelby,0,vigil,,,,,,1,https://www.al.com/news/2019/08/birmingham-naacp-holds-voting-rights-vigil-on-anniversary-of-landmark-law.html?utm_medium=social&utm_campaign=aldotcom_sf&utm_source=twitter,,,,,,
Boonville,in front of the Fairgrounds,,CA,US,8/6/2019,,,,,,,general protestors,against white supremacy; for gun reform,1,vigil,,,,,,1,https://actionnetwork.org/event_campaigns/elpasofirme-a-call-to-action-against-white-supremacy?ms=20190805_elpaso,,,#ElPasoFirme Vigil,,,
Huntsville,,,AL,US,8/6/2019,,,,,,,general protestors,support voting rights; strengthen Voting Rights Act post-Shelby,0,vigil,,,,,,1,https://www.al.com/news/2019/08/birmingham-naacp-holds-voting-rights-vigil-on-anniversary-of-landmark-law.html?utm_medium=social&utm_campaign=aldotcom_sf&utm_source=twitter,,,,,,
Las Vegas,,,NV,US,8/6/2019,,,,,,,Progressive Leadership Alliance of Nevada; Make It Work Nevada ,support voting rights; strengthen Voting Rights Act post-Shelby,0,vigil,,,,,,1,https://twitter.com/PLANevada/status/1158441339589222400,,,,,,
Louisville,outside US sen. McConnell office; 601 W Broadway,,KY,US,8/6/2019,,,,,,,Kentucky March for Our Lives,against gun violence; for gun reform,1,vigil,,,,,,1,https://twitter.com/MFOLKentucky/status/1158253942167486464,https://twitter.com/funder/status/1158929368003043332,,,,,
Mobile,,,AL,US,8/6/2019,,,,,,,general protestors,support voting rights; strengthen Voting Rights Act post-Shelby,0,vigil,,,,,,1,https://www.al.com/news/2019/08/birmingham-naacp-holds-voting-rights-vigil-on-anniversary-of-landmark-law.html?utm_medium=social&utm_campaign=aldotcom_sf&utm_source=twitter,,,,,,
Montgomery,,,AL,US,8/6/2019,,,,,,,general protestors,support voting rights; strengthen Voting Rights Act post-Shelby,0,vigil,,,,,,1,https://www.al.com/news/2019/08/birmingham-naacp-holds-voting-rights-vigil-on-anniversary-of-landmark-law.html?utm_medium=social&utm_campaign=aldotcom_sf&utm_source=twitter,,,,,,
New Port Richey,"office of US Rep. Gus Bilirakis; 7132 Little Road,",,FL,US,8/6/2019,,,,,,,general protestors,support voting rights; strengthen Voting Rights Act post-Shelby,0,vigil,,,,,,1,https://twitter.com/02Cents0/status/1158451972648898561,,,,,,
San Francisco,at the ICE building,,CA,US,8/6/2019,,,,,,,T’ruah; Bend the Arc; J Street; the National Council of Jewish Women; local organizations,pro-refugee; pro-immigrant,1,protest,,,,,,1,https://www.truah.org/solidarity-with-immigrants-on-tisha-bav-2/,,,,,,
Seattle,El Centro De Raza,,WA,US,8/6/2019,FB: 116,116,,116,,,El Centro De Raza,against gun violence; for gun reform,0,vigil,,,,,,1,https://www.facebook.com/events/2435251986526117/,,,,,,
St. Louis,,,MO,US,8/6/2019,,,,,,,general protestors,pro-refugee; pro-immigrant,1,march,,,,,,1,https://twitter.com/JoshuaPotash/status/1158873698268528640,,,,,,
Albuquerque,First Unitarian Church of Albuquerque,,NM,US,8/7/2019,,,,,,,general protestors,against white supremacy; for gun reform,1,vigil,,,,,,1,https://actionnetwork.org/event_campaigns/elpasofirme-a-call-to-action-against-white-supremacy?ms=20190805_elpaso,,,#ElPasoFirme Vigil,,,
Asheville,Asheville Federal Building,,NC,US,8/7/2019,,,,,,,BeLoved Asheville,against white supremacy; for gun reform,1,vigil,,,,,,1,https://actionnetwork.org/event_campaigns/elpasofirme-a-call-to-action-against-white-supremacy?ms=20190805_elpaso,,,#ElPasoFirme Vigil,,,
Atlanta,intersection of Moreland Ave and Ponce de Leon.,,GA,US,8/7/2019,,,,,,,general protestors,against white supremacy; for gun reform,1,vigil,,,,,,1,https://georgiapeace.org/2019/08/06/wed-aug-7-gpjc-vigil-stand-against-white-supremacy-and-racist-terrorism/,,,#ElPasoFirme Vigil,,,
Auburn,"First Universalist Church of Auburn, Unitarian Universalist",,ME,US,8/7/2019,,,,,,,Maine Poor People's Campaign,against white supremacy; for gun reform,1,vigil,,,,,,1,https://actionnetwork.org/event_campaigns/elpasofirme-a-call-to-action-against-white-supremacy?ms=20190805_elpaso,,,#ElPasoFirme Vigil,,,
Austin,Doug Sahm Hill at Butler Metro Park,,TX,US,8/7/2019,,,,,,,general protestors,against white supremacy; for gun reform,1,vigil,,,,,,1,https://actionnetwork.org/event_campaigns/elpasofirme-a-call-to-action-against-white-supremacy?ms=20190805_elpaso,,,#ElPasoFirme Vigil,,,
Austin,Emma S. Barrientos Mexican American Cultural Center,,TX,US,8/7/2019,,,,,,,general protestors,against white supremacy; for gun reform,1,vigil,,,,,,1,https://actionnetwork.org/events/central-texas-community-vigil-for-the-el-paso-victims?referrer=referrer&rel=nofollow&source=source,,,#ElPasoFirme Vigil,,,
Brookfield,8 Corners,,IL,US,8/7/2019,,,,,,,Indivisible Brookfield,against white supremacy; for gun reform,1,vigil,,,,,,1,https://actionnetwork.org/event_campaigns/elpasofirme-a-call-to-action-against-white-supremacy?ms=20190805_elpaso,,,#ElPasoFirme Vigil,,,
Chicago,Douglas Park,,IL,US,8/7/2019,,,,,,,general protestors,against white supremacy; for gun reform,1,vigil,,,,,,,https://actionnetwork.org/events/vigil-to-honor-those-lost-in-chicago-el-paso-and-dayton?referrer=referrer&rel=nofollow&source=direct_link,,,#ElPasoFirme Vigil,,,
Chicago,Harrison Park,,IL,US,8/7/2019,,,,,,,general protestors,against white supremacy; for gun reform,1,vigil,,,,,,1,https://actionnetwork.org/event_campaigns/elpasofirme-a-call-to-action-against-white-supremacy?ms=20190805_elpaso,,,#ElPasoFirme Vigil,,,
Corpus Christi,La Retama Park,,TX,US,8/7/2019,,,,,,,general protestors,against white supremacy; for gun reform,1,vigil,,,,,,1,https://actionnetwork.org/event_campaigns/elpasofirme-a-call-to-action-against-white-supremacy?ms=20190805_elpaso,,,#ElPasoFirme Vigil,,,
Dallas,First Community Church,,TX,US,8/7/2019,,,,,,,general protestors,against white supremacy; for gun reform,1,vigil,,,,,,1,https://actionnetwork.org/event_campaigns/elpasofirme-a-call-to-action-against-white-supremacy?ms=20190805_elpaso,,,#ElPasoFirme Vigil,,,
Durham,School for Conversion parking lot,,NC,US,8/7/2019,,,,,,,general protestors,against white supremacy; for gun reform,1,vigil,,,,,,1,https://actionnetwork.org/event_campaigns/elpasofirme-a-call-to-action-against-white-supremacy?ms=20190805_elpaso,,,#ElPasoFirme Vigil,,,
El Paso,Washington Park,El Paso,TX,US,8/7/2019,,,,,,,general protestors,against white supremacy; for gun reform,1,vigil,,,,,,1,https://actionnetwork.org/event_campaigns/elpasofirme-a-call-to-action-against-white-supremacy?ms=20190805_elpaso,,,#ElPasoFirme Vigil,,,
Elmira,Wisner Park,,NY,US,8/7/2019,,,,,,,general protestors,against white supremacy; for gun reform,1,vigil,,,,,,1,https://actionnetwork.org/event_campaigns/elpasofirme-a-call-to-action-against-white-supremacy?ms=20190805_elpaso,,,#ElPasoFirme Vigil,,,
Emporia,White Park,,KS,US,8/7/2019,,,,,,,general protestors,against white supremacy; for gun reform,1,vigil,,,,,,1,https://actionnetwork.org/event_campaigns/elpasofirme-a-call-to-action-against-white-supremacy?ms=20190805_elpaso,,,#ElPasoFirme Vigil,,,
Freehold,Casa Freehold,,NJ,US,8/7/2019,,,,,,,Casa Freehold; Wind of the Spirit; New Labor; Unidad Latina en Accion; Mil Sonrisas; LAZOS,against white supremacy; for gun reform,1,vigil,,,,,,1,https://actionnetwork.org/event_campaigns/elpasofirme-a-call-to-action-against-white-supremacy?ms=20190805_elpaso,,,#ElPasoFirme Vigil,,,
Grand Junction,City Hall,,CO,US,8/7/2019,,,,,,,general protestors,against white supremacy; for gun reform,1,vigil,,,,,,1,https://actionnetwork.org/event_campaigns/elpasofirme-a-call-to-action-against-white-supremacy?ms=20190805_elpaso,,,#ElPasoFirme Vigil,,,
Greensboro,The Governmental Plaza,,NC,US,8/7/2019,,,,,,,general protestors,against white supremacy; for gun reform,1,vigil,,,,,,1,https://actionnetwork.org/event_campaigns/elpasofirme-a-call-to-action-against-white-supremacy?ms=20190805_elpaso,,,#ElPasoFirme Vigil,,,
Harrisburg,Capitol,,PA,US,8/7/2019,,,,,,,general protestors,support gun reform,1,rally,,,,,,1,https://twitter.com/GovernorTomWolf/status/1159215210730807296,,,,,,
Hartford,in front of DEEP offices; Elm Street,,CT,US,8/7/2019,,,,,,,Sierra Club Connecticut chapter,against gas plant in Killingly,0,protest,,,,,,1,https://www.facebook.com/events/644390956059830/,,,,,,
Hempstead,Hempstead TPS Committee and Workplace Project,,NY,US,8/7/2019,,,,,,,Hempstead TPS Committee; Workplace Project,against white supremacy; for gun reform,1,vigil,,,,,,1,https://actionnetwork.org/event_campaigns/elpasofirme-a-call-to-action-against-white-supremacy?ms=20190805_elpaso,,,#ElPasoFirme Vigil,,,
Houston,City Hall,,TX,US,8/7/2019,,,,,,,general protestors,against white supremacy; for gun reform,1,vigil,,,,,,1,https://actionnetwork.org/event_campaigns/elpasofirme-a-call-to-action-against-white-supremacy?ms=20190805_elpaso,,,#ElPasoFirme Vigil,,,
Longmont,6th and Main,,CO,US,8/7/2019,,,,,,,general protestors,against white supremacy; for gun reform,1,vigil,,,,,,1,https://actionnetwork.org/event_campaigns/elpasofirme-a-call-to-action-against-white-supremacy?ms=20190805_elpaso,,,#ElPasoFirme Vigil,,,
Los Angeles,Hall of Justice,Los Angeles,CA,US,8/7/2019,,,,,,,Black Lives Matter LA,"against police brutality, for police accountability, Black Lives Matter, against District Attorney Jackie Lacey",1,protest,,,,,1,1,https://www.cnn.com/2020/07/10/us/jackie-lacey-la-da-black-lives-matter/index.html,https://www.newyorker.com/magazine/2020/11/16/after-years-of-protests-every-wednesday-la-activists-welcome-a-new-da,,,,,
McAllen,Archer Park,,TX,US,8/7/2019,,,,,,,La Union del Pueblo Entero,against white supremacy; for gun reform,1,vigil,,,,,,1,https://actionnetwork.org/event_campaigns/elpasofirme-a-call-to-action-against-white-supremacy?ms=20190805_elpaso,,,#ElPasoFirme Vigil,,,
Memphis,Church of the River,,TN,US,8/7/2019,,,,,,,general protestors,against white supremacy; for gun reform,1,vigil,,,,,,1,https://actionnetwork.org/event_campaigns/elpasofirme-a-call-to-action-against-white-supremacy?ms=20190805_elpaso,,,#ElPasoFirme Vigil,,,
Morristown,Wind of the Spirit,,NJ,US,8/7/2019,,,,,,,Casa Freehold; Wind of the Spirit; New Labor; Unidad Latina en Accion; Mil Sonrisas; LAZOS,against white supremacy; for gun reform,1,vigil,,,,,,1,https://actionnetwork.org/event_campaigns/elpasofirme-a-call-to-action-against-white-supremacy?ms=20190805_elpaso,,,#ElPasoFirme Vigil,,,
Mount Prospect,Corner of NW Hwy & Main ,,IL,US,8/7/2019,,,,,,,general protestors,against white supremacy; for gun reform,1,vigil,,,,,,1,https://actionnetwork.org/event_campaigns/elpasofirme-a-call-to-action-against-white-supremacy?ms=20190805_elpaso,,,#ElPasoFirme Vigil,,,
New Brunswick,78 Bayard St,,NJ,US,8/7/2019,,,,,,,Casa Freehold; Wind of the Spirit; New Labor; Unidad Latina en Accion; Mil Sonrisas; LAZOS,against white supremacy; for gun reform,1,vigil,,,,,,1,https://actionnetwork.org/event_campaigns/elpasofirme-a-call-to-action-against-white-supremacy?ms=20190805_elpaso,,,#ElPasoFirme Vigil,,,
New York,City Hall,,NY,US,8/7/2019,,,,,,,Communities United for Police Reform,demand firing of NYPD officers involved in death of Eric Garner,0,protest,,,,,,1,https://twitter.com/changethenypd/status/1159137701146374149,,,,,,
Oakland,Plaza de la Fuente,,CA,US,8/7/2019,,,,,,,"BAMN-- Coalition to Defend Affirmative Action, Integration, and Immigrant Rights and Fight for Equality By Any Means Necessary",against white supremacy; for gun reform,1,vigil,,,,,,1,https://actionnetwork.org/event_campaigns/elpasofirme-a-call-to-action-against-white-supremacy?ms=20190805_elpaso,,,#ElPasoFirme Vigil,,,
Pasadena,Villa Park Community Center,,CA,US,8/7/2019,,,,,,,general protestors,against white supremacy; for gun reform,1,vigil,,,,,,1,https://actionnetwork.org/event_campaigns/elpasofirme-a-call-to-action-against-white-supremacy?ms=20190805_elpaso,,,#ElPasoFirme Vigil,,,
Pomona,,,CA,US,8/7/2019,,,,,,,general protestors,against white supremacy; for gun reform,1,vigil,,,,,,1,https://actionnetwork.org/event_campaigns/elpasofirme-a-call-to-action-against-white-supremacy?ms=20190805_elpaso,,,#ElPasoFirme Vigil,,,
Portland,outside US Sen. Jeff Merkley's office; 121 SW Salmon St,,OR,US,8/7/2019,,,,,,,general protestors,against white supremacy; for gun reform,1,vigil,,,,,,1,https://actionnetwork.org/event_campaigns/elpasofirme-a-call-to-action-against-white-supremacy?ms=20190805_elpaso,,,#ElPasoFirme Vigil,,,
Riverside,,,CA,US,8/7/2019,,,,,,,general protestors,against white supremacy; for gun reform,1,vigil,,,,,,1,https://actionnetwork.org/event_campaigns/elpasofirme-a-call-to-action-against-white-supremacy?ms=20190805_elpaso,,,#ElPasoFirme Vigil,,,
San Antonio,,,TX,US,8/7/2019,,,,,,,general protestors,against white supremacy; for gun reform,1,vigil,,,,,,1,https://actionnetwork.org/event_campaigns/elpasofirme-a-call-to-action-against-white-supremacy?ms=20190805_elpaso,,,#ElPasoFirme Vigil,,,
San Francisco,,,CA,US,8/7/2019,,,,,,,general protestors,against white supremacy; for gun reform,1,vigil,,,,,,1,https://actionnetwork.org/event_campaigns/elpasofirme-a-call-to-action-against-white-supremacy?ms=20190805_elpaso,,,#ElPasoFirme Vigil,,,
Santa Barbara,,,CA,US,8/7/2019,,,,,,,general protestors,against white supremacy; for gun reform,1,vigil,,,,,,1,https://actionnetwork.org/event_campaigns/elpasofirme-a-call-to-action-against-white-supremacy?ms=20190805_elpaso,,,#ElPasoFirme Vigil,,,
Seattle,Casa Latina; 317 17th Avenue South,,WA,US,8/7/2019,,,,,,,Casa Latina,against white supremacy; for gun reform,1,vigil,,,,,,1,https://actionnetwork.org/event_campaigns/elpasofirme-a-call-to-action-against-white-supremacy?ms=20190805_elpaso,,,#ElPasoFirme Vigil,,,
Seattle,Beacon Hill Light Rail Station,,WA,US,8/7/2019,,,,,,,general protestors,against white supremacy; for gun reform,1,vigil,,,,,,1,https://actionnetwork.org/event_campaigns/elpasofirme-a-call-to-action-against-white-supremacy?ms=20190805_elpaso,,,#ElPasoFirme Vigil,,,
Seattle,Delridge Community Center,,WA,US,8/7/2019,,,,,,,West Seattle Mamas Mobilize,against white supremacy; for gun reform,1,vigil,,,,,,1,https://www.facebook.com/events/349186072638209/,,,#ElPasoFirme Vigil,,,
Sherman,,,TX,US,8/7/2019,,,,,,,general protestors,against white supremacy; for gun reform,1,vigil,,,,,,1,https://actionnetwork.org/event_campaigns/elpasofirme-a-call-to-action-against-white-supremacy?ms=20190805_elpaso,,,#ElPasoFirme Vigil,,,
Sierra Madre,,,CA,US,8/7/2019,,,,,,,general protestors,against white supremacy; for gun reform,1,vigil,,,,,,1,https://actionnetwork.org/event_campaigns/elpasofirme-a-call-to-action-against-white-supremacy?ms=20190805_elpaso,,,#ElPasoFirme Vigil,,,
Silver City,,,NM,US,8/7/2019,,,,,,,general protestors,against white supremacy; for gun reform,1,vigil,,,,,,1,https://actionnetwork.org/event_campaigns/elpasofirme-a-call-to-action-against-white-supremacy?ms=20190805_elpaso,,,#ElPasoFirme Vigil,,,
Tucson,,,AZ,US,8/7/2019,,,,,,,general protestors,against white supremacy; for gun reform,1,vigil,,,,,,1,https://actionnetwork.org/event_campaigns/elpasofirme-a-call-to-action-against-white-supremacy?ms=20190805_elpaso,,,#ElPasoFirme Vigil,,,
Waco,Heritage Square,,TX,US,8/7/2019,,,,,,,Waco Immigrants Alliance,against white supremacy; for gun reform,1,vigil,,,,,,1,https://actionnetwork.org/event_campaigns/elpasofirme-a-call-to-action-against-white-supremacy?ms=20190805_elpaso,,,#ElPasoFirme Vigil,,,
Wheeling,Independence Hall,,WV,US,8/7/2019,,,,,,,general protestors,against white supremacy; for gun reform,1,vigil,,,,,,1,https://actionnetwork.org/event_campaigns/elpasofirme-a-call-to-action-against-white-supremacy?ms=20190805_elpaso,,,#ElPasoFirme Vigil,,,
Andover,Shawsheen intersection; North main st,,MA,US,8/8/2019,,,,,,,general protestors,against white supremacy; for gun reform,1,vigil,,,,,,1,https://actionnetwork.org/event_campaigns/elpasofirme-a-call-to-action-against-white-supremacy?ms=20190805_elpaso,,,#ElPasoFirme Vigil,,,
Boston,statehouse,,MA,US,8/8/2019,,,,,,,general protestors,against white supremacy; for gun reform,1,vigil,,,,,,1,https://actionnetwork.org/event_campaigns/elpasofirme-a-call-to-action-against-white-supremacy?ms=20190805_elpaso,,,#ElPasoFirme Vigil,,,
Glens Falls,"Crandall Library Park, 251 Glen St.",,NY,US,8/8/2019,about 100,100,,100,,,T’ruah; Bend the Arc; J Street; the National Council of Jewish Women; local organizations,pro-refugee; pro-immigrant,1,protest,,,,,,1,https://www.truah.org/solidarity-with-immigrants-on-tisha-bav-2/,https://twitter.com/billmckibben/status/1159501367616167937,,,,,
Lexington,courthouse plaza,,KY,US,8/8/2019,,,,,,,Moms Demand Action,against gun violence; for gun reform,1,vigil,,,,,,1,https://www.kentucky.com/opinion/article233536412.html,,,,,,
Milwaukee,ICE Building,,WI,US,8/8/2019,hundreds,100,,100,,,Evangelical Lutheran Church in America; Voces de La Frontera,against immigrant detention camps; anti-ICE,1,vigil; protest; march,0,0,0,0,1,1,https://www.dailykos.com/stories/2019/8/8/1877700/--This-is-what-the-love-of-God-looks-like-Hundreds-of-Lutherans-allies-protest-outside-ICE-office,,,,,,
Mount Desert,Northeast Harbor,,ME,US,8/8/2019,count video,14,,16,,,Indivisible MDI,"against Senator Susan Collins, against Leonard Leo, against the Federalist Society, against corruption, for women's rights",1,protest,,,,,1,1,https://mainebeacon.com/collins-attends-fundraiser-at-4m-mansion-of-nations-leading-anti-choice-judicial-activist/,,,,,,
New York,8th Ave at 40 St,,NY,US,8/8/2019,,,,,,,NYC Free Assange,support freeing Assange and Manning ,0,vigil,,,,,,1,https://twitter.com/NYCFreeAssange/status/1159068906688065536,,,,,,
Norwalk,city hall,,CT,US,8/8/2019,,,,,,,Moms Demand Action,against gun violence; for gun reform,1,protest,,,,,,1,https://act.everytown.org/event/moms-demand-action-event/24789/signup/?source=&akid=&zip=,,,,,,
Seattle,1000 2nd Ave,,WA,US,8/8/2019,FB: 402,402,,402,,,Never Again Action,against immigrant detention camps; anti-ICE,1,protest,,,,,,,https://www.facebook.com/events/downtown-seattle/seattle-says-neveragainisnow/754814674921317/,,,,,,
Austin,,,TX,US,8/10/2019,thousands,2000,,2000,,,general protestors,pro-LGBTQ,1,demonstration,,,,,,1,https://www.kxan.com/news/photos-austin-pride-parade-2019/,,,Austin Pride parade,,,
Durham,SEEDS,,NC,US,8/10/2019,FB: 27,27,,27,,,Carolina Jews for Justice; Migrant Roots Media,pro-refugee; pro-immigrant,1,protest,,,,,,1,https://www.truah.org/solidarity-with-immigrants-on-tisha-bav-2/,https://www.facebook.com/events/2174979522799691/?,,,,,
Kenosha,,,WI,US,8/10/2019,,,,,,,T’ruah; Bend the Arc; J Street; the National Council of Jewish Women; local organizations,pro-refugee; pro-immigrant,1,protest,,,,,,1,https://www.truah.org/solidarity-with-immigrants-on-tisha-bav-2/,,,,,,
Kingston,,,NY,US,8/10/2019,,,,,,,T’ruah; Bend the Arc; J Street; the National Council of Jewish Women; local organizations,pro-refugee; pro-immigrant,1,protest,,,,,,1,https://www.truah.org/solidarity-with-immigrants-on-tisha-bav-2/,,,,,,
Kirkland,,,WA,US,8/10/2019,,,,,,,T’ruah; Bend the Arc; J Street; the National Council of Jewish Women; local organizations,pro-refugee; pro-immigrant,1,protest,,,,,,1,https://www.truah.org/solidarity-with-immigrants-on-tisha-bav-2/,,,,,,
Portland,,,OR,US,8/10/2019,,,,,,,T’ruah; Bend the Arc; J Street; the National Council of Jewish Women; local organizations,pro-refugee; pro-immigrant,1,protest,,,,,,1,https://www.truah.org/solidarity-with-immigrants-on-tisha-bav-2/,,,,,,
Adelanto,,,CA,US,8/10/2019,,,,,,,T’ruah; Bend the Arc; J Street; the National Council of Jewish Women; local organizations,pro-refugee; pro-immigrant,1,protest,,,,,,1,https://www.truah.org/solidarity-with-immigrants-on-tisha-bav-2/,,,,,,
Marysville,,,CA,US,8/10/2019,,,,,,,T’ruah; Bend the Arc; J Street; the National Council of Jewish Women; local organizations,pro-refugee; pro-immigrant,1,protest,,,,,,1,https://www.truah.org/solidarity-with-immigrants-on-tisha-bav-2/,,,,,,
West Valley City,outside ICE field office,,UT,US,8/10/2019,,,,,,,T’ruah; Bend the Arc; J Street; the National Council of Jewish Women; local organizations,pro-refugee; pro-immigrant,1,protest,0,0,0,0,1,1,https://www.truah.org/solidarity-with-immigrants-on-tisha-bav-2/,https://kutv.com/news/local/utahs-jewish-community-rallies-at-ice-field-office-opposing-trumps-immigration-reform,,,,,
Tucson,Cesar Chavez Park,,AZ,US,8/10/2019,,,,,,,Jewish Voice for Peace-Tucson chapter.,pro-refugee; pro-immigrant,1,protest,,,,,,1,https://www.truah.org/solidarity-with-immigrants-on-tisha-bav-2/,,,,,,
Albuquerque,Jewish Community Center,,NM,US,8/11/2019,,,,,,,T’ruah; Bend the Arc; J Street; the National Council of Jewish Women; local organizations,pro-refugee; pro-immigrant,1,protest,,,,,,1,https://www.truah.org/solidarity-with-immigrants-on-tisha-bav-2/,,,,,,
Asheville,Beth Israel Synagogue,,NC,US,8/11/2019,,,,,,,T’ruah; Bend the Arc; J Street; the National Council of Jewish Women; local organizations,pro-refugee; pro-immigrant,1,protest,,,,,,1,https://www.facebook.com/events/461338614707568/,,,,,,
Aurora,"Aurora Detention Center, 3130 North Oakland Street",,CO,US,8/11/2019,,,,,,,Moral Minyan Colorado; Congregation Bonai Shalom; Congregation Rodef Shalom,pro-refugee; pro-immigrant,1,protest,,,,,,1,https://www.truah.org/solidarity-with-immigrants-on-tisha-bav-2/,,,,,,
Austin,"Congregation Agudas Achim, 7300 Hart Ln",,TX,US,8/11/2019,,,,,,,T’ruah; Bend the Arc; J Street; the National Council of Jewish Women; local organizations,pro-refugee; pro-immigrant,1,protest,,,,,,1,https://www.truah.org/solidarity-with-immigrants-on-tisha-bav-2/,,,,,,
Baltimore,Howard County Detention Center,,MD,US,8/11/2019,hundreds,200,,200,,,T’ruah; Bend the Arc; J Street; the National Council of Jewish Women; local organizations,pro-refugee; pro-immigrant,1,protest,,,,,,1,https://www.truah.org/solidarity-with-immigrants-on-tisha-bav-2/,https://twitter.com/truahrabbis/status/1160680951636275201,https://twitter.com/jewishaction/status/1160977937237233666,,,,
Beachwood,"Suburban Temple- Kol Ami, 22401 Chagrin Blvd",,OH,US,8/11/2019,over 400,400,,400,,,T’ruah; Bend the Arc; J Street; the National Council of Jewish Women; local organizations,pro-refugee; pro-immigrant,1,protest,,,,,,1,https://www.truah.org/solidarity-with-immigrants-on-tisha-bav-2/,https://twitter.com/truahrabbis/status/1160653070558212098,,Cleveland,,,
Boston,JFK Federal Bldg,,MA,US,8/11/2019,hundreds,200,,200,,,Boston Area Rabbis,pro-refugee; pro-immigrant,1,protest,,,,,,1,https://www.truah.org/solidarity-with-immigrants-on-tisha-bav-2/,https://www.facebook.com/events/345956122972240/,https://www.bostonglobe.com/metro/2019/08/11/jewish-groups-lament-immigration-crisis-boston-protest/5J08Wwzx8Onxnfqlat4XcO/story.html?fbclid=IwAR1vI6uoLzRLxxV74iDS50JBCIjPBaO8ATsYEF9XAWkZS5p0o0IezNBIHr4,,,,
Charlotte,Marshall Park,,NC,US,8/11/2019,,,,,,,Carolina Jews for Justice - Greater Charlotte; Stan Greenspon Center for Peace and Social Justice; Temple Beth El,pro-refugee; pro-immigrant,1,protest,,,,,,1,https://www.truah.org/solidarity-with-immigrants-on-tisha-bav-2/,,,,,,
Columbus,Scioto Greenway just below the Broad Street Bridge (near the corner of Broad and Civic Center Drive),,OH,US,8/11/2019,,,,,,,Kehilat Sukkat Shalom; Holding the Fringes,pro-refugee; pro-immigrant,1,protest,,,,,,1,https://www.truah.org/solidarity-with-immigrants-on-tisha-bav-2/,,,,,,
Dallas,"Temple Shalom Dallas, 6930 Alpha Rd,",,TX,US,8/11/2019,,,,,,,Temple Shalom Dallas; the RAC – TX,pro-refugee; pro-immigrant,,info session,,,,,,0,https://www.truah.org/solidarity-with-immigrants-on-tisha-bav-2/,,,info session,,,
Des Moines,"West Side of Capitol building, 1007 E Grand Ave",,IA,US,8/11/2019,,,,,,,T’ruah; Bend the Arc; J Street; the National Council of Jewish Women; local organizations,pro-refugee; pro-immigrant,1,protest,,,,,,1,https://www.truah.org/solidarity-with-immigrants-on-tisha-bav-2/,,,,,,
Douglaston,,,NY,US,8/11/2019,,,,,,,T’ruah; Bend the Arc; J Street; the National Council of Jewish Women; local organizations,pro-refugee; pro-immigrant,1,protest,,,,,,1,https://www.truah.org/solidarity-with-immigrants-on-tisha-bav-2/,,,,,,
Elizabeth,"Elizabeth Detention Center, 625 Evans St",,NJ,US,8/11/2019,,,,,,,Torah Trumps Hate,pro-refugee; pro-immigrant,1,protest,,,,,,1,https://www.truah.org/solidarity-with-immigrants-on-tisha-bav-2/,,,,,,
Elk River,outside the Sherburne County Jail,,MN,US,8/11/2019,hundreds,200,,200,,,T’ruah; Bend the Arc; J Street; the National Council of Jewish Women; local organizations,pro-refugee; pro-immigrant,1,protest,,,,,,1,https://www.truah.org/solidarity-with-immigrants-on-tisha-bav-2/,https://twitter.com/jewishaction/status/1160977935765037056,,,,,
Grand Rapids,,,MI,US,8/11/2019,,,,,,,T’ruah; Bend the Arc; J Street; the National Council of Jewish Women; local organizations,pro-refugee; pro-immigrant,1,protest,,,,,,1,https://www.truah.org/solidarity-with-immigrants-on-tisha-bav-2/,,,,,,
Greenfield,,,MA,US,8/11/2019,,,,,,,T’ruah; Bend the Arc; J Street; the National Council of Jewish Women; local organizations,pro-refugee; pro-immigrant,1,protest,,,,,,1,https://www.truah.org/solidarity-with-immigrants-on-tisha-bav-2/,,,,,,
Kankakee,"Jerome Combs Detention Facility, 3050 S Justice Way",,IL,US,8/11/2019,hundreds; more than 250,200,,250,,,T’ruah; Bend the Arc; J Street; the National Council of Jewish Women; local organizations,pro-refugee; pro-immigrant,1,protest,,,,,,1,https://www.truah.org/solidarity-with-immigrants-on-tisha-bav-2/,https://twitter.com/jewishaction/status/1160747159605719042,https://twitter.com/JCUA_News/status/1160694752158900225,,,,
Los Angeles,downtown; Metropolitan Detention Center,,CA,US,8/11/2019,hundreds ,200,,200,,,T’ruah; Bend the Arc; J Street; the National Council of Jewish Women; local organizations,pro-refugee; pro-immigrant,1,protest,,,,,,1,https://www.truah.org/solidarity-with-immigrants-on-tisha-bav-2/,https://ktla.com/2019/08/11/immigration-rights-advocates-gather-at-close-the-camp-rally-in-downtown-l-a/,https://jewishjournal.com/online/302874/jewish-groups-denounce-u-s-immigration-policies-at-tisha-bav-rally/,,,,
Los Angeles,downtown,,CA,US,8/11/2019,na,2,,2,,,general protestors,pro-ICE,2,counter-protest,,,,,,1,https://ktla.com/2019/08/11/immigration-rights-advocates-gather-at-close-the-camp-rally-in-downtown-l-a/,,,,,,
Miami,North Miami MOCA,,FL,US,8/11/2019,,,,,,,T’ruah; Bend the Arc; J Street; the National Council of Jewish Women; local organizations,pro-refugee; pro-immigrant,1,protest,,,,,,1,https://www.truah.org/solidarity-with-immigrants-on-tisha-bav-2/,http://bigeducationape.blogspot.com/2019/08/enrique-baloyra-at-closethecamps-rally.html,,,,,
New York,"Amazon store; Congregation Beit Simchat Torah, 130 W. 30th St., New York",,NY,US,8/11/2019,around 1000,1000,,1000,,,T’ruah; Bend the Arc; J Street; the National Council of Jewish Women; local organizations,pro-refugee; pro-immigrant,1,protest,44,0,0,0,1,1,https://www.truah.org/solidarity-with-immigrants-on-tisha-bav-2/,https://pix11.com/2019/08/11/44-protestors-arrested-during-immigration-rally-in-manhattan/,https://gizmodo.com/dozens-arrested-at-jewsagainstice-protest-at-amazon-st-1837156701,civil dis,,,
New York,"Queens; 171-39 Northern Blvd., Flushing",,NY,US,8/11/2019,,,,,,,T’ruah; Bend the Arc; J Street; the National Council of Jewish Women; local organizations,pro-refugee; pro-immigrant,1,protest,,,,,,1,https://www.truah.org/solidarity-with-immigrants-on-tisha-bav-2/,,,,,,
Newark,outside ICE Office 972 Broad St,,NJ,US,8/11/2019,,,,,,,T’ruah; Bend the Arc; J Street; the National Council of Jewish Women; local organizations,pro-refugee; pro-immigrant,1,protest,,,,,,1,https://www.truah.org/solidarity-with-immigrants-on-tisha-bav-2/,https://twitter.com/NPatriot2/status/1160601595752656897,,,,,
Palo Alto,,,CA,US,8/11/2019,,,,,,,T’ruah; Bend the Arc; J Street; the National Council of Jewish Women; local organizations,pro-refugee; pro-immigrant,1,protest,,,,,,1,https://www.truah.org/solidarity-with-immigrants-on-tisha-bav-2/,,,,,,
Philadelphia,,,PA,US,8/11/2019,hundreds,200,,200,,,T’ruah; Bend the Arc; J Street; the National Council of Jewish Women; local organizations,pro-refugee; pro-immigrant,1,protest,,,,,,1,https://www.truah.org/solidarity-with-immigrants-on-tisha-bav-2/,https://twitter.com/jewishaction/status/1160977938671710220,,,,,
Phoenix,,,AZ,US,8/11/2019,,,,,,,T’ruah; Bend the Arc; J Street; the National Council of Jewish Women; local organizations,pro-refugee; pro-immigrant,1,protest,,,,,,1,https://www.truah.org/solidarity-with-immigrants-on-tisha-bav-2/,,,,,,
Pittsburgh,at ICE’s Pittsburgh field office on the South Side; Sidney Street,,PA,US,8/11/2019,about 100,100,,100,,,T’ruah; Bend the Arc; J Street; the National Council of Jewish Women; local organizations,pro-refugee; pro-immigrant,1,protest,0,0,0,0,1,1,https://www.truah.org/solidarity-with-immigrants-on-tisha-bav-2/,https://www.wesa.fm/post/jewish-day-remembrance-protestors-decry-immigration-policy#stream/0,,,,,
Raleigh,,,NC,US,8/11/2019,,,,,,,T’ruah; Bend the Arc; J Street; the National Council of Jewish Women; local organizations,pro-refugee; pro-immigrant,1,protest,,,,,,1,https://www.truah.org/solidarity-with-immigrants-on-tisha-bav-2/,,,,,,
Richmond,,,VA,US,8/11/2019,,,,,,,T’ruah; Bend the Arc; J Street; the National Council of Jewish Women; local organizations,pro-refugee; pro-immigrant,1,protest,,,,,,1,https://www.truah.org/solidarity-with-immigrants-on-tisha-bav-2/,,,,,,
San Diego,,,CA,US,8/11/2019,,,,,,,T’ruah; Bend the Arc; J Street; the National Council of Jewish Women; local organizations,pro-refugee; pro-immigrant,1,protest,,,,,,1,https://www.truah.org/solidarity-with-immigrants-on-tisha-bav-2/,,,,,,
Santa Ana,,,CA,US,8/11/2019,,,,,,,T’ruah; Bend the Arc; J Street; the National Council of Jewish Women; local organizations,pro-refugee; pro-immigrant,1,protest,,,,,,1,https://www.truah.org/solidarity-with-immigrants-on-tisha-bav-2/,,,,,,
Seattle,,,WA,US,8/11/2019,,,,,,,T’ruah; Bend the Arc; J Street; the National Council of Jewish Women; local organizations,pro-refugee; pro-immigrant,1,protest,,,,,,1,https://www.truah.org/solidarity-with-immigrants-on-tisha-bav-2/,,,,,,
South Bend,,,IN,US,8/11/2019,,,,,,,T’ruah; Bend the Arc; J Street; the National Council of Jewish Women; local organizations,pro-refugee; pro-immigrant,1,protest,,,,,,1,https://www.truah.org/solidarity-with-immigrants-on-tisha-bav-2/,,,,,,
Spokane,,,WA,US,8/11/2019,about 120,120,,120,,,Moms Demand Action; Students Demand Action,against gun violence; for gun reform,1,vigil,0,0,0,0,1,1,https://www.spokesman.com/stories/2019/aug/11/spokane-student-parent-groups-hold-vigil-for-victi/?,,,,,,
Saint Louis,,,MO,US,8/11/2019,,,,,,,T’ruah; Bend the Arc; J Street; the National Council of Jewish Women; local organizations,pro-refugee; pro-immigrant,1,protest,,,,,,1,https://www.truah.org/solidarity-with-immigrants-on-tisha-bav-2/,https://twitter.com/truahrabbis/status/1160658581815009280,,,,,
Syracuse,outside of the ICE office on South Salina Street,,NY,US,8/11/2019,count pic,51,,51,,,T’ruah; Bend the Arc; J Street; the National Council of Jewish Women; local organizations,pro-refugee; pro-immigrant,1,protest,0,0,0,0,1,1,https://www.truah.org/solidarity-with-immigrants-on-tisha-bav-2/,https://twitter.com/zmfield/status/1160675371769061381,https://cnycentral.com/news/local/local-jewish-organizations-demand-for-immigration-detention-centers-to-close,https://twitter.com/IndivisibleNY24/status/1160674190816686080,,,
Tacoma,Tollefson Plaza,,WA,US,8/11/2019,count video,15,,20,,,Proud Boys,"for President Trump, for patriotism, for freedom, for white supremacy",2,rally,,,,,1,1,https://twitter.com/TACAGAINSTNAZIS/status/1160790248319664128,https://psjbgc.org/blog/fascism-is-not-welcome-in-tacoma/,https://twitter.com/ForksFlash/status/1160734083476934660,,https://twitter.com/TACAGAINSTNAZIS/status/1160665579864260608,https://twitter.com/TACAGAINSTNAZIS/status/1160661349938020353,https://twitter.com/TACAGAINSTNAZIS/status/1160660496111898625
Tacoma,Tollefson Plaza,,WA,US,8/11/2019,count video,50,,60,,,Tacoma Against Nazis; Destiny City Antifa; Tacoma Clinic Defense; Puget Sound John Brown Gun Club,"against fascism, against white supremacy",1,counter-protest,,,,,0,1,https://twitter.com/TACAGAINSTNAZIS/status/1160790248319664128,https://psjbgc.org/blog/fascism-is-not-welcome-in-tacoma/,https://twitter.com/ForksFlash/status/1160734083476934660,,https://twitter.com/TACAGAINSTNAZIS/status/1160665579864260608,https://twitter.com/TACAGAINSTNAZIS/status/1160661349938020353,https://twitter.com/TACAGAINSTNAZIS/status/1160660496111898625
Washington,Lafayette Park,,DC,US,8/11/2019,more than 250,250,,250,,,T’ruah; Bend the Arc; J Street; the National Council of Jewish Women; local organizations,pro-refugee; pro-immigrant,1,protest,,,,,,1,https://www.truah.org/solidarity-with-immigrants-on-tisha-bav-2/,https://www.washingtonpost.com/local/immigration/in-dc-new-york-and-beyond-jews-mark-annual-day-of-mourning-by-protesting-trump-immigration-policies/2019/08/11/16975ec2-bc70-11e9-b873-63ace636af08_story.html,,,,,
Wilmington,,,NC,US,8/11/2019,,,,,,,T’ruah; Bend the Arc; J Street; the National Council of Jewish Women; local organizations,pro-refugee; pro-immigrant,1,protest,,,,,,1,https://www.truah.org/solidarity-with-immigrants-on-tisha-bav-2/,,,,,,
Boca Raton,4955 Technology Way; GEO Group,,FL,US,8/12/2019,,,,,,,Never Again Action South Florida,pro-refugee; pro-immigrant,1,protest,,,,,,1,https://www.truah.org/solidarity-with-immigrants-on-tisha-bav-2/,https://www.miaminewtimes.com/news/jewish-activists-plan-anti-ice-protest-outside-geo-group-headquarters-in-boca-raton-11239299,https://twitter.com/cinefeminism/status/1160967691408044032,,,,
Houston,Southwest Key facility,,TX,US,8/12/2019,na; dozens,24,,100,,,Never Again Houston,pro-refugee; pro-immigrant,1,protest,5,0,0,0,1,1,https://www.truah.org/solidarity-with-immigrants-on-tisha-bav-2/,https://twitter.com/NeverAgainActn/status/1161071485139771392,https://twitter.com/NeverAgainActn/status/1161073385142718464,civil dis,,,
San Jose,,,CA,US,8/12/2019,,,,,,,T’ruah; Bend the Arc; J Street; the National Council of Jewish Women; local organizations,pro-refugee; pro-immigrant,1,protest,,,,,,1,https://www.truah.org/solidarity-with-immigrants-on-tisha-bav-2/,,,,,,
Ann Arbor,,Washtenaw,MI,US,8/13/2019,,,,,,,T’ruah; Bend the Arc; J Street; the National Council of Jewish Women; local organizations,pro-refugee; pro-immigrant,1,protest,,,,,,1,https://www.truah.org/solidarity-with-immigrants-on-tisha-bav-2/,,,,,,
Dearborn,police department,Wayne,MI,US,8/13/2019,,,,,,,Detroit Jews for Justice; Bend the Arc; CAIR-MI,pro-refugee; pro-immigrant,1,protest,,,,,,1,https://www.truah.org/solidarity-with-immigrants-on-tisha-bav-2/,,,,,,
Saint Paul,"Bishop Henry Whipple Building, 1 Federal Dr",Ramsey,MN,US,8/13/2019,,,,,,,Interfaith Coalition on Immigration; St. Joan of Arc Catholic Community,"in solidarity with migrant detainees, against inhumane detention practices",1,vigil,,,,,1,1,https://mnicom.org/programs/vigils/,https://mnicom.org/2019/08/02/august-vigil/,,second Tuesday of every month,,,
Central Falls,Wyatt Detention Center,Providence,RI,US,8/14/2019,hundreds,200,,200,,,Never Again Action RI,pro-refugee; pro-immigrant,1,protest,0,2,0,0,1,1,https://www.truah.org/solidarity-with-immigrants-on-tisha-bav-2/,https://jewishweek.timesofisrael.com/truck-rams-into-jewish-protesters-in-rhode-island/,https://upriseri.com/2019-08-15-wyatt-01/,exact number of injured from truck into crowd is not certain,,,
Los Angeles,Hall of Justice,Los Angeles,CA,US,8/14/2019,,,,,,,Black Lives Matter LA,"against police brutality, for police accountability, Black Lives Matter, against District Attorney Jackie Lacey",1,protest,,,,,1,1,https://www.cnn.com/2020/07/10/us/jackie-lacey-la-da-black-lives-matter/index.html,https://www.newyorker.com/magazine/2020/11/16/after-years-of-protests-every-wednesday-la-activists-welcome-a-new-da,,,,,
San Diego,Board of Education; County of Education,San Diego,CA,US,8/14/2019,FB:,,,,,,Herut California,education; against curriculum proposal,0,protest,,,,,,1,https://www.facebook.com/events/1089945264550105/,,,,,,
Manchester,Southern New Hampshire University Arena,Hillsborough,NH,US,8/15/2019,thousands; just over 11500 plus at least 8000,2000,,19500,,,Trump campaign,for President Trump,2,rally,,,,,,1,https://www.wmur.com/article/trump-supporters-protesters-gather-in-manchester-for-rally/28714829,https://www.dailymail.co.uk/news/article-7365155/Fire-marshal-says-Donald-Trump-DID-smash-Elton-Johns-attendance-record-New-Hampshire-arena.html,,feat. President Trump,,,
Manchester,outside Southern New Hampshire University Arena,Hillsborough,NH,US,8/15/2019,hundreds,200,,200,,,general protestors,anti-Trump,1,counter-protest,,,,,,1,https://www.wmur.com/article/trump-supporters-protesters-gather-in-manchester-for-rally/28714829,,,,,,
Dublin,Sawmill Rd,,OH,US,8/17/2019,around two dozen,24,,24,,,Proud Boys; Bikers for Trump,"for President Trump, for patriotism, for freedom, for white supremacy, Kekistan flag",2,demonstration,,,,,1,1,https://www.10tv.com/article/news/local/local-leaders-activists-condemn-proud-boys-walk-dublin-area-2019-sep/530-57f1a330-5777-400c-a258-ad1f18091177,https://medium.com/@lily.cunningham/fuck-proud-boys-69e6f3f6fc1,,,,,
Dublin,Sawmill Rd,,OH,US,8/17/2019,count pic,16,,20,,,general protestors,"against Proud Boys, against white supremacy, for LGBTQ+ pride, against hate, for love",1,counter-protest,,,,,0,1,https://www.10tv.com/article/news/local/local-leaders-activists-condemn-proud-boys-walk-dublin-area-2019-sep/530-57f1a330-5777-400c-a258-ad1f18091177,https://medium.com/@lily.cunningham/fuck-proud-boys-69e6f3f6fc1,,,,,
Portland,Tom McCall Waterfront Park,Multnomah,OR,US,8/17/2019,hundreds,200,,200,,,Proud Boys,"for President Trump, for patriotism, for freedom, for white supremacy, Make America Great Again, against domestic terrorism, against communism",2,rally; march,unspecified,unspecified,0,0,1,1,https://www.cbsnews.com/news/proud-boys-portland-oregon-rally-today-far-right-group-holds-protests-antifa-today-2019-08-17-live-updates/,https://en.wikipedia.org/wiki/End_Domestic_Terrorism_rally,,"13 total arrests, unclear how many from each side; 1,200 total gathered at peak, distribution unclear; at least 6 injured, distribution by side unclear; police confiscated various weapons, including bear spray and shields and poles; massive police presence including riot gear and LRAD",,,
Portland,Tom McCall Waterfront Park,Multnomah,OR,US,8/17/2019,hundreds,200,,200,,,Antifascist Action,"against fascism, against white supremacy, against President Trump, for LGBTQ+ pride",1,counter-protest,unspecified,unspecified,0,0,0,1,https://www.cbsnews.com/news/proud-boys-portland-oregon-rally-today-far-right-group-holds-protests-antifa-today-2019-08-17-live-updates/,https://en.wikipedia.org/wiki/End_Domestic_Terrorism_rally,,"13 total arrests, unclear how many from each side; 1,200 total gathered at peak, distribution unclear; at least 6 injured, distribution by side unclear; police confiscated various weapons, including bear spray and shields and poles; massive police presence including riot gear and LRAD",,,
Everett,,Snohomish,WA,US,8/18/2019,,,,,,,Moms Demand Action,against gun violence; for gun reform,1,rally,0,0,0,0,1,1,https://komonews.com/news/local/moms-demand-action-rally-in-everett-for-nationwide-red-flag-gun-laws,,,,,,
New Haven,courthouse,New Haven,CT,US,8/18/2019,,,,,,,Moms Demand Action,against gun violence; for gun reform,1,rally,,,,,,1,https://act.everytown.org/event/august-recess-2019/25158?,,,,,,
Sioux Falls,,Minnehaha,SD,US,8/18/2019,,,,,,,Moms Demand Action,against gun violence; for gun reform,1,rally,0,0,0,0,1,1,https://www.ksfy.com/content/news/Moms-Demand-Action-rally-against-gun-violence-in-South-Dakota-552969471.html,,,,,,
Nashville,down the street from an ICE field office,Davidson,TN,US,8/19/2019,several dozen,36,,36,,,Never Again Action Nashville chapter,pro-refugee; pro-immigrant; anti-ICE,1,protest,0,0,0,0,1,1,https://www.nashvillepublicradio.org/post/nashville-jews-and-immigrants-unite-protest-immigration-and-customs-enforcement#stream/0,,,,,,
Saint Paul,Macalester College,Ramsey,MN,US,8/19/2019,na; thousands; more than 10000,2000,,12000,,,Warren campaign,pro-Warren,1,rally,,,,,,1,https://twitter.com/KristenOrthman/status/1163599134307311617,http://www.fox9.com/news/presidential-candidate-elizabeth-warren-addresses-supporters-in-st-paul-minn,https://www.washingtonexaminer.com/news/campaigns/im-not-mad-elizabeth-warrens-quiet-liberal-populism-draws-12-000-in-minnesota,,,,
Farmington Hills,outside Holocaust Memorial Center ,Oakland,MI,US,8/20/2019,about 100; over 150,100,,150,,,general protestors,pro-refugee; pro-immigrant; anti-ICE,1,protest,0,0,0,0,1,1,https://m.metrotimes.com/news-hits/archives/2019/08/21/without-a-trace-of-irony-israeli-flag-waving-trump-supporting-white-supremacists-rallied-in-front-of-the-holocaust-memorial-center,https://www.freep.com/story/news/local/michigan/2019/08/20/immigration-divides-jewish-community-metro-detroit/2060648001/,,,,,
Farmington Hills,outside Holocaust Memorial Center ,Oakland,MI,US,8/20/2019,,,,,,,Conference on Jewish Affairs; Proud Boys,pro-Trump; against calling camps concentration camps,2,counter-protest,0,0,0,0,0,1,https://m.metrotimes.com/news-hits/archives/2019/08/21/without-a-trace-of-irony-israeli-flag-waving-trump-supporting-white-supremacists-rallied-in-front-of-the-holocaust-memorial-center,https://www.freep.com/story/news/local/michigan/2019/08/20/immigration-divides-jewish-community-metro-detroit/2060648001/,,,,,
West Hartford,outside town hall,Hartford,CT,US,8/20/2019,more than 100,100,,100,,,"First Church West Hartford, Metropolitan Community Church of Hartford, B’nai Tikvoh-Sholom, The Neshama Center for Lifelong Learning; the Charter Oak Cultural Center.",pro-refugee; pro-immigrant; anti-ICE,1,march; vigil,0,0,0,0,1,1,https://www.courant.com/community/west-hartford/hc-news-west-hartford-immigration-talk-vigil-20190820-ku3lqdc32fabnbn5pjntbtpacm-story.html,,,,,,
Los Angeles,Hall of Justice,Los Angeles,CA,US,8/21/2019,,,,,,,Black Lives Matter LA,"against police brutality, for police accountability, Black Lives Matter, against District Attorney Jackie Lacey",1,protest,,,,,1,1,https://www.cnn.com/2020/07/10/us/jackie-lacey-la-da-black-lives-matter/index.html,https://www.newyorker.com/magazine/2020/11/16/after-years-of-protests-every-wednesday-la-activists-welcome-a-new-da,,,,,
Miami,Torch of Friendship; 301 Biscayne Boulevard,Miami-Dade,FL,US,8/21/2019,,,,,,,SOS America2017,anti-Trump; pro-immigrant; support election integrity,1,protest,,,,,,1,https://www.sosamerica2019.com/2019/08/16/actions-on-8-21/,,,,,,
New York,Madison Square Park,New York,NY,US,8/21/2019,count video,5,,5,,,SOS America2018,anti-Trump; pro-immigrant; support election integrity,1,protest,,,,,,1,https://www.sosamerica2019.com/2019/08/16/actions-on-8-21/,https://twitter.com/JoshuaPotash/status/1164316259389005824,,,,,
San Francisco,outside the Intercontinental SF Hotel; 888 Howard St.,San Francisco,CA,US,8/21/2019,,,,,,,SOS America2019; CREDO action; Vigil for Democracy,anti-Trump; pro-immigrant; support election integrity,1,protest,,,,,,1,https://www.sosamerica2019.com/2019/08/16/actions-on-8-21/,,,,,,
Washington,Lafayette Square Park,,DC,US,8/21/2019,,,,,,,SOS America2020,anti-Trump; pro-immigrant; support election integrity,1,protest,,,,,,1,https://www.sosamerica2019.com/2019/08/16/actions-on-8-21/,,,,,,
San Francisco,past San Francisco Federal Building @ 90 7th St; ICE Building @ 630 Sansome St; City Hall @ 1 Dr. Carlton B. Goodlett Pl,San Francisco,CA,US,8/22/2019,,,,,,,SOS America2021,anti-Trump; pro-immigrant; support election integrity,1,caravan,,,,,,1,https://www.sosamerica2019.com/2019/08/16/actions-on-8-21/,,,drive to San Jose,,,
San Francisco,,San Francisco,CA,US,8/22/2019,20+,20,,20,,,Sunrise Movement,against climate change; against DNC debate decisions,0,protest,,,,,,1,https://twitter.com/sunrisebayarea/status/1164601805398929409,https://www.mercurynews.com/2019/08/22/climate-debate-democratic-national-committee-fight/,,drive to San Jose,,,
Boston,Boston City Hall to Brazilian Consultate,Suffolk,MA,US,8/24/2019,FB: 161,161,,161,,,"Ayni Institute, Sunrise Movement, Extinction Rebellion",defend the Amazon,0,march,0,0,0,0,1,1,https://www.facebook.com/events/479558722776619,,,,,,
Greenville,,Washington,MS,US,8/24/2019,,,,,,,Communication Workers of America,for a fair contract for AT&T employees,0,strike; walkout,,,,,1,1,https://www.deltanews.tv/news/at-t-local-strike/article_07844dbe-c931-11e9-a763-efd857430ac8.html,"https://en.wikipedia.org/wiki/2019_AT%26T_strike#:~:text=The%202019%20AT%26T%20strike%20was,agree%20to%20new%20employment%20contracts.",https://www.usatoday.com/story/money/2019/08/27/at-t-workers-strike-union-south/2128154001/,,,,
Greenwood,,Leflore,MS,US,8/24/2019,,,,,,,Communication Workers of America,for a fair contract for AT&T employees,0,strike; walkout,,,,,1,1,https://www.deltanews.tv/news/at-t-local-strike/article_07844dbe-c931-11e9-a763-efd857430ac8.html,"https://en.wikipedia.org/wiki/2019_AT%26T_strike#:~:text=The%202019%20AT%26T%20strike%20was,agree%20to%20new%20employment%20contracts.",https://www.usatoday.com/story/money/2019/08/27/at-t-workers-strike-union-south/2128154001/,,,,
Hillsborough,Courthouse,Orange,NC,US,8/24/2019,15,15,,15,,,Ku Klux Klan,for white supremacy,2,rally,0,0,0,0,1,1,https://twitter.com/GraigMeyer/status/1165387810888650753?s=20,,,,,,
Modesto,"Planned Parenthood-Modesto Health Center, 1431 McHenry Ave",,CA,US,8/24/2019,around 15; dozens,15,,24,,,National Straight Pride Coalition,"for straight pride, for Christian values, for Western civilization, against LGBTQ+ rights, for patriotism, for President Trump, against immigration, for white supremacy",2,demonstration,0,0,0,0,1,1,https://www.youtube.com/watch?v=PLb224y2fwY,https://www.abc10.com/article/news/local/modesto/modesto-straight-pride-event/103-f91e54c4-659b-4c09-b887-8816d2877624,https://itsgoingdown.org/modesto-straight-white-pride/,,,,
Modesto,"Enslen Park; Planned Parenthood-Modesto Health Center, 1431 McHenry Ave",,CA,US,8/24/2019,hundreds,200,,200,,,general protesters,"for LGBTQ+ rights, against homophobia, against racism, against Proud Boys, no more Nazis",1,counter-protest,0,0,0,0,0,1,https://www.youtube.com/watch?v=PLb224y2fwY,https://www.abc10.com/article/news/local/modesto/modesto-straight-pride-event/103-f91e54c4-659b-4c09-b887-8816d2877624,https://itsgoingdown.org/modesto-straight-white-pride/,,,,
Louisville,Armory Place,,KY,US,8/25/2019,,,,,,,Communication Workers of America,for a fair contract for AT&T employees,0,strike; picket,0,0,0,0,1,1,https://www.wave3.com/2019/08/26/bernie-sanders-visits-striking-att-workers-louisville/,,,,,,
Seattle,2701 Alki Ave SW,,WA,US,8/25/2019,,,,,,,Community and Labor Against Fascism; Emerald City Antifa; and the Gender Justice League; Puget Sound John Brown Gun Club,for LGBTQ+ pride,1,rally,,,,,1,1,https://westseattleblog.com/event/fifth-annual-alki-beach-lgbtqi-pride-event/,https://psjbgc.org/blog/thanks-for-an-awesome-alki-beach-pride/,,,,,
Seattle,International Fountain at Seattle Center,King,WA,US,8/25/2019,,15000,,15000,,,Warren campaign,pro-Warren,1,rally,0,0,0,0,0,1,https://twitter.com/mattmfm/status/1165748798011912193?s=20,https://thehill.com/homenews/campaign/458766-warren-says-15000-attended-her-seattle-rally,,,,,
Newark,Prudential Center,Essex,NJ,US,8/26/2019,about 200,200,,200,,,Newark Water Coalition,clean water access,0,protest,5,0,0,0,1,1,https://thehill.com/homenews/state-watch/458959-protesters-gather-outside-mtv-vmas-to-demand-clean-water-in-newark,,,,,,
Los Angeles,Hall of Justice,Los Angeles,CA,US,8/28/2019,,,,,,,Black Lives Matter LA,"against police brutality, for police accountability, Black Lives Matter, against District Attorney Jackie Lacey",1,protest,,,,,1,1,https://www.cnn.com/2020/07/10/us/jackie-lacey-la-da-black-lives-matter/index.html,https://www.newyorker.com/magazine/2020/11/16/after-years-of-protests-every-wednesday-la-activists-welcome-a-new-da,,,,,
Boston,from Copley Square to City Hall Plaza,Suffolk,MA,US,8/31/2019,a few hundred,300,,300,,,Super Happy Fun America,Straight Pride Parade,2,parade,0,0,0,0,1,1,https://www.bostonglobe.com/metro/2019/08/31/counterprotesters-rally-across-city-from-straight-pride-parade-starting-point/qFStqXFPcWoOWAaxkDyDfI/story.html,,,,,,
Boston,from Copley Square to City Hall Plaza,Suffolk,MA,US,8/31/2019,thousands,2000,,2000,,,general protestors,counter-protestors,1,counter-protest,0,0,0,0,1,1,https://www.bostonglobe.com/metro/2019/08/31/counterprotesters-rally-across-city-from-straight-pride-parade-starting-point/qFStqXFPcWoOWAaxkDyDfI/story.html,,,,,,
Boston,City Hall Plaza,Suffolk,MA,US,8/31/2019,about 200,200,,200,,,Resist Marxism,Straight Pride Rally,2,rally,0,0,0,0,0,1,https://www.bostonglobe.com/metro/2019/08/31/counterprotesters-rally-across-city-from-straight-pride-parade-starting-point/qFStqXFPcWoOWAaxkDyDfI/story.html,,,,,,
Boston,City Hall Plaza,Suffolk,MA,US,8/31/2019,about 600,600,,600,,,Hands Off Our Pride,counter-protestors,1,counter-protest,36,3,4,0,0,1,https://www.bostonglobe.com/metro/2019/08/31/counterprotesters-rally-across-city-from-straight-pride-parade-starting-point/qFStqXFPcWoOWAaxkDyDfI/story.html,,,,,,