CityTown,Location,County,StateTerritory,Country,Date,EstimateText,EstimateLow,BestGuess,EstimateHigh,AdjustedLow,AdjustedHigh,Actor,Claim,Pro(2)/Anti(1),EventType,ReportedArrests,ReportedParticipantInjuries,ReportedPoliceInjuries,ReportedPropertyDamage,TownsCities,Events,Source1,Source2,Source3,Misc.
Tucson,Davis-Monthan Air Force Base,Pima,AZ,US,2018-12-01,Roughly 100,100,,100,,,general protestors,protest troops; in support of refugees,1,Protest,0,0,0,0,1,1,https://www.kgun9.com/people-gather-to-protest-troops-at-davis-monthan,,,
Huntington Station,,Suffolk,NY,US,2018-12-01,Roughly 60,60,,60,,,Families Belong Together,Stop the Tears Protest,0,protest,0,0,0,0,1,1,https://www.newsday.com/long-island/suffolk/migrant-rally-huntington-station-1.24118062,,,
Portland,Zoo,Multnomah,OR,US,2018-12-01,FB: 46,46,,46,,,"Care2, Free the Oregon Zoo Elephants, Out to Pasture Sanctuary, Portland Animal Save",protest elephant mistreatment and breeding in captivity,0,vigil;protest,0,0,0,0,1,1,https://katu.com/news/local/animal-rights-activists-plan-rally-outside-oregon-zoo-over-lily-the-elephants-death,https://www.kgw.com/article/news/local/animal/animal-rights-activists-hold-vigil-protest-at-oregon-zoo-following-lilys-death/283-619537470,https://www.facebook.com/events/340212233432765/,
Detroit,Brightmoor Homes,Wayne,MI,US,2018-12-01,more than 25,25,,25,,,residents of Brightmoor Homes,protest evictions/foreclosures and poor conditions,0,protest,0,0,0,0,1,1,https://www.detroitnews.com/story/news/local/detroit-city/2018/12/01/brightmoor-residents-evict-management-staff/2164358002/,,,
Chapel Hill ,UNC,Orange,NC,US,2018-12-02,several hundred,300,,300,,,general protestors,protesting return of Confederdate statue,1,protest,2,0,0,0,1,1,https://www.newsobserver.com/news/local/article222618400.html,,,not civil dis
Raleigh,United Daughters of the Confederacy headquarters house,Wake ,NC,US,2018-12-02,a handful,,,,,, Hillsborough Progressives Taking Action,"protesting of white supremacy, follow up to protests regarding return of ""Silent Sam"" statue at UNC",1,protest,0,0,0,0,0,1,https://www.dailytarheel.com/article/2018/12/udc-protest-1202,,,
Phoenix,Arizona State Capitol,Maricopa,AZ,US,2018-12-02,more than 100,100,,120,,,general protestors,Stop the Tears Protest,1,protest,1,0,1,0,1,1,https://www.azcentral.com/story/news/politics/immigration/2018/12/02/protesters-rally-support-migrant-caravan-arizona-capitol-families-belong-together-patriot-movement/2186332002/,https://www.azfamily.com/news/man-taken-into-custody-during-immigration-rally-near-state-captiol/article_67f57592-f691-11e8-b997-4fc4efd1443a.html,,
Harrisburg,outside state Capitol building,Dauphin,PA,US,2018-12-02,more than 50,50,,50,,,Harrisburg Rising,against white supremacy,1,rally,0,0,0,0,1,1,https://www.pennlive.com/news/2018/12/pa_unite_against_white_suprema.html,,,
Fort Lauderdale,outside downtown federal courthouse,Broward,FL,US,2018-12-02,na,30,,30,,,general protestors,rallying for asylum rights; pro-immigration,1,rally,0,0,0,0,1,1,http://www.fightbacknews.org/2018/12/3/south-florida-rallies-refugees-mexico-border,,,
Seattle,west Seattle,King,WA,US,2018-12-02,at least 200,200,,200,,,Hate Free Delridge,rallying against anti-semitism,0,rally,0,0,0,0,1,1,https://www.kiro7.com/news/local/neighbors-host-demonstration-after-finding-anti-semitic-messages-in-west-seattle/882068257?utm_source=homestream&utm_medium=site_navigation&utm_campaign=homestream_click,https://westseattle.timebanks.org/news/1403-update-on-no-to-anti-semitism---dec-2nd-sunday-west-seattle-junction,,
Columbus,Powell and Liberty Township,Franklin,OH,US,2018-12-02,,7,,10,,,general protestors,rallying against merging of local EMS with county EMS,0,rally,0,0,0,0,1,1,https://abc6onyourside.com/news/local/several-rally-against-proposal-to-merge-two-ems-departments,,,
Creekbridge,Constitution Boulevard,Monterey,CA,US,2018-12-02,,,,,,,general protestors,"protesting county plans to build a permanent homeless shelter, calling for more targeted solutions to homelessness",0,protest,0,0,0,0,1,1,https://www.thecalifornian.com/story/news/2018/12/03/creekbridge-group-protests-proposed-homeless-shelter-sites-salinas/2184285002/,,,
Tiburon,downtown,Marin,CA,US,2018-12-02,na,100,,100,,,general protestors,protesting anti-semitism,0,protest,0,0,0,0,1,1,https://www.jweekly.com/2018/12/06/tiburon-residents-march-against-hate-after-anti-semitic-graffiti/,,,
New York,College Point; Queens,Queens,NY,US,2018-12-02,more than 200,200,,200,,,general protestors,oppose establishment of homeless shelter,0,protest,0,0,0,0,1,1,https://www.qchron.com/editions/queenswide/hundreds-rally-to-stop-college-point-shelter/article_b09fbecc-26af-5ff0-ab2c-04fea8cfb08d.html,,,
Chapel Hill ,Peace & Justice Plaza on the UNC Chapel Hill campus,Orange,NC,US,2018-12-03,several hundreds,300,,300,,,general protestors,protesting University’s proposal to re-erect confederate statue in a different part of campus,1,protest,2,0,0,0,1,1,https://twitter.com/AlmaJMcCarty/status/1069743192940208129,https://www.heraldsun.com/news/local/article222586130.html,https://www.npr.org/2018/12/05/673680575/student-arrested-for-protesting-universitys-plan-to-return-a-confederate-statue,
Madison ,inside the capitol ,Dane,WI,US,2018-12-03,hundreds,200,,200,,,general protestors,protesting Republican lawmakers lame-duck measures to restrict Democratic power,1,protest ,0,0,0,0,1,1,https://madison.com/ct/news/local/govt-and-politics/protesters-descend-on-wisconsin-capitol-to-demonstrate-against-republican-lame/article_f13dae6a-4d1f-5de1-8e05-86c69c70c6ea.html,https://wkow.com/news/2018/12/03/lame-duck-session-heats-up-gop-leaders-defend-proposals-while-democrats-call-measures-outrageous/,,
Madison ,outside the capitol ,Dane,WI,US,2018-12-03,hundreds,200,,200,,,general protestors,protesting Republican lawmakers lame-duck measures to restrict Democratic power,1,protest,0,0,0,0,0,1,https://madison.com/ct/news/local/govt-and-politics/democratic-leaders-protesters-fire-up-crowd-for-fight-with-gop/article_86fbed5a-302b-5dca-a379-e779349fd234.html,,,
San Francisco ,downtown,San Francisco,CA,US,2018-12-03,roughly 2500,2500,,2500,,,"Marriott Hotel workers, UNITE HERE Local 2",affordable healthcare and higher wages,0,strike,0,0,0,0,1,1,https://sf.eater.com/2018/12/3/18123925/marriott-hotel-strike-agreement-contract-ends-over,https://www.sfexaminer.com/news/striking-marriott-workers-rally-for-affordable-healthcare-as-negotiations-pick-up-this-weekend/,,"60 day strike, started Oct 4 and ended Dec 3"
San Bernardino,corner of E St. and Chandler Pl.,San Bernardino,CA,US,2018-12-03,hundreds,200,,200,,,general protestors,protesting new management at San Bernardino Animal Shelter,0,protest,0,0,0,0,1,1,https://www.sbsun.com/2018/11/30/protesters-speak-out-against-new-management-of-san-bernardino-animal-shelter/,,,
New York City,Mainstage Theatre on the LaGuardia Community College campus,Queens,NY,US,2018-12-03,about 30,30,,30,,,CUNY and SUNY students,protesting investment in Amazon HQ2 but not public universities,0,protest,,,,,,,https://www.metro.us/news/local-news/new-york/keep-cuny-out-of-amazon-protest,http://www.ourtownny.com/local-news/20181204/students-protest-cuny-backing-of-amazon-plan,,
Online ,,,,US,2018-12-03,,,,,,,general protestors,boycotting Amazon through Google Chrome extension,0,boycott; protest,0,0,0,0,0,1,https://www.metro.us/news/local-news/new-york/keep-cuny-out-of-amazon-protest,,,
San Jose,City Hall,Santa Clara,CA,US,2018-12-03,na,40,,40,,,general protestors,protesting the building of a Google Diridon Station campus and lack of affordable housing,0,protest,0,0,0,0,1,1,http://www.ktvu.com/news/-housing-not-google-group-fasts-in-front-of-city-hall-to-protest-new-diridon-campus,,,
Geneva,School district’s administration building ,Kane,IL,US,2018-12-03,hundreds,200,,200,,,Geneva District 304 teachers,rally to increase teacher salaries ,0,rally;protest,0,0,0,0,1,1,https://www.kcchronicle.com/2018/12/04/last-rally-before-new-contract-or-strike-in-geneva/aa926ci/,,,
Ann Arbor,city hall,Washtenaw,MI,US,2018-12-03,,,,,,,By Any Means Necessary and Stop Trump Ann Arbor,protest to shut down a downtown piercing shop allegedly owned by a white supremacist,1,protest,0,0,0,0,1,1,https://www.mlive.com/news/ann-arbor/2018/12/pangea_piercings_critics_call.html,,,
Salem,,Rockingham,NH,US,2018-12-03,between 20 and 30,20,,30,,,general protestors,rally to show support for police department following a critical audit,0,rally,0,0,0,0,1,1,https://www.unionleader.com/news/safety/residents-turn-out-to-rally-in-support-of-salem-police/article_97958b3a-3ef8-5bf7-8073-da755aa76b98.html,,,
Mukilteo,,Snohomish,WA,US,2018-12-03,,,,,,,general protestors,anti-development and logging,0,road blockade,0,0,0,0,1,1,https://www.king5.com/article/news/local/neighbors-block-bulldozer-to-halt-mukilteo-development/620494182,,,
Chicago ,Acero charter school network,Cook,IL,US,2018-12-04,na,550,,550,,,Teachers and administrators,"striking for decreased class size, increased wages, etc. for Acero Charter Schools",1,strike,0,0,0,0,1,1,https://www.usatoday.com/story/news/nation/2018/12/09/nations-first-charter-teachers-strike-chicago-public-schools-acero-network/2258302002/?,https://chicago.suntimes.com/news/lawmakers-target-charter-schools-as-acero-strike-heads-closer-to-settlement/,,beginning of strike that lasted until 12/9/18
Columbus,Statehouse,Franklin,OH,US,2018-12-04,count pic,30,,50,,,Planned Parenthood Advocates of Ohio,opposing abortion ban bill,1,protest,0,0,0,0,1,1,https://twitter.com/PPAOhio/status/1070000408968466432,,,
Hartford,,Hartford,CT,US,2018-12-04,,,,,,,general protestors,protesting ICE; in support of local women at risk of being deported,1,protest,0,0,0,0,1,1,http://www.wnpr.org/post/facing-deportation-hartford-woman-trying-remain-family,,,
Hoover,Interstate 459,Jefferson,AL,US,2018-12-04,more than 100,100,,100,,,general protestors,protest police shooting of Emantic Bradford Jr.,0,protest,0,0,0,0,1,1,https://www.al.com/news/birmingham/2018/12/hoover-officials-say-no-to-school-protests-asks-public-to-avoid-expressions-of-anger.html,,,
Lansing,State Capitol,Ingham,MI,US,2018-12-04,FB: 238,238,,238,,,MI-8 Indivisible,"protesting ""gutting of minim wage and paid sick time"" and lame duck government",1,protest,,,,,1,1,https://twitter.com/MI8indivisible/status/1069684802125737990,https://www.facebook.com/events/199454644322354/,,
Madison ,inside the capitol ,Dane,WI,US,2018-12-04,,,,,,,general protestors,protesting Gov. Walker's support of the anti-democratic lame duck measures,1,protest ,0,0,0,0,1,1,https://www.wisn.com/article/walker-lights-capitol-christmas-tree-amid-boos-protests/25400906,,,
Upper Darby,Upper Darby Performing Arts Center ,Delaware,PA,US,2018-12-04,hundreds,200,,200,,,union members of the Upper Darby Education Association,"rallying for better wages, working conditions and benefits",0,rally;protest,0,0,0,0,1,1,https://www.delcotimes.com/news/upper-darby-teachers-reject-contract-offer-will-rally-tonight/article_fc230e06-f7fd-11e8-8369-8bc1907e9f4e.html,,,
Selinsgrove,Susquehanna University,Snyder,PA,US,2018-12-04,more than 75,75,,75,,,university students,protesting admin decision to permit campus security officers to carry guns,0,protest,0,0,0,0,1,1,https://www.dailyitem.com/news/susquehanna-students-protest-decision-to-arm-security-officers/article_dd2d199e-f7f1-11e8-a807-33cbe4ea3b2d.html,,,
Novato,Novato Education Center,Marin,CA,US,2018-12-04,na,35,,35,,,Novato School District teachers,protesting stalled talks with the district over salaries and benefits,0,protest,0,0,0,0,1,1,https://www.marinij.com/2018/12/05/novato-teachers-protest-wage-offers-in-contract-talks/,,,
Santa Maria,outside the Board of Supervisors meeting room,Santa Barbara,CA,US,2018-12-04,na,15,,15,,,general protestors,protesting Sheriff's Office's cooperation with federal immigration authorities (ICE),1,protest,0,0,0,0,1,1,https://santamariatimes.com/news/local/protesters-call-for-an-end-to-santa-barbara-sheriff-s/article_0841d86f-bf60-50d0-994f-61fa5f47d60b.html,,,
Gettysburg,Lincoln Square,Adams,PA,US,2018-12-04,,,,,,,Gettysburg for Gun Sense,rallying for renewal of assault weapons ban,0,rally;protest,0,0,0,0,1,1,http://www.gettysburgtimes.com/news/local/image_832802e0-b757-53d5-8249-35ade7c1f0aa.html,,,
Chicago ,Federal Plaza Square,Cook,IL,US,2018-12-05,over 250,250,,250,,,general protestors,pro-immigrant rights,1,protest,,,,,1,1,https://twitter.com/icirr/status/1070462821610196993,,,
Fairfield,Fairfield Grace United Methodist Church,Fairfield,CT,US,2018-12-05,FB: 1,1,,1,,,Connecticut Against Gun Violence,vigil against gun violence,0,vigil,,,,,1,1,https://www.facebook.com/events/2252037295026878/,,,
Irondequoit,in front of Wilson Dental,,NY,US,2018-12-05,half-dozen,6,,6,,,general protestors,protest request not to breastfeed in dental office,0,protest,0,0,0,0,1,1,https://www.democratandchronicle.com/story/news/2018/12/05/irondequoit-wilson-dental-breastfeeding-moms-protest-tiffany-elliott/2214107002/,https://13wham.com/news/local/mothers-hold-protest-outside-business-following-breastfeed-shaming,,
Los Angeles,Hall of Justice,Los Angeles,CA,US,2018-12-05,,,,,,,Black Lives Matter LA,"against police brutality, for police accountability, Black Lives Matter, against District Attorney Jackie Lacey",1,protest,,,,,1,1,https://www.cnn.com/2020/07/10/us/jackie-lacey-la-da-black-lives-matter/index.html,https://www.newyorker.com/magazine/2020/11/16/after-years-of-protests-every-wednesday-la-activists-welcome-a-new-da,,
Madison ,inside the capitol ,Dane,WI,US,2018-12-05,,,,,,,general protestors,protesting Gov. Walker's support of the anti-democratic lame duck measures,1,protest ,0,0,0,0,1,1,https://twitter.com/ecwschaeffer/status/1070461493622292480,,,
New York City,outside Charter/Spectrum's Manhattan headquarters,New York,NY,US,2018-12-05,more than 1000,1000,,1000,,,IBEW Local 3 Union,protesting Spectrum; pro-labor rights,1,protest,0,0,0,0,1,1,http://www.ibew.org/media-center/Articles/18Daily/1812/181211_NewYork,,,
Oakland ,homeless encampment at Edes and Elmhurst in Deep East Oakland,Alameda,CA,US,2018-12-05,about 40,40,,40,,,general protestors,protesting planned eviction of homeless encampment,1,protest,0,0,0,0,1,1,https://twitter.com/RickPaulas/status/1070829865224437760,https://www.eastbaytimes.com/2018/12/06/city-shuts-down-oakland-encampment-day-after-protest/,,
Washington ,,DC,DC,US,2018-12-05,,,,,,,CPD Action,"pro-immigrant rights, anti-ICE",1,protest,,,,,1,1,https://twitter.com/julesp__/status/1070462853990227970,,,
Geneva,outside Geneva High School ,Kane,IL,US,2018-12-05,hundreds,200,,300,,,Geneva Education Association union,strike for teacher salary increases,0,strike;rally,0,0,0,0,1,1,https://www.chicagotribune.com/suburbs/elgin-courier-news/ct-ecn-geneva-teachers-strike-wednesday-st-1207-story.html,,,
Santa Fe,Bureau of Land Management’s headquarters,Santa Fe,NM,US,2018-12-05,,,,,,,"Tribal leaders, environmental groups, general protestors","protesting the sale of 84,000 acres of state lands for oil and gas drilling",1,protest,,,,,1,1,http://nmpoliticalreport.com/2018/12/04/opponents-to-rally-in-nm-over-sale-of-public-lands-for-drilling/,,,
Longmeadow,Longmeadow School Committee meeting,Hampden,MA,US,2018-12-05,several dozen,36,,36,,,general protestors,protesting the School Committee's decision not to renew the contract of Superintendent Martin O'Shea,0,protest,0,0,0,0,1,1,https://www.masslive.com/news/2018/12/dozens_attend_silent_protest_d.html,,,
Trenton,steps of the Statehouse Annex,Mercer,NJ,US,2018-12-05,dozens,24,,24,,,"New Jersey Sierra Club, Environment New Jersey, Food and Water Watch and Clean Water Action",rallying to pressure Gov. Phil Murphy to enact a moratorium on new natural gas infrastructure,0,rally,0,0,0,0,1,1,https://www.burlingtoncountytimes.com/news/20181205/environmental-groups-rally-for-moratorium-on-natural-gas-pipelines-other-infrastructure,,,
San Jose,city hall,Santa Clara,CA,US,2018-12-05,dozens,24,,24,,,general protestors,protesting city council's approval of land sale to Google,0,protest,8,0,0,0,1,1,https://sanfrancisco.cbslocal.com/2018/12/05/protesters-interrupt-sj-city-councils-google-land-vote-8-in-custody/,https://www.sfchronicle.com/business/article/Google-s-San-Jose-land-deal-vote-Police-remove-13443835.php?psid=bQY0R,,
Grand Rapids,Grand Valley State University Cook-DeVos Center for Health Sciences building,Kent,MI,US,2018-12-06,,,,,,,Movimiento Cosecha GR; general protestors,pro-immigration reform; against US use of tear gas at border,1,protest; march,0,0,0,0,1,1,https://www.woodtv.com/news/grand-rapids/protest-in-grand-rapids-over-tear-gas-at-border/1644478622,,,
Harrisburg,capitol rotunda,Dauphin,PA,US,2018-12-06,about a dozen,12,,12,,,general protestors,protest visitation and other restrictions on PA prisoners,0,protest,0,0,0,0,1,1,https://www.pennlive.com/news/2018/12/its-just-cruel-families-of-inmates-protest-gov-tom-wolf-at-christmas-ceremony.html,https://www.mcall.com/news/nationworld/pennsylvania/mc-nws-pennsylvania-capitol-tree-lighting-protest-20181206-story.html,,
Los Angeles,Cal State Northridge,Los Angeles,CA,US,2018-12-06,about 50,50,,50,,,students,protesting decrease in required cultural studies courses,0,protest,0,0,0,0,1,1,https://www.dailynews.com/2018/12/06/csun-students-faculty-protest-general-education-orders-they-fear-will-phase-out-cultural-studies/,,,
Nashville,outside Riverbend Maximum Security Institution,Davidson,TN,US,2018-12-06,40 or so,40,,40,,,general protestors,against capital punishment,0,protest,0,0,0,0,1,1,https://www.tennessean.com/story/news/2018/12/06/david-earl-miller-execution-death-penalty-protest-nashville-knoxville/2158571002/,,,
New Haven,Yale University,New Haven,CT,US,2018-12-06,over 100,100,,100,,,students,protest mandatory student income contribution at Yale,0,protest,0,0,0,0,1,1,https://yaledailynews.com/blog/2018/12/07/yalies-protest-sic/,,,
Oakland ,homeless encampment at Edes and Elmhurst in Deep East Oakland,Alameda,CA,US,2018-12-06,,,,,,,general protestors,protesting eviction of homeless encampment,1,protest,2,0,0,0,1,1,https://twitter.com/RickPaulas/status/1070829865224437760,,,
San Jose,San Jose State University,Santa Clara,CA,US,2018-12-06,,,,,,,students,protest homelessness among students,0,protest,0,0,0,0,1,1,https://www.kron4.com/news/bay-area/san-jose-state-university-students-protest-homeless-crisis-on-campus/1645262115,,,13th annual Poverty Under The Stars
New Brunswick,Rutgers University’s Board of Governors meeting,Middlesex,NJ,US,2018-12-06,at least a hundred,100,,100,,,Rutgers' American Association of University Professors and American Federation of Teachers (AAUP-AFT) faculty union,picket for faculty pay equity,0,protest,0,0,0,0,1,1,http://www.dailytargum.com/article/2018/12/teachers-union-plans-protest-for-board-of-governors-meeting-on-thursday,https://www.mycentraljersey.com/story/news/2018/12/06/rutgers-faculty-protests-seeking-new-contract-disrupt-board-meeting/2227985002/,,
Philadelphia,Temple University,Philadelphia,PA,US,2018-12-06,about 60,60,,60,,,Temple University students,"marching in support for Prof. Lamont Hill, pro-palestine",0,protest; march,0,0,0,0,1,1,https://www.inquirer.com/news/temple-zionism-education-protest-palestinian-israle-20181207.html,,,
La Quinta,Desert Sands Unified School District,Riverside,CA,US,2018-12-06,more than 200,200,,200,,,parents of students at Desert Sands Unified,protesting changes in sex ed curriculum,0,protest,0,0,0,0,1,1,https://www.desertsun.com/story/news/education/2018/12/06/parents-protest-new-state-mandated-sex-ed-curriculum/2236231002/,,,
Boston,city hall,Suffolk,MA,US,2018-12-06,,,,,,,"Graduate Women at the Massachusetts Institute of Technology, Our Harvard Can Do Better ",protesting DeVos's Title IX amendments,1,protest,0,0,0,0,1,1,https://dailyfreepress.com/blog/2018/12/06/female-graduate-students-protest-devos-title-ix-amendments-at-boston-city-hall/,,,
Chapel Hill ,UNC,Orange,NC,US,2018-12-07,nearly 80,80,,80,,,UNC teaching assistances,protesting construction of building to house Confederate monument; grade-strike,1,grade-strike,0,0,0,0,1,1,https://www.insidehighered.com/news/2018/12/07/unc-teaching-assistants-go-strike-over-confederate-monument?utm_content=buffer70807&utm_medium=social&utm_source=twitter&utm_campaign=IHEbuffer,,,ongoing
Montgomery,Virginia College’s Montgomery campus,Montgomery,AL,US,2018-12-07,,,,,,,students,protest campus closure,0,protest; march,,,,,1,1,https://www.wsfa.com/2018/12/07/virginia-college-students-preparing-protest-sue-after-sudden-closing/,,,
New Haven,Yale Investments Office,New Haven,CT,US,2018-12-07,more than 350 outside + 48 arrested,398,,398,,,a coalition of community and student groups,protesting Yale University's investments in Puerto Rican debt and in fossil fuel companies,1,protest,48,0,0,0,1,1,https://www.courant.com/politics/hc-pol-yale-students-arrested-20181207-story.html,,,
Philadeplhia,at Temple’s Lenfest Circle,Philadelphia,PA,US,2018-12-07,about 25,25,,25,,,Zionist Organization of America,opposition of rally supporting Marc Lamont Hill a professor at Temple,0,protest,0,0,0,0,1,1,http://jewishexponent.com/2018/12/07/rally-counter-protest-face-off-over-marc-lamont-hill-at-temple/,,,
Corvallis,Benton County Courthouse,Benton,OR,US,2018-12-07,around two dozen,24,,24,,,students at Corvallis high school,protesting gun violence,0,protest,0,0,0,0,1,1,https://www.gazettetimes.com/news/local/corvallis-students-protest-in-wake-of-chs-threat/article_b4ea1618-aec4-548c-bf1e-f0085ff3b83e.html,,,
Los Angeles,USC,Los Angeles,CA,US,2018-12-07,about 150,150,,150,,,"students, professors and alumni",protesting removal of dean,0,protest;rally,0,0,0,0,1,1,https://www.latimes.com/local/lanow/la-me-ln-usc-dean-rally-20181207-story.html,,,
Wilton,Quaker Religious Society of Friends,Fairfield,CT,US,2018-12-08,,,,,,,Wilton Quaker Meeting and Democracy for Connecticut,vigil for Sandy Hook victims; against gun violence,0,vigil,,,,,1,1,https://www.facebook.com/events/1186985741441984/,,,
El Monte,El Monte High School Auditorium,Los Angeles,CA,US,2018-12-08,approximately 200,200,,200,,,general protestors,protesting a proposed marijuana-growing facility,0,protest,0,0,0,0,1,1,https://www.sgvtribune.com/2018/12/08/protesters-rally-against-proposed-marijuana-facility-in-el-monte/,,,
Spokane,City Hall,Spokane,WA,US,2018-12-08,about a dozen,12,,12,,,general protestors,"protest the removal of Camp Hope, a tent city for the homeless",0,protest,0,0,0,0,1,1,http://www.spokesman.com/stories/2018/dec/08/kate-burke-protestors-chain-themselves-to-city-hal/,,,
Mission,Bentsen-Rio Grande Valley State Park,Hidalgo,TX,US,2018-12-08,about 50,50,,50,,,"Lower Rio Grande Valley Sierra Club, University of Texas Rio Grande Valley Environmental Awareness Club, the Texas Civil Rights Project, Friends of the Wildlife Corridor",protesting construction of border wall (environmental impact),0,protest,0,0,0,0,1,1,https://www.themonitor.com/2018/12/09/protecting-park-environmental-allies-camp-bentsen-protest-border-wall/,,,
Fredon,Whittingham Wildlife Management Area bear check-in station,Sussex,NJ,US,2018-12-08,more than 50,50,,50,,,general protestors,protesting annual bear hunt,0,protest,0,0,0,0,1,1,https://www.njherald.com/20181209/bear-hunt-protesters-criticize-murphy,,,
Madison ,steps of the state Capitol ,Dane,WI,US,2018-12-08,,,,,,,general protestors,protesting bills passed during lame-duck session,0,rally;protest,0,0,0,0,1,1,https://www.channel3000.com/news/in-light-of-lame-duck-session-demonstrators-hold-respect-our-vote-rally-at-capitol/919748963,,,
Baton Rouge,State Capitol,East Baton Rouge,LA,US,2018-12-09,,,,,,,general protestors,protesting anti-abortion bill,1,protest,,,,,1,1,https://twitter.com/StormyDaniels/status/1071793919229353985,,,
Baton Rouge,outside State Capitol,East Baton Rouge,LA,US,2018-12-09,more than 50,50,,50,,,general protestors,protesting law to raise age requirement for dancers in Louisiana strip clubs,0,protest,0,0,0,0,1,1,https://www.theadvocate.com/baton_rouge/news/article_2ebc6af0-fbe7-11e8-8e15-6ba395ffc7c6.html,,,
Lewiston,Port of Lewiston; Southway Boat Ramp,Nez Perce,ID,US,2018-12-09,,,,,,,Clearwater chapter of the Idaho River Community Alliance,oppose fishing restrictions,0,protest,,,,,1,1,http://www.spokesman.com/stories/2018/dec/05/gatherings-set-to-protest-steelhead-season-closure/,,,protest preceded by parade of trailered boats
New York ,lobby of the Whitney Museum of American Art,New York,NY,US,2018-12-09,around 250,250,,250,,,general protestors,against vice chairman and manufacturing of tear gas,0,protest,0,0,0,0,1,1,https://www.theartnewspaper.com/news/chanting-protesters-call-for-removal-of-whitney-s-board-vice-chairman,https://news.artnet.com/art-world/decolonize-place-protests-whitney-museums-ties-tear-gas-manufacturer-1415443/amp-page,https://hyperallergic.com/475198/activists-protest-at-whitney-museum-demanding-vice-chairman-and-owner-of-tear-gas-manufacturer-must-go/,
Annapolis,Government House,Anne Arundel,MD,US,2018-12-10,count pic,31,,31,,,"American Federation of State, County and Municipal Employees (AFSCME) Council 3",demanding pay raise for state employees,0,protest,0,0,0,0,1,1,https://www.baltimoresun.com/news/maryland/politics/110598914-132.html,,,
Buffalo,New Era Cap's headquarters,Erie,NY,US,2018-12-10,,,,,,,general protestors,protesting the company plan to close its plant in Derby and move most production to China,0,protest,0,0,0,0,1,1,https://news.wbfo.org/post/elected-labor-leaders-protest-new-eras-decision-close-derby-plant,,,
Greenville,City Hall,Greenville,SC,US,2018-12-10,more than a dozen,12,,12,,,general protestors,demanding the establishment of a civilian police review board,0,protest,0,0,0,0,1,1,http://www.reflector.com/News/2018/12/11/Speakers-protesters-continue-fight-for-civilian-review-board.html,,,
Los Angeles,,Los Angeles,CA,US,2018-12-10,,,,,,,Kaiser Permanente workers,"strike for more resources, demanding more staff to reduce patient wait times",0,protest,0,0,0,0,1,1,https://www.vcstar.com/story/news/2018/12/10/kaiser-permanente-mental-health-workers-begin-week-long-strike/2272329002/,,,
New York,Consulate General of the Philippines,New York,NY,US,2018-12-10,around 60,60,,60,,,general protestors,protest Duterte and repression in the Philippines ,1,protest,0,0,0,0,1,1,http://www.fightbacknews.org/2018/12/11/new-yorkers-march-against-repression-philippines-human-rights-day,,,
New York,ADL headquarters,,NY,US,2018-12-10,count pic,13,,13,,,Jewish Voice for Peace,against ADL bringing US law enforcement agents to Israel; police,0,protest,,,,,0,1,https://jewishcurrents.org/how-the-adls-israel-advocacy-undermines-its-civil-rights-work/,,,
Oakland ,Oakland High School,Alameda,CA,US,2018-12-10,,,,,,,Oakland HS teachers,protest an impasse in contract negotiations,0,protest; walk-out,,,,,1,1,https://www.mercurynews.com/2018/12/08/oakland-high-teachers-plan-walkout-to-protest-teacher-pay/,,,
San Diego,San Diego's Border Field State Park,San Diego,CA,US,2018-12-10,about 300; more than 300,300,,300,,,American Friends Service Committee,support caravan of Central American asylum seekers,1,protest;rally,32,0,0,0,1,1,https://wjla.com/news/nation-world/border-patrol-handcuffs-demonstrators-supporting-migrants,https://bakersfieldnow.com/news/local/border-patrol-arrests-32-at-san-diego-demonstration,,31 civil dis; 1 assualt
San Francisco ,,San Francisco,CA,US,2018-12-10,na,400,,400,,,Kaiser Permanente workers,"strike for more resources, demanding more staff to reduce patient wait times",0,protest,0,0,0,0,1,0,https://www.vcstar.com/story/news/2018/12/10/kaiser-permanente-mental-health-workers-begin-week-long-strike/2272329002/,,,
Washington ,"Offices of House Democratic Leaders (Pelosi, Hoyer and McGovern)",DC,DC,US,2018-12-10,hundreds; more than a thousand ,200,,1000,,,Sunrise Movement ,calling for an immediate climate change plan ,1,protest; sit-in ,138,0,0,0,1,1,https://thehill.com/policy/energy-environment/420588-second-round-of-capitol-protests-demand-climate-change-action,https://www.rollcall.com/news/politics/150-activists-arrested-green-new-deal-protest,,
Hartford,450 Main St.,Hartford,CT,US,2018-12-11,FB: 79,79,,79,,,coalition of local orgs,protesting ICE; in support of local women at risk of being deported,1,protest,,,,,1,1,https://www.facebook.com/events/610512229380612/,,,
Oakland ,City Hall,Alameda,CA,US,2018-12-11,more than 100,100,,100,,,Oakland HS teachers ,"demanding increased wages, smaller class sizes",0,protest,0,0,0,0,1,1,https://edsource.org/2018/teacher-activism-nationwide-fueling-protest-movement-in-california/606340,https://www.sfgate.com/bayarea/article/Oakland-High-teachers-walk-out-to-protest-pay-13454757.php?t=a746be137c,,
San Francisco ,Outside Nancy Pelosi's office ,San Francisco,CA,US,2018-12-11,thousands ,2000,,2000,,,Sunrise Movement ,calling for an immediate climate change plan ,1,protest,0,0,0,0,1,1,https://twitter.com/sunrisemvmt/status/1072552833659138048,,,
Saint Paul,"Bishop Henry Whipple Building, 1 Federal Dr",Ramsey,MN,US,2018-12-11,,,,,,,Interfaith Coalition on Immigration,"in solidarity with migrant detainees, against inhumane detention practices",1,vigil,,,,,1,1,https://mnicom.org/programs/vigils/,https://mnicom.org/2018/12/11/december-2018-vigil/,,second Tuesday of every month
Washington ,Capitol Hill,DC,DC,US,2018-12-11,hundreds,200,,200,,,Sunrise Movement ,calling for an immediate climate change plan (Green New Deal),1,protest,138,0,0,0,1,1,https://thehill.com/policy/energy-environment/420588-second-round-of-capitol-protests-demand-climate-change-action,,,
Stamford,Westhill High School,Fairfield,CT,US,2018-12-11,hundreds,200,,200,,,students,raise awareness to the mold issues plaguing their school,0,protest,0,0,0,0,1,1,https://www.stamfordadvocate.com/local/article/Westhill-students-stage-protest-over-mold-issues-13453976.php,,,
San Francisco ,PG&E headquarters,San Francisco,CA,US,2018-12-11,two dozen,24,,24,,,general protestors,protest PG&E for wildfires (Camp Fire),0,protest,0,0,0,0,1,1,https://www.sfgate.com/california-wildfires/article/Protestors-march-on-PG-E-offices-amid-Camp-Fire-13458630.php?t=c282443f0d,,,
Richmond,4th U.S. Circuit Court of Appeals,Richmond,VA,US,2018-12-11,,,,,,,general protestors,protest racial profiling of ICE and Trump's rescission of DACA,1,protest,0,0,0,0,1,1,https://www.dailyprogress.com/news/immigration-policy-argued-in-richmond-federal-courtrooms-and-protested-outside/article_6865ed14-7956-5e6b-8a7e-31c61a40ad61.html,,,
New York,City Hall,New York,NY,US,2018-12-11,,,,,,,general protestors,demanding more housing for the homeless,0,protest,0,0,0,0,1,1,https://www.nydailynews.com/news/politics/ny-pol-city-hall-protest-no-arrests-20181211-story.html,,,
Stamford,Westhill High School,Fairfield,CT,US,2018-12-11,upwards of 500,500,,500,,,students,protesting about mold in the school that was making both students and teachers sick,0,protest,0,0,0,0,1,1,https://www.middletownpress.com/local/article/Westhill-students-stage-protest-over-mold-issues-13453976.php,,,
Freemont ,,Alameda,CA,US,2018-12-12,about 1000,1000,,1000,,,Teachers ,"demanding increased wages, funding and resources ",0,protest,0,0,0,0,1,1,https://edsource.org/2018/teacher-activism-nationwide-fueling-protest-movement-in-california/606340,,,
Los Angeles,USC,Los Angeles,CA,US,2018-12-12,,,,,,,Los Angeles Community Action Network and the Los Angeles chapter of the Democratic Socialists of America,protesting Mayor Eric Garcetti's approach to city’s homelessness crisis,0,protest; speech interruption,0,0,0,0,1,1,https://www.latimes.com/local/lanow/la-me-ln-garcetti-usc-speech-20181210-story.html,,,
Los Angeles,Hall of Justice,Los Angeles,CA,US,2018-12-12,,,,,,,Black Lives Matter LA,"against police brutality, for police accountability, Black Lives Matter, against District Attorney Jackie Lacey",1,protest,,,,,1,1,https://www.cnn.com/2020/07/10/us/jackie-lacey-la-da-black-lives-matter/index.html,https://www.newyorker.com/magazine/2020/11/16/after-years-of-protests-every-wednesday-la-activists-welcome-a-new-da,,
Lansing,State Capitol,Ingham,MI,US,2018-12-12,about 100,100,,100,,,Progress Michigan,protesting lame duck session,1,protest,0,0,0,0,1,1,https://www.wilx.com/video?vid=502553071,https://www.nytimes.com/2018/12/17/us/rick-snyder-bill-whitmer.html,https://www.woodtv.com/news/michigan/lame-duck-protesters-rally-at-capitol-in-lansing/,
New York City,City Hall,New York,NY,US,2018-12-12,,,,,,,general protestors,protesting Amazon ,1,protest,0,0,0,0,1,1,https://twitter.com/JFREJNYC/status/1072863318010933248,https://www.theguardian.com/technology/2018/dec/12/amazon-new-york-hq2-public-hearing-opposition-protest,,
Reno ,Outside Sen. Dean Heller's Office ,Washoe,NV,US,2018-12-12,,,,,,,Make the Road NV,Calling for humane immigration reform ,1,protest,0,0,0,0,1,1,https://twitter.com/maketheroadnv/status/1073012315765669888,https://twitter.com/maketheroadnv/status/1073010854612758528,,
Washington ,Senate Buildings ,DC,DC,US,2018-12-12,,,,,,,Fair Immigration Refrom Movement ,Calling for humane immigration reform and refugee rights ,1,protest,2,0,0,0,1,1,https://twitter.com/Re4mImmigration/status/1072968964718891008,,,
Southport ,Trinity Esiscopal Church ,Fairfield,CT,US,2018-12-12,FB: 13,13,,13,,,The youth of Trinity Esiscopal Church ,Remebering and honoring the lives of those who were killed at the Sandy Hook shooting,0,Interfaith Vigil ,0,0,0,0,1,1,https://www.facebook.com/events/362929804267318/,,,
Los Angeles,"Westin Bonaventure Hotel & Suites, 404 S. Figueroa St.",Los Angeles,CA,US,2018-12-12,,,,,,,Hospitality employees; Unite Here Local 11 ,demanding increase in pay to $25/hr,0,protest,,,,,1,1,https://www.sbsun.com/2018/12/11/workers-to-stage-1-day-protest-at-4-southern-california-hotels/,,,
Beverly Hills,"Beverly Wilshire, 9500 Wilshire Blvd.",Los Angeles,CA,US,2018-12-12,,,,,,,Hospitality employees; Unite Here Local 11 ,demanding increase in pay to $25/hr,0,protest,,,,,1,0,https://www.sbsun.com/2018/12/11/workers-to-stage-1-day-protest-at-4-southern-california-hotels/,,,
Anaheim,Hilton Anaheim and Sheraton Park Hotel,Orange,CA,US,2018-12-12,,,,,,,Hospitality employees; Unite Here Local 11 ,demanding increase in pay to $25/hr,0,protest,,,,,2,0,https://www.sbsun.com/2018/12/11/workers-to-stage-1-day-protest-at-4-southern-california-hotels/,,,
Columbus,State Capitol,Franklin,OH,US,2018-12-12,,,,,,,general protestors,protesting heartbeat bill,1,protest,,,,,1,1,https://www.thelantern.com/2018/12/march-planned-at-statehouse-to-protest-heartbeat-bill/,,,
Providence,City Hall,Providence,RI,US,2018-12-12,na,30,,30,,,Providence Student Union,demand the removal of police officers from their high schools,1,protest;rally,0,0,0,0,1,1,https://www.providencejournal.com/news/20181212/providence-student-union-protest-demands-removing-police-officers-from-schools,,,
Bennington,Bennington College,Bennington,VT,US,2018-12-12,about 15,15,,15,,,college students,rally to keep printing free,0,protest;rally,0,0,0,0,1,1,"https://www.benningtonbanner.com/stories/bennington-college-students-rally-to-keep-printing-free,558831",,,
Fall River,Diman Regional Vocational Technical High School,Bristol,MA,US,2018-12-12,,,,,,,general protestors,protest removal of superintendent,0,protest,0,0,0,0,1,1,https://www.wpri.com/news/local-news/se-mass/students-parents-protest-in-support-of-diman-superintendent/,,,
Philadelphia,Mayor Jim Kenney's office,Philadelphia,PA,US,2018-12-12,,,,,,,Friends of the Free Library,demand more funding for public library system,0,protest,0,0,0,0,1,1,https://6abc.com/politics/library-supporters-march-on-mayor-kenneys-office/4887531/,,,
Athens,Athens-Clarke City County Hall,Clarke,GA,US,2018-12-12,about 70,70,,70,,,Inter-Faith Sanctuary Colaition and Dignidad Inmigrante En Athens,support asylum seekers and oppose family separation,1,vigil,0,0,0,0,1,1,https://www.redandblack.com/athensnews/more-than-a-demonstration-athens-groups-host-candlelight-vigil-for/article_c94de8a6-fe89-11e8-940f-af24bc25ce01.html,,,
San Luis Obispo,Monterey Street,San Luis Obispo,CA,US,2018-12-12,about 350,350,,350,,,San Luis Obispo County Employees’ Association,demand pay raise and benefits,0,protest;strike,0,0,0,0,1,1,https://www.sanluisobispo.com/news/local/article223018215.html,,,
Riverside,Downtown ,Riverside,CA,US,2018-12-12,more than 100,100,,100,,,Amtrak workers,protest the closure of a call center and job losses,0,protest,0,0,0,0,1,1,https://abc7.com/business/amtrak-workers-protest-scheduled-closure-of-riverside-call-center/4887020/,,,
San Antonio,Chapel of the Incarnate Word ,Bexar,TX,US,2018-12-13,,,,,,,general protestors,vigil against gun violence,0,vigil,0,0,0,0,1,1,https://www.expressnews.com/news/education/article/UIW-holds-vigil-calling-for-end-to-gun-violence-13465392.php,,,
Fredonia,SUNY Fredonia,Chautauqua,NY,US,2018-12-13,more than 70,70,,70,,,students and faculty,protest cuts to majors,0,protest,0,0,0,0,1,1,https://www.observertoday.com/news/local-region/2018/12/students-faculty-protest-potential-suny-cuts/,,,
St. Paul,Public Utilities Commission,Ramsey,MN,US,2018-12-13,about 30,30,,30,,,general protestors,protest construction of crude oil pipeline,1,protest;rally,0,0,0,0,1,1,https://www.twincities.com/2018/12/13/enbridge-line-3-pipeline-protesters-look-past-regulators-after-another-loss/,,,
Lansing,headquarters for Blue Cross Blue Shield,Ingham,MI,US,2018-12-14,FB: 39,39,,39,,,Greater Detroit Democratic Socialists of America,Stand Up to BCBS: No Health Insurance CEOs on Transition Team,0,protest,0,0,0,0,1,1,https://www.facebook.com/events/463154354210651/,https://www.fox47news.com/news/local-news/protest-held-over-whitmer-appointment,,
New York,UN Headquarters,New York,NY,US,2018-12-14,count pic,1,,1,,,general protestor,against inaction on climate change,1,strike,0,0,0,0,1,1,https://twitter.com/AlexandriaV2005/status/1073698929118715906,,,
San Diego,Mexico-US border; Border Field State Park,San Diego,CA,US,2018-12-14,more than 300,300,,300,,,general protestors,end detaining and deporting immigrants; support migrant Caravan,1,demonstration,32,0,0,0,1,1,https://www.policeone.com/border-patrol/articles/482526006-US-arrests-32-at-San-Diego-border-demonstration/,,,31 civil dis; 1 not (assault)
Shakopee,outside Amazon Fulfillment facility,Scott,MN,US,2018-12-14,about 100,100,,100,,,Somali-American Amazon workers,protesting unfair working conditions,1,protest,0,0,0,0,1,1,http://www.startribune.com/workers-protest-conditions-at-amazon-s-shakopee-center/502829882/,,,
Irvine,corner of Alton Parkway and Culver Drive,Orange,CA,US,2018-12-14,,,,,,,Orange Coast Unitarian Universalist Church,support central American migrants and oppose deportation,1,rally;protest,,,,,,,https://www.sbsun.com/2018/12/13/migrant-caravan-draws-dueling-rallies-in-southern-california/,,,
San Diego,San Ysidro,San Diego,CA,US,2018-12-14,about 30,30,,30,,,general protestors,support Trump's border wall,2,rally,,,,,,,https://www.sbsun.com/2018/12/13/migrant-caravan-draws-dueling-rallies-in-southern-california/,https://www.sandiegouniontribune.com/visuals/photography/sd-pg-america-first-rally-and-25-la-posada-20181215-photogallery.html,,
Boca Raton,Glades Road ,Palm Beach,FL,US,2018-12-14,,,,,,,general protestors,support gun control,1,rally,0,0,0,0,1,1,https://www.wptv.com/news/region-s-palm-beach-county/boca-raton/rally-in-boca-raton-calls-for-stronger-gun-control-on-sixth-anniversary-of-sandy-hook-massacre,,,
Cortez,Cortez Cultural Center plaza ,Montezuma,CO,US,2018-12-14,na,50,,50,,,Montezuma County Chapter of Moms Demand Action,demand gun control and commemorate Sandy Hook,1,rally;vigil,0,0,0,0,1,1,https://the-journal.com/articles/120841-vigil-attendees-to-legislature-pass-red-flag-law#slide=0,,,
Los Angeles,Downtown ,Los Angeles,CA,US,2018-12-15,50000 strong,50000,,50000,,,Teachers ,"demanding increased wages, funding and resources ",0,protest;march,0,0,0,0,1,1,https://edsource.org/2018/teacher-activism-nationwide-fueling-protest-movement-in-california/606340,https://truthout.org/articles/la-teachers-march-toward-the-picket-lines/,,
Los Angeles,211 W Temple St.,Los Angeles,CA,US,2018-12-15,FB: 43,43,,43,,,Black Lives Matter LA,anti-police violence; anti-racist; calling for DA to prosecute police who have killed ,1,protest,,,,,0,1,https://www.facebook.com/events/132840967391872/,,,
Tornillo,Tornillo-Guadalupe Toll Plaza,El Paso,TX,US,2018-12-15,,,,,,,coalition of local orgs,"protesting family separation, migrant detention",1,protest,,,,,1,1,https://twitter.com/TornilloWitness/status/1071374136650424321,,,
Sarasota,"Bayfront Park, Marina Jack Trail",Sarasota,FL,US,2018-12-15,,,,,,,Hands Along the Water,advocate for water quality and marine life,0,demonstration,0,0,0,0,1,1,https://www.heraldtribune.com/news/20181206/hands-along-water-to-hold-red-tide-demonstration,,,
Sarasota,"1670 U.S. 41 Bypass, Venice",Sarasota,FL,US,2018-12-15,,,,,,,Hands Along the Water,advocate for water quality and marine life,0,demonstration,0,0,0,0,1,0,https://www.heraldtribune.com/news/20181206/hands-along-water-to-hold-red-tide-demonstration,,,
Charlotte,400 W. Retta Esplanade Punta Gorda,Charlotte,FL,US,2018-12-15,,,,,,,Hands Along the Water,advocate for water quality and marine life,0,demonstration,0,0,0,0,1,0,https://www.heraldtribune.com/news/20181206/hands-along-water-to-hold-red-tide-demonstration,,,
Collier,"2880 Becca Ave., Naples",Collier,FL,US,2018-12-15,,,,,,,Hands Along the Water,advocate for water quality and marine life,0,demonstration,0,0,0,0,1,0,https://www.heraldtribune.com/news/20181206/hands-along-water-to-hold-red-tide-demonstration,,,
Lee,"Centennial Park, 2000 W. First St., Fort Myers",Madison,FL,US,2018-12-15,,,,,,,Hands Along the Water,advocate for water quality and marine life,0,demonstration,0,0,0,0,1,0,https://www.heraldtribune.com/news/20181206/hands-along-water-to-hold-red-tide-demonstration,,,
Manatee,"Palma Sola Causeway Park, 9000 Manatee Ave. W",Manatee,FL,US,2018-12-15,more than 20,20,,20,,,Hands Along the Water,advocate for water quality and marine life,0,demonstration,0,0,0,0,1,0,https://www.heraldtribune.com/news/20181206/hands-along-water-to-hold-red-tide-demonstration,https://www.bradenton.com/news/local/article223117665.html,,
Westminster,Little Saigon,Orange,CA,US,2018-12-15,"100 + ""dozens""",124,,124,,,general protestors,protest the Trump administration’s push to deport thousands of war refugees,1,protest,0,0,0,0,1,1,https://www.sandiegouniontribune.com/news/california/la-me-ln-vietnamese-refugee-march-20181215-story.html,,,
Syracuse,City Hall,Onondaga,NY,US,2018-12-15,count pic,24,,24,,,general protestors,rally for community grid option to replace the aging segment of Interstate 81,0,rally,0,0,0,0,1,1,https://cnycentral.com/news/local/supporters-continue-to-push-i-81-community-grid-option-with-city-hall-rally,,,
Fort Myers,South Florida Water Management building ,Lee,FL,US,2018-12-15,dozens,24,,24,,,general protestors,fight for clean water and stop Lake Okeechobee releases,0,rally;march,0,0,0,0,1,1,https://www.abc-7.com/story/39649467/clean-water-advocates-march-as-desantis-takes-thank-you-tour,,,
Atlanta,State Capitol,Fulton,GA,US,2018-12-15,a few dozen,24,,24,,,Georgia Alliance for Social Justice,demand clemency for Cyntoia Brown,0,protest;rally,0,0,0,0,1,1,https://www.mdjonline.com/neighbor_newspapers/northside_sandy_springs/news/clemency-rally-for-cyntoia-brown-coming-to-atlanta/article_0f3977b2-000c-11e9-96f2-ef434e682490.html,https://www.ajc.com/news/local-govt--politics/georgia-activists-hold-clemency-rally-for-tenn-inmate-cyntoia-brown/k4VEsIWz2sUqCq3LStbGcN/,,
Minneapolis,Merwin Liquors ,Hennepin,MN,US,2018-12-15,count pic,12,,12,,,general protestors,protest gun violence,1,protest,0,0,0,0,1,1,https://minnesota.cbslocal.com/2018/12/15/merwins-liquors-community-gun-violence-minneapolis-shooting/,,,
Newton,Newton Green,Sussex,NJ,US,2018-12-15,nearly 75,75,,75,,,Skylands Tea Party,protest illegal immigration and high taxes,2,protest,0,0,0,0,1,1,https://www.njherald.com/20181216/tea-party-rally-in-newton-draws-75,,,
Chicago ,Sterigenics Oak Brook HQ,Cook,IL,US,2018-12-15,count pic,50,,60,,,Stop Sterigenics,protest ethylene oxide emissions,0,protest,0,0,0,0,1,1,https://www.chicagotribune.com/suburbs/oak-brook/ct-dob-sterigenics-protest-tl-1220-story.html,,,
San Diego,"at the US border, San Ysidro",San Diego,CA,US,2018-12-15,dozens,24,,24,,,general protestors,protesting in favor of the border wall,2,protest,0,0,0,0,1,1,https://www.cbs8.com/article/news/pro-migrant-pro-border-security-activists-hold-rallies-at-the-border/509-57d17cf9-1b9c-4948-b34f-491ccae77d6d,,,
San Diego,Border Field State Park,San Diego,CA,US,2018-12-15,dozens,24,,24,,,religious leaders,protesting against the border wall and in favor of migrants,1,counter protest,0,0,0,0,0,1,https://www.cbs8.com/article/news/pro-migrant-pro-border-security-activists-hold-rallies-at-the-border/509-57d17cf9-1b9c-4948-b34f-491ccae77d6d,,,
Anchorage,,Anchorage,AK,US,2018-12-16,,,,,,,general protestors,rallying for International Day to End Violence Against Sex Workers,1,rally,,,,,1,1,http://www.december17.org/2018-event-locations/,,,
Canton,,Fulton,IL,US,2018-12-16,count pic,1,,1,,,general protestors,drug overdose awareness vigil,0,vigil,,,,,1,1,https://twitter.com/Sue98767037/status/1074471732814200834,,,
Chapel Hill ,UNC,Orange,NC,US,2018-12-16,na,8,,8,,,neo-Confederates,prayer vigil in support of confederate statue,2,vigil,0,0,0,0,1,1,https://twitter.com/kayteapeas/status/1074498463365255170,https://www.flickr.com/photos/acrider/sets/72157704707008404/,,
Chapel Hill ,UNC,Orange,NC,US,2018-12-16,about 30,30,,30,,,counter-protestors,protesting white supremacist demonstration in support of confederate statue,1,protest,0,0,0,0,0,1,https://twitter.com/kayteapeas/status/1074498463365255170,https://www.flickr.com/photos/acrider/sets/72157704707008404/,https://www.dailytarheel.com/article/2018/12/confederate-vigil-and-silent-sam-protest-mark-unc-winter-graduation,
El Paso,San Jacinto Plaza,El Paso,TX,US,2018-12-16,FB: 26,26,,26,,,ANSWER (Act Now to Stop War and End Racism) Coalition and the Party for Socialism and Liberation,vigil for migrant child who died in CBP custody,1,vigil,0,0,0,0,1,1,https://www.facebook.com/events/514791992342031/,https://www.kvia.com/news/el-paso/following-child-s-death-el-paso-residents-oppose-handling-of-migrants/936339318,,
Houston,Trinity United Methodist Church,Harris,TX,US,2018-12-16,,,,,,,general protestors,vigil for gun safety,0,vigil,,,,,1,1,https://twitter.com/ArtAcevedo/status/1074436858246033411,,,
Oakland ,,Alameda,CA,US,2018-12-16,,,,,,,general protestors,vigil for those lost to gun violence; pro-gun reform,1,vigil; rally,,,,,1,1,https://twitter.com/BuffyWicks/status/1074523073309683712,,,
Richmond,,Wayne,IN,US,2018-12-16,dozens,24,,24,,,general protestors,vigil for mother of boy who killed himself when his attempted school shooting was interrupted by police,0,vigil,0,0,0,0,1,1,https://www.wthr.com/article/richmond-rallies-days-after-school-shooting-incident,,,
Scarsdale,Scarsdale Congregational Church,Westchester,NY,US,2018-12-16,,,,,,,Moms Demand Action,vigil against gun violence,1,vigil,,,,,1,1,https://twitter.com/ShelleyBMayer/status/1074486271496601600,,,
Tucson,El Tiradito Shrine,Pima,AZ,US,2018-12-16,,,,,,,general protestors,rallying for International Day to End Violence Against Sex Workers,1,vigil,,,,,1,1,http://www.december17.org/2018-event-locations/,,,
Selma,Lincoln Park,Fresno,CA,US,2018-12-16,more than 60,60,,60,,,general protestors,protest gun violence,1,protest,0,0,0,0,1,1,https://www.fresnobee.com/news/local/article223193110.html,,,
Modesto,Stanislaus County Sheriff’s Department,Stanislaus,CA,US,2018-12-16,na,120,,120,,,Direct Action Everywhere,protesting ranches and animal cruelty,0,protest,0,0,0,0,1,1,https://www.modbee.com/news/article223005615.html,,,
Chicago ,Perspectives Math and Science Academy,Cook,IL,US,2018-12-17,,,,,,,general protestors,protesting gun volience; honoring the life of a killed student ,1,vigil; protest,0,0,0,0,1,1,https://wgntv.com/2018/12/17/vigil-held-for-23-year-old-chicago-student-slain-in-missouri/,,,
Chicago ,Daley Plaza Chicago Loop,Cook,IL,US,2018-12-17,FB: 69,69,,69,,,general protestors,rallying for International Day to End Violence Against Sex Workers,1,rally,,,,,1,1,https://www.facebook.com/events/562603760840248/,,,
Colorado Springs ,,El Paso,CO,US,2018-12-17,more than 50 ,50,,50,,,general protestors,protesting gun violence; honoring the life of Brandon Coffin,1,vigil; protest,0,0,0,0,1,1,https://gazette.com/news/two-men-arrested-in-fatal-friday-night-shootings-in-east/article_b3b2897e-022c-11e9-8326-13c297da6db2.html,,,
Corvallis,Downtown,Benton,OR,US,2018-12-17,,,,,,,general protestors,protesting white nationalism,1,protest,4,1,0,0,1,1,https://thehill.com/blogs/blog-briefing-room/news/422004-oregon-white-nationalist-hospitalized-after-clash-with?rnd=1545183755,,,
Eugene,,Lane,OR,US,2018-12-17,about a dozen,12,,12,,,Egan Warming Center,vigil for homeless veterans,1,vigil,0,0,0,0,1,1,http://www.klcc.org/post/organizers-call-more-support-homeless-veterans-egan-remembrance-vigil,https://twitter.com/EganWarming,,
Honolulu,First Unitarian church,Honolulu,HI,US,2018-12-17,,,,,,,general protestors,rallying for International Day to End Violence Against Sex Workers,1,rally,,,,,1,1,http://www.december17.org/2018-event-locations/,,,
Las Vegas,,Clark ,NV,US,2018-12-17,,,,,,,general protestors,rallying for international Day to End Violence Against Sex Workers,1,vigil,,,,,1,1,http://www.december17.org/2018-event-locations/,,,
Los Angeles,Hollywood,Los Angeles,CA,US,2018-12-17,,,,,,,general protestors,rallying for International Day to End Violence Against Sex Workers,1,rally,,,,,1,1,http://www.december17.org/2018-event-locations/,,,
Los Angeles,1431 S Atlantic Blvd,Los Angeles,CA,US,2018-12-17,,,,,,,general protestors,rallying for international Day to End Violence Against Sex Workers,1,vigil,,,,,0,1,http://www.december17.org/2018-event-locations/,,,
Los Angeles,Placita Olvera,Los Angeles,CA,US,2018-12-17,FB: 216,216,,216,,,general protestors,Vigil for 7 year old Guatemalan girl who died while in custody of border patrol,1,vigil,,,,,0,1,https://twitter.com/TsbStringr/status/1074886912035381248,https://www.facebook.com/events/2219467908309981/,,
Louisville,9851 La Grange Rd,Jefferson,KY,US,2018-12-17,,,,,,,general protestors,rallying for international Day to End Violence Against Sex Workers,1,rally,,,,,1,1,http://www.december17.org/2018-event-locations/,,,
Manchester,235 Hanover St,Hillsborough,NH,US,2018-12-17,,,,,,,general protestors,rallying for international Day to End Violence Against Sex Workers,1,rally,,,,,1,1,http://www.december17.org/2018-event-locations/,,,
Milwaukee,Milwaukee Public Library,Milwaukee,WI,US,2018-12-17,FB: 17,17,,17,,,general protestors,rallying for international Day to End Violence Against Sex Workers,1,vigil,,,,,1,1,https://www.facebook.com/events/1047336562114734/,,,
Minneapolis,Seward Cafe,Hennepin,MN,US,2018-12-17,,,,,,,general protestors,rallying for international Day to End Violence Against Sex Workers,1,vigil,,,,,1,1,http://www.december17.org/2018-event-locations/,,,
New Haven,Grand Ave and Ferry St,New Haven,CT,US,2018-12-17,,,,,,,general protestors,rallying for international Day to End Violence Against Sex Workers,1,rally,,,,,1,1,http://www.december17.org/2018-event-locations/,,,
New York City,Judson Memorial Church,New York,NY,US,2018-12-17,FB: 42,42,,42,,,general protestors,rallying for international Day to End Violence Against Sex Workers,1,rally,,,,,1,1,https://www.facebook.com/events/257706864893155/,,,
Omaha,6203 University Dr N,Douglas,NE,US,2018-12-17,,,,,,,general protestors,rallying for international Day to End Violence Against Sex Workers,1,vigil; march,,,,,1,1,http://www.december17.org/2018-event-locations/,,,
Orlando,320 N Fern Creek Ave,Orange,FL,US,2018-12-17,,,,,,,general protestors,rallying for international Day to End Violence Against Sex Workers,1,vigil,,,,,1,1,https://www.facebook.com/events/246191276088739/?active_tab=about,http://www.december17.org/2018-event-locations/,,
Philadeplhia,Thomas Paine Plaza,Philadelphia,PA,US,2018-12-17,FB: 6,6,,6,,,general protestors,rallying for international Day to End Violence Against Sex Workers,1,rally,,,,,1,1,http://www.december17.org/2018-event-locations/,,,
Pittsburgh,Persad Center,Allegheny,PA,US,2018-12-17,,,,,,,general protestors,rallying for international Day to End Violence Against Sex Workers,1,rally,,,,,1,1,http://www.december17.org/2018-event-locations/,,,
Portland,SW Park and Salmon St,Multnomah,OR,US,2018-12-17,,,,,,,general protestors,rallying for international Day to End Violence Against Sex Workers,1,vigil,,,,,1,1,http://www.december17.org/2018-event-locations/,,,
Providence,340 Lockwood St.,Providence,RI,US,2018-12-17,,,,,,,Coyote RI,rallying for international Day to End Violence Against Sex Workers,1,vigil,,,,,1,1,https://www.facebook.com/events/326704017874571/,http://www.december17.org/2018-event-locations/,,
Sacramento,4433 Florin Road,Sacramento,CA,US,2018-12-17,,,,,,,general protestors,rallying for international Day to End Violence Against Sex Workers,1,vigil; march,,,,,1,1,http://www.december17.org/2018-event-locations/,,,
Salt Lake City,City Creek Center,Salt Lake,UT,US,2018-12-17,FB: 39,39,,39,,,Youth of Utah Advocacy Coalition,rallying for international Day to End Violence Against Sex Workers,1,vigil,,,,,1,1,https://www.facebook.com/events/1987946407967486/,,,
Seattle,The Merchant Cafe and Saloon,King,WA,US,2018-12-17,,,,,,,general protestors,rallying for international Day to End Violence Against Sex Workers,1,rally,,,,,1,1,http://www.december17.org/2018-event-locations/,,,
South Pasadena,,Los Angeles,CA,US,2018-12-17,,,,,,,general protestors,vigil for migrant child who died in CBP custody,1,vigil,,,,,1,1,https://twitter.com/LatinoLA/status/1074901830100910081,,,
Washington ,Reeves Center Municipal Building,DC,DC,US,2018-12-17,FB: 59,59,,59,,,general protestors,rallying for international Day to End Violence Against Sex Workers,1,rally,,,,,1,1,https://www.facebook.com/events/349618438922115/,,,
Washington ,outside CBP offices,DC,DC,US,2018-12-17,,,,,,,general protestors,vigil for migrant child who died in CBP custody,1,vigil,,,,,0,1,https://twitter.com/timothy_neil/status/1074716307210289153,,,
New York City,Foley Square,New York,NY,US,2018-12-17,FB: 102,102,,102,,,Make the Road NY,vigil for migrant child who died in CBP custody,1,vigil; protest,,,,,1,1,https://twitter.com/MaketheRoadNY/status/1074835907683999744,https://www.facebook.com/events/199013631045624/,,
Austin,school board meeting,Travis,TX,US,2018-12-17,more than 70,70,,70,,,students,protest teacher layoffs,0,protest,0,0,0,0,1,1,https://www.kxan.com/news/local/austin/southwest-key-charter-school-students-protest-at-board-meeting/,,,
Goshen,city hall,Elkhart,IN,US,2018-12-17,count pic,4,,4,,,general protestors,rallying for homeless shelter,0,rally;protest,0,0,0,0,1,1,https://www.goshennews.com/news/local_news/advocates-for-the-homeless-rally-for-construction-of-shelter-in/article_b5ba1dff-f664-52c2-8d5c-d1f4810e94e1.html,,,
Boston,South Station,Suffolk,MA,US,2018-12-17,dozens,24,,24,,,Amtrak workers,protest outsourcing of jobs,0,protest,0,0,0,0,1,1,https://www.bostonglobe.com/business/2018/12/17/unions-protest-south-station-over-possible-outsourcing-amtrak-jobs/OOLXakoiMBSMqqptRgcU2I/story.html,,,
San Francisco ,Mission Police Station ,San Francisco,CA,US,2018-12-17,two dozen,24,,24,,,general protestors,protesting criminalization of sex workers,0,protest,0,0,0,0,1,1,https://missionlocal.org/2018/12/sex-workers-advocates-denied-entry-into-mission-station-in-protest-over-sex-worker-abatement-unit/,,,
San Rafael,city hall,Marin,CA,US,2018-12-17,more than 50,50,,50,,,general protestors,protest 65% rent hike,0,protest,0,0,0,0,1,1,https://www.marinij.com/2018/12/18/san-rafael-activists-rally-against-canal-rent-hike/,,,
Frankfort,state capitol,Franklin,KY,US,2018-12-17,,,,,,,general protestors,protest special session of legislature to adjust state pensions,0,protest,0,0,0,0,1,1,https://www.kentucky.com/news/politics-government/article223225420.html,,,
Boston,at the corner of Melnea Cass Boulevard and Albany Street,Suffolk,MA,US,2018-12-18,,,,,,,students,decrying the number of discarded needles near the Orchard Gardens K-8 Pilot School,0,protest,0,0,0,0,1,1,https://www.usnews.com/news/best-states/massachusetts/articles/2018-12-19/students-protest-discarded-needles-found-around-school,https://www.bostonglobe.com/metro/2018/12/18/fed-with-stepping-over-needles-walk-school-students-stage-protest/CojNHiqhDvV3qQGyIfdx7N/story.html,,
Online ,,,,US,2018-12-18,,,,,,,NAACP,protesting Facebook's data hacks that target people of color  ,1,protest;logoff,0,0,0,0,1,1,https://www.naacp.org/latest/naacp-leads-logoutfacebook-protest-returns-donation-facebook-response-data-breaches-targeting-people-color/,,,
Springfield,in front of the Roseburg Forest Products company,Lane,OR,US,2018-12-18,FB: 78,78,,78,,,Water for Citizens of Weed CA,protesting company's legal control of water,1,protest,0,0,0,0,1,1,https://nbc16.com/news/local/citizens-of-week-ca-protest-for-water-rights-in-springfield,https://www.facebook.com/events/218338489065764/,,
Yonkers,city hall,Bronx,NY,US,2018-12-18,,,,,,,Union members,rallying for jobs on public projects,0,rally,0,0,0,0,1,1,http://westchester.news12.com/story/39657360/labor-union-members-rally-for-jobs-on-public-projects,,,
Nashville,Bridgestone Americas HQ,Davidson,TN,US,2018-12-18,,,,,,,general protestors,rally against deforestation,0,rally,0,0,0,0,1,1,https://www.newschannel5.com/news/activists-rally-for-sustainability-at-bridgestone-headquarters,,,
Robbinsville,Amazon's fulfillment center,Mercer,NJ,US,2018-12-18,around 30,30,,30,,,general protestors,rally for safer working conditions,0,rally;protest,0,0,0,0,1,1,https://www.nj.com/mercer/2018/12/nj-amazon-warehouse-workers-rally-for-better-safety-after-bear-repellent-mishap.html,,,
Milwaukee,We Energies HQ,Milwaukee,WI,US,2018-12-18,a dozen,12,,12,,,general protestors,protest coal dust and fossil fuels,1,protest,0,0,0,0,1,1,https://www.wisn.com/article/dusty-the-snow-man-we-energies-protest-takes-on-holiday-theme/25620621,,,
Portage,Mexico Lindo restaurant,Kalamazoo,MI,US,2018-12-18,nearly 100,100,,100,,,general protestors,protest ICE arrests of restaurant owner and employees,1,protest;rally,0,0,0,0,1,1,https://www.nwitimes.com/news/local/govt-and-politics/portage-solidarity-rally-supports-restaurant-owner-workers-detained-in-raid/article_8b0dbc25-ac4d-532f-9baf-affdf032c213.html,,,
Boston,Mayor's office,Suffolk,MA,US,2018-12-18,,,,,,,PILOT Action Group,demand nonprofits pay taxes,0,protest,0,0,0,0,1,1,https://www.bostonherald.com/2018/12/19/bostonians-protest-want-nonprofits-to-pay-up/,,,
Elk River,"Sherburne County Detention Center, 13880 Business Center Dr NW",Sherburne,MN,US,2018-12-19,,,,,,,Sherburne County Sanctuary and Resistance to Injustice,in solidarity with immigrant detainees and everyone associated with the Sherburne County Jail,1,vigil,,,,,1,1,https://mnicom.org/2018/12/11/december-2018-vigil/,,,
Glendale ,USC Verdugo Hills Hospital ,Los Angeles,CA,US,2018-12-19,about 40 ,40,,40,,,Hospital Employees,protesting the current contract neigoations; demanding higher wages ,0,protest,0,0,0,0,1,1,https://www.latimes.com/socal/glendale-news-press/news/tn-gnp-me-uscvhh-protest-20181221-story.html,,,
New York,Brooklyn Borough Hall.,Kings,NY,US,2018-12-19,,,,,,,general protestors,protest inaction on climate change,1,protest,0,0,0,0,1,1,https://twitter.com/AlexandriaV2005/status/1075569761302560769,,,
Rocklin,Whitnet High School Gym ,Placer,CA,US,2018-12-19,600 members ,600,,600,,,CA Teachers ,"demanding increased wages, funding and resources ",0,protest,0,0,0,0,1,1,https://edsource.org/2018/teacher-activism-nationwide-fueling-protest-movement-in-california/606340,,,
Williamsville,Comprehensive Rehabilitation and Nursing Center,Erie,NY,US,2018-12-19,,,,,,,union nursing home workers,protest lack of contract,0,protest,0,0,0,0,1,1,https://buffalonews.com/2018/12/19/nursing-home-workers-protest-lack-of-contract/,,,
London,Sen McConnell's office,Laurel,KY,US,2018-12-19,,,,,,,general protestors,protest cuts in funding for Black Lung Disability Trust Fund,0,protest,0,0,0,0,1,1,https://www.wkyt.com/content/news/503163871.html,,,
Bismarck,Rep. Kevin Cramer's office,Hot Spring,AK,US,2018-12-19,about 20,20,,20,,,general protestors,rally for passage of Savanna's Act,0,rally,0,0,0,0,1,1,https://bismarcktribune.com/news/local/group-rallies-outside-cramer-s-office-in-bismarck-to-urge/article_2d15b1bd-a193-5254-a87d-75daa753d14b.html,,,
Los Angeles,Hall of Justice,Los Angeles,CA,US,2018-12-19,,,,,,,Black Lives Matter LA,"against police brutality, for police accountability, Black Lives Matter, against District Attorney Jackie Lacey",1,protest,,,,,1,1,https://www.cnn.com/2020/07/10/us/jackie-lacey-la-da-black-lives-matter/index.html,https://www.newyorker.com/magazine/2020/11/16/after-years-of-protests-every-wednesday-la-activists-welcome-a-new-da,,
Manhattan,Gov. Andrew Cuomo’s ,New York,NY,US,2018-12-19,two dozen,24,,24,,,general protestors,protest state’s new surcharge congestion plan,0,protest,0,0,0,0,1,1,https://www.amny.com/transit/taxi-surcharge-protest-1.24749533,,,
Spokane,downtown,Spokane,WA,US,2018-12-19,about 15,15,,15,,,general protestors,protest laws criminalizing homelessness,0,protest,0,0,0,0,1,1,https://www.spokesman.com/stories/2018/dec/19/homelessness-activists-protest-sit-lie-law-by-targ/,,,
Temple Hills,outside the site of a medical marijuana dispensery,Prince George's,MD,US,2018-12-19,small,,,,,,general protestors,protesting against having a medical marijuana dispensary near a church ,0,protest,0,0,0,0,1,1,https://www.wusa9.com/article/news/children-over-cannabis-church-protesters-say-new-site-breaks-law-in-pg-co/65-248b92d0-39c7-4d47-aa5a-315133c5330b,,,
Abingdon,outside U.S. Rep. Morgan Griffith’s Abingdon office ,Washington,VA,US,2018-12-20,more than 30,30,,30,,,general protestors,protesting the loss of some black lung medical benefits,1,protest,0,0,0,0,1,1,https://www.swvatoday.com/news/article_8438aa32-2109-592c-8a25-62968c986d12.html,,,
Erie ,949 Hess Ave,Erie,PA,US,2018-12-20,,,,,,,Benedictine Sisters of Erie,protesting gun violence; honoring the life of Selena Wall,1,vigil;protest,0,0,0,0,1,1,https://www.eriebenedictines.org/event/tbts-selena-wall,,,
New Orleans,Mary Queen of Vietnam Church,New Orleans,LA,US,2018-12-20,,,,,,,general protestors,protesting President Trump's deportation policy,1,protest,0,0,0,0,1,1,https://www.foxnews.com/us/vietnamese-community-rallies-against-us-deportations,,,
Washington ,Freedom Plaza,DC,DC,US,2018-12-20,,,,,,,The People For Fairness Coalition,vigil for those who died while experiencing homelessness,1,vigil,,,,,1,1,https://twitter.com/SOME_DC/status/1075773261160407040,https://www.eventbrite.com/e/people-for-fairness-homeless-memorial-vigil-tickets-52909045379#,,
Minneapolis,Senator Klobuchar's office,Hennepin,MN,US,2018-12-20,,,,,,,general protestors,rally against any deal for border wall funding,1,rally,,,,,,,http://www.fightbacknews.org/2018/12/19/border-wall-funding-protest-set-senator-klobuchars-office,,,
Chicago ,King College Prep School,Cook,IL,US,2018-12-20,about 50,50,,50,,,students,protest new dress code policy changes ,0,protest;sit-in,0,0,0,0,1,1,https://chicago.suntimes.com/2018/12/20/18439597/king-college-prep-students-walk-out-in-third-clash-with-embattled-new-principal,,,
Carlton,Nasenius Road,Carlton,MN,US,2018-12-20,,,,,,,general protestors,protesting new energy pipeline,0,protest,2,0,0,0,1,1,https://www.duluthnewstribune.com/news/crime-and-courts/4546468-enbridge-protesters-arrested-carlton-county,,,
Willoughby,Willoughby Municipal Court ,Lake,OH,US,2018-12-20,count pic,8,,8,,,general protestors,demanding conviction and strong sentence for animal abuse,0,rally,0,0,0,0,1,1,https://www.cleveland.com/court-justice/2018/12/animal-advocates-rally-outside-willoughby-courthouse-ahead-of-hearing-for-couple-accused-of-abusing-dog.html,,,
Surfside,puppy boutique,Horry,SC,US,2018-12-20,about 20,20,,20,,,general protestors,protest opening of puppy boutique,0,protest,,,,,,,https://www.myhorrynews.com/news/objectors-protest-incoming-puppy-boutique/article_da486e08-03eb-11e9-a90a-bbe1d8865929.html,,,
Vancouver,Robert C. Bates Center for Educational Leadership,Clark,WA,US,2018-12-20,,,,,,,Vancouver Association of Educational Support Professionals,protest for improved wages and working conditions,0,protest,0,0,0,0,1,1,https://www.columbian.com/news/2018/dec/20/vancouver-public-schools-support-staff-march-past-board/,,,
Eugene,Downtown Athletic Club to Kesey Square ,Lane,OR,US,2018-12-21,more than 20 ,20,,20,,,general protestors,protesting the treatment of homeless people  ,0,protest;march,0,0,0,0,1,1,https://www.registerguard.com/news/20181221/protest-rally-march-over-homelessness-held-in-downtown-eugene,,,
Levering ,Camp Anishinaabek ,Emmet,MI,US,2018-12-21,half a dozen,6,,6,,,general protestors,protesting a oil pipline ,1,protest,0,0,0,0,1,1,https://www.washingtonpost.com/national/health-science/a-submerged-oil-pipeline-triggers-a-winter-of-frigid-protest/2018/12/14/8b65fa12-fd56-11e8-862a-b6a6f3ce8199_story.html?utm_term=.14f1fee87e69,,,
Los Angeles,McCarty Memorial Christian Church,Los Angeles,CA,US,2018-12-21,,,,,,,Our Children LA,vigil for homeless youth who lost their lives,1,vigil,,,,,1,1,https://twitter.com/OurChildrenLA/status/1075233581490814976,,,
New Haven ,Union Station ,New Haven,CT,US,2018-12-21,about 50 ,50,,50,,,Uber and Lyft Drivers ,protesting their wages ,0,protest,0,0,0,0,1,1,https://edsource.org/2018/teacher-activism-nationwide-fueling-protest-movement-in-california/606340,,,
New York,UN Headquarters,New York,NY,US,2018-12-21,count pic,1,,1,,,general protestor,against inaction on climate change,1,strike,0,0,0,0,1,1,https://twitter.com/AlexandriaV2005/status/1076151269029486592,,,
Pittsburgh,"beneath the highway overpass, Grant Street at Fort Pitt Boulevard",Allegheny,PA,US,2018-12-21,,,,,,,Operation Safety Net,vigil for those who died while experiencing homelessness,1,vigil,,,,,1,1,https://twitter.com/PghMercy/status/1075479671184207873,,,
Plainville,,Hartford,CT,US,2018-12-21,several dozen,36,,36,,,State Rep. William Petit,chance for a plainville resident to reside in the U.S.,0,rally,0,0,0,0,1,1,https://www.courant.com/community/plainville/hc-news-plainville-immigration-protes-20181221-4n4sssklenfz7nuh7zarwo6xma-story.html,,,
San Francisco ,United Nations Plaza,San Francisco,CA,US,2018-12-21,,,,,,,San Francisco Interfaith Council,vigil for those who died while experiencing homelessness,1,vigil,,,,,1,1,https://twitter.com/SF_Interfaith/status/1074727086387019776,,,
San Jose,in front of San Jose City Hall ,Santa Clara,CA,US,2018-12-21,,,,,,,general protestors,vigil for deaths of 157 homeless people,1,vigil,0,0,0,0,1,1,https://sfbay.ca/2018/12/26/activists-mourn-157-homeless-deaths-in-santa-clara-county/,,,
Sunnyvale,at the Lockheed Martin gate,Santa Clara,CA,US,2018-12-21,,,,,,,Code Pink,Protesting Lockheed Martin for war profiteering,1,protest,,,,,1,1,https://twitter.com/codepink/status/1075813125860024321,,,
Albuquerque,Homeless Memorial Wall ,Bernalillo,NM,US,2018-12-21,dozens,24,,24,,,general protestors,raise awareness about homelessness,0,rally;march,0,0,0,0,1,1,https://www.krqe.com/news/community-gathers-for-silent-march-to-raise-awareness-for-homeless/,,,
Bastrop,,Morehouse,LA,US,2018-12-22,,,,,,,general protestors,protesting school closures,0,protest,0,0,0,0,1,1,https://www.knoe.com/content/news/Morehouse-Parish-parents-and-clergy-hold-protest-against-school-board-503395001.html,,,
Guadalupe,Park Street and Santa Clara,Guadalupe,TX,US,2018-12-22,,,,,,,Alameda Progressives,No Kids in Cages,1,vigil,0,0,0,0,1,1,https://www.facebook.com/events/221239285468381/?event_time_id=221239295468380,,,weekly event
Hoover,Riverchase Galleria mall,Jefferson,AL,US,2018-12-22,na,2,,2,,,Two BLM activists,demand transparency in police brutality case,1,protest;banner drop,2,0,0,0,1,1,https://whnt.com/2018/12/22/two-demonstrators-arrested-at-hoover-mall/,,,
Trenton,Planned Parenthood clinic,Mercer,NJ,US,2018-12-22,na,4,,4,,,general protestors,discourage women from having abortions,2,protest,4,0,0,0,1,1,https://www.trentonian.com/news/local/pro-life-activists-arrested-in-trenton-after-crashing-planned-parenthood/article_7b6a33a2-064e-11e9-9828-0ba18d9b343f.html,,,
Brownstown,county courthouse,Jackson,IN,US,2018-12-22,"dozens, if not hundreds",24,,200,,,general protestors,rally to preserve nativity scene display at courthouse,0,rally;protest,0,0,0,0,1,1,https://www.wdrb.com/news/dozens-rally-in-defense-of-southern-indiana-nativity-scene-group/article_d54a2b1e-064b-11e9-b58d-b7019215efb1.html,,,
Austin,,Travis,TX,US,2018-12-22,na,2,,2,,,general protestors,protest ICE detentions at the border,1,protest,0,0,0,0,1,1,https://www.kvue.com/article/news/local/austin-couple-builds-nativity-scene-with-baby-jesus-in-ice-detainment-cage/269-624603387,,,
Iowa City,Pentacrest in downtown Iowa City,Johnson,IA,US,2018-12-23,about 50,50,,50,,,Sudanese-Americans,to protest killings of peaceful protesters in Sudan.,0,protest,0,0,0,0,1,1,https://www.press-citizen.com/story/news/2018/12/26/dozens-rally-against-murder-peaceful-protesters-sudan/2413974002/,,,
Katonah,Lasdon Park,Westchester,NY,US,2018-12-23,,,,,,,general protestors,vigil for fallen soldiers,0,vigil,,,,,1,1,https://twitter.com/westchestergov/status/1074717504994463744,,,
Minneapolis,uptown,Hennepin,MN,US,2018-12-23,na,30,,30,,,Minnesota Peace Action Coalition,anti-war,1,protest,0,0,0,0,1,1,http://www.fightbacknews.org/2018/12/27/anti-war-protesters-demand-end-us-militarism-abroad-and-border,,,
Iowa City,Pentacrest in downtown Iowa City,Johnson,IA,US,2018-12-24,about 50,50,,50,,,Sudanese-Americans,to protest killings of peaceful protesters in Sudan.,0,protest,0,0,0,0,1,1,https://www.press-citizen.com/story/news/2018/12/26/dozens-rally-against-murder-peaceful-protesters-sudan/2413974002/,,,
El Paso,Tornillo facility,El Paso,TX,US,2018-12-24,,,,,,,general protestors,protesting migrant detention,1,protest,0,0,0,0,1,1,https://www.ktsm.com/news/local/el-paso-news/christmas-in-tornillo-group-of-people-spend-the-holidays-protesting/1674483071,,,
New York ,Outside the Sudanese Embassy ,New York,NY,US,2018-12-24,,,,,,,general protestors,in solidarity with the Sudan uprising ,0,protest,0,0,0,0,1,1,https://twitter.com/hend_nafea/status/1077287806630838278,,,
Rochester,outside the Masjed Abubakar Siddiq Mosque,Monroe,NY,US,2018-12-24,about 60,60,,60,,,members of the local Sudanese community,in solidarity with the people of Sudan; against current Sudanese leader,0,protest,0,0,0,0,1,1,https://www.postbulletin.com/news/local/sudanese-in-rochester-rally-in-support-of-protesters-back-home/article_893dddce-0baf-11e9-a074-cff71d32eb3d.html,,,
Syracuse,outside the Federal building,Onondaga,NY,US,2018-12-24,,,,,,,CNY Solidarity Coalition and the Syracuse Peace Council,"protesting Trump's border wall plan, gov't shutdown",1,protest,0,0,0,0,1,1,http://www.waer.org/post/local-protesters-opposing-funding-border-wall-gather-amid-government-shutdown,,,
Juneau,Capitol,Juneau,AK,US,2018-12-24,,,,,,,family of police shooting victim,demand better crisis training and more transparency in investigations,0,protest,0,0,0,0,1,1,https://www.juneauempire.com/news/one-year-after-shooting-family-to-rally-on-capitol-steps/,,,
Plainville,,Hartford,CT,US,2018-12-25,more than two dozen ,24,,24,,,general protestors,anti-deportation,1,Rally,0,0,0,0,1,1,https://www.wtnh.com/news/plainville-community-holding-a-vigil-in-support-of-local-man-facing-deportation/1674401533,https://fox61.com/2018/12/25/family-and-friends-hold-rally-for-plainville-man-facing-deportation/,,
Los Angeles,Hall of Justice,Los Angeles,CA,US,2018-12-26,,,,,,,Black Lives Matter LA,"against police brutality, for police accountability, Black Lives Matter, against District Attorney Jackie Lacey",1,protest,,,,,1,1,https://www.cnn.com/2020/07/10/us/jackie-lacey-la-da-black-lives-matter/index.html,https://www.newyorker.com/magazine/2020/11/16/after-years-of-protests-every-wednesday-la-activists-welcome-a-new-da,,
Mankato,Sibley Park,Blue Earth,MN,US,2018-12-26,,,,,,,Anti-colonial Land Defense,"calling to change name of park named after man who oversaw the internment, trials and executions of the Native American men in 1862",1,protest,0,0,0,0,1,1,http://www.mankatofreepress.com/news/local_news/protesters-call-for-sibley-park-rename-in-holiday-lights-disruption/article_2a5879e0-0afb-11e9-a701-23a5081a4a66.html,,,
Huntington,along 5th Avenue at the Cabell County Courthouse,Cabell,WV,US,2018-12-27,,,,,,,general protestors,protesting deaths of immigrant children in border patrol custody,1,protest,0,0,0,0,1,1,https://www.herald-dispatch.com/news/rally-for-dead-immigrant-children-forms-along-th-avenue/article_6bfbf041-f8fe-5812-ab5e-ef41f42b2a2b.html,,,
New York,outside Avenue Capital investment firm,New York,NY,US,2018-12-27,na,18,,18,,,Navajo protesters from Arizona,protesting the investment firm's attempt to keep the Navajo Coal plant open,1,protest,0,0,0,0,1,1,https://cronkitenews.azpbs.org/2018/12/27/dec-27-2018-newscast/,https://cronkitenews.azpbs.org/2018/09/10/navajo-group-protests-power-plant-in-manhattan/,,
Philadelphia,401 Race Street in Old City,Philadelphia,PA,US,2018-12-27,,,,,,,union workers,"pro-labor; protesting substandard construction, dangerous building",1,protest,0,0,0,0,1,1,https://billypenn.com/2018/12/27/union-leader-johnny-doc-heralds-new-era-with-song-and-dance-about-mold/,,,
New York,UN Headquarters,New York,NY,US,2018-12-28,count pic,1,,1,,,general protestor,against inaction on climate change,1,strike,0,0,0,0,1,1,https://twitter.com/AlexandriaV2005/status/1078685186685050882,,,
Phoenix,State Capitol,Maricopa,AZ,US,2018-12-28,,,,,,,general protestors,protesting new vehicle registration fee,0,protest,0,0,0,0,1,1,https://www.azcentral.com/picture-gallery/news/local/phoenix/2018/12/28/vehicle-registration-fee-spurs-protest-arizona-state-capitol/2434192002/,,,
Houston,across from the HISD administration building,Harris,TX,US,2018-12-28,,,,,,,general protestors,protesting against the Harris county treasurer,0,protest,0,0,0,0,1,1,https://www.khou.com/article/news/protester-pours-water-on-harris-county-treasurer-during-news-conference/285-625245896,,,
Brookhaven,"Edgemont Ave, outside of the office of the state senator",Allegheny,PA,US,2018-12-28,na,4,,4,,,general protestors,"protesting in favor of allowing a senator-elect to be sworn in, despite not fitting the requirement of having lived in the state for 4 years",0,protest,0,0,0,0,1,1,https://www.delcotimes.com/news/local/senate-protesters-deliver-petitions-to-killion-office/article_353c509a-0ae0-11e9-bdc6-8371d7e1306f.html,,,
Greensboro,downtown,Guliford,NC,US,2018-12-29,about 150,150,,150,,,members of the local Sudanese community,in solidarity with the people of Sudan; against current Sudanese leader,0,protest,0,0,0,0,1,1,https://www.greensboro.com/news/local_news/group-protests-sudanese-leadership-in-downtown-greensboro-demonstration/article_6d5590bf-2ee8-544b-9fad-4e3bfc9e87d3.html,,,
Nashville,PLAY/Tribe Club to Canvas Club,Davidson,TN,US,2018-12-29,,,,,,,general protestors,anti-LGBT; protesting gay bars,2,protest,0,0,0,0,1,1,https://outandaboutnashville.com/anti-lgbt-christians-new-years-hate/,,,
West Palm Beach,in the inter-coastal,Palm Beach,FL,US,2018-12-29,na,1,,1,,,"Claude Taylor, chairman of Mad Dog PAC","anti-Trump; ""Trump Rat"" float near Mar-a-Lago",1,protest,0,0,0,0,1,1,https://wvah.com/news/nation-world/trump-rat-protest-sails-near-mar-a-lago-trump-supporters-say-hatred-not-politics-behind-it,,,
West Palm Beach,in the inter-coastal,Palm Beach,FL,US,2018-12-29,,,,,,,counter-protestors,protesting Trump Rat float,2,protest,0,0,0,0,1,1,https://wvah.com/news/nation-world/trump-rat-protest-sails-near-mar-a-lago-trump-supporters-say-hatred-not-politics-behind-it,,,
Chapel Hill ,University of North Carolina Chapel Hill,Orange,NC,US,2018-12-29,na,2,,2,,,students,protesting against a confederate monument on the campus,0,protest,0,0,0,0,1,1,https://www.sfgate.com/news/article/Howard-students-wore-nooses-in-1930s-as-part-of-13497449.php,,,
Montgomery ,Hampstead,Montgomery,AL,US,2018-12-30,,,,,,,general protestors,protesting Thanksgiving Day officer-involved shooting,0,protest,0,0,0,0,1,1,http://www.wsfa.com/2018/12/31/police-presence-hampstead-due-protest-near-ags-home/,https://www.enewscourier.com/news/local_news/mall-shooting-protesters-at-alabama-attorney-general-s-home/article_e5e0c1a0-0d11-11e9-91fa-e7907cee54bd.html,,
San Antonio,Alamo,Bexar,TX,US,2018-12-30,,,,,,,members of the local Sudanese community,in solidarity with the people of Sudan; against current Sudanese leader,1,protest,0,0,0,0,1,1,https://news4sanantonio.com/news/local/man-found-dead-in-a-donation-bin-has-been-identified,,,
Kingsport,outside Ballad Health Center,Sullivan,TN,US,2018-12-30,hundreds,200,,200,,,general protestors,protesting against the downgrade of two trauma centers,0,protest,0,0,0,0,1,1,https://wcyb.com/news/local/hundreds-rally-against-ballad-healths-proposed-trauma-center-changes ,,,
Chicago ,Loyola University,Cook,IL,US,2018-12-30,about 20,20,,20,,,Edgewater Historical Society,protesting against the demolition of a historic home and apartment complex,0,protest,0,0,0,0,1,1,https://www.chicagotribune.com/news/breaking/ct-met-loyola-buildings-demolition-edgewater-protest-20181230-story.html,,,
Montgomery,Outside the home of the Alabama Attorney General,Montgomery,AL,US,2018-12-30,about a dozen,12,,12,,,Justice League,protesting the shooting death of a black man by police,0,protest,0,0,0,0,1,1,https://www.al.com/news/birmingham/2018/12/birmingham-protesters-demonstrate-outside-montgomery-home-of-alabama-attorney-general-steve-marshall.html,,,
Denmark,in the city,Bamberg,SC,US,2018-12-30,,,,,,,general protestors,protesting against the contaminated water in Denmark,0,protest,0,0,0,0,1,1,https://www.wrdw.com/content/news/People-in-Denmark-SC-petitioning-Governor-planning-protest-for-safe-water-503681561.html,,,
Beachwood,County Executive Armond Budish's neighborhood,,OH,US,2018-12-31,nearly 30,30,,30,,,Black Lives Matter Cleveland,demanding changes inside the Cuyahoga County jail after inmate deaths,0,protest,0,0,0,0,1,1,https://www.news5cleveland.com/news/local-news/oh-cuyahoga/protesters-demand-changes-at-cuyahoga-county-jail,,,
Lame Deer,through the town,Rosebud,MT,US,2018-12-31,close to 100,100,,100,,,Northern Cheyenne community members,protesting to bring awareness to violence against native women,0,protest,0,0,0,0,1,1,https://billingsgazette.com/news/state-and-regional/montana/family-and-friends-march-to-mourn-northern-cheyenne-teen-found/article_e949da88-582b-5770-aa74-5af0682aa6a4.html,,,
Tiburon,downtown,Marin,CA,US,2018-12-06,100,100,,100,,,general protestors,protesting against antisemetic grafitti in their town,0,protest,0,0,0,0,1,1,https://www.jweekly.com/2018/12/06/tiburon-residents-march-against-hate-after-anti-semitic-graffiti/,,,
Amherst,University of Massachusettes Amherst,Hampshire,MA,US,2018-12-06,,,,,,,students and faculty,protesting against racism and discrimination on campus,0,protest,0,0,0,0,1,1,https://www.youtube.com/watch?v=AEX6LR5fzww,,,
Frankfort,At the capital,Franklin,KY,US,2018-12-18,,,,,,,"workers, KEA",protesting against being shut out of the special legislative session on pensions,0,protest,0,0,0,0,1,1,https://www.kentucky.com/news/politics-government/article223238915.html,,,