CityTown,Location,County,StateTerritory,Country,Date,EstimateText,EstimateLow,BestGuess,EstimateHigh,AdjustedLow,AdjustedHigh,Actor,Claim,Pro(2)/Anti(1),EventType,ReportedArrests,ReportedParticipantInjuries,ReportedPoliceInjuries,ReportedPropertyDamage,TownsCities,Events,Source1,Source2,Source3,Misc.,,,
Scottsdale,Dolphinaris Arizona,Maricopa,AZ,US,2019-01-01,na,20,,20,,,general protestors ,calling for release of dolphins from facility after dolphin deaths,1,protest,0,0,0,0,1,1,https://www.azcentral.com/story/news/local/scottsdale/2019/01/01/protesters-demand-release-after-third-dolphin-dies-dolphinaris-khloe/2458614002/,,,,,,
Trotwood,Salem Mall,Montgomery,OH,US,2019-01-01,,,,,,,"mayor, residents",prayer rally for new jobs,0,prayer rally,0,0,0,0,1,1,https://www.daytondailynews.com/news/local/mayor-residents-trotwood-hold-prayer-rally-old-salem-mall/lu5UGJV8JC7fx21zGfCO7N/,,,,,,
Ann Arbor,Narrow Gauge Way Park,Washtenaw,MI,US,2019-01-02,,,,,,,FAAWN,protesting cull/asking city to spend money on higher priorities,0,protest,0,0,0,0,1,1,https://www.mlive.com/news/ann-arbor/2019/01/ann-arbor-deer-cull-draws-protesters-on-first-day.html,,,,,,
Los Angeles,Hall of Justice,Los Angeles,CA,US,2019-01-02,,,,,,,Black Lives Matter LA,"against police brutality, for police accountability, Black Lives Matter, against District Attorney Jackie Lacey",1,protest,,,,,1,1,https://www.cnn.com/2020/07/10/us/jackie-lacey-la-da-black-lives-matter/index.html,https://www.newyorker.com/magazine/2020/11/16/after-years-of-protests-every-wednesday-la-activists-welcome-a-new-da,,,,,
Modesto,Stanislaus County Courthouse,Stanislaus,CA,US,2019-01-02,hundreds,200,,200,,,general protestors ,protesting first court appearance for Gustavo Arriaga,,protest,0,0,0,0,1,1,https://www.abc10.com/video/news/local/modesto/raw-dozens-protest-outside-the-courthouse-for-alleged-cop-killer-gustavo-arriagas-first-court-appearance/103-3a17605e-03b9-4e5d-b92f-5082c49ed350,,,,,,
Newton,Keogh Dwyer Correctional Facility,Sussex ,NJ,US,2019-01-02,dozens,24,,24,,,general protestors,protesting the arrest of anti-bear hunt activist,1,protest,0,0,0,0,1,1,https://www.nj.com/sussex-county/2019/01/anti-bear-hunt-activists-rally-for-prominent-protester-jailed-for-the-9th-time.html,,,,,,
Portland,,Multnomah,OR,US,2019-01-02,About a dozen and a half,18,,18,,,students,against placing more police officers in Portland schools,0,protest,0,0,0,0,1,1,https://katu.com/news/local/portland-students-plan-walkout-to-protest-school-resource-officers,,,,,,
Rapid City,,Pennington ,SD,US,2019-01-02,,,,,,,residents,against land rezoning along highway,0,meetings,0,0,0,0,1,1,https://rapidcityjournal.com/news/local/govt-and-politics/potential-land-rezone-along-s-highway-draws-protest/article_a950608f-2b4d-5a01-84f9-5a57f71640ec.html,,,,,,
Warwick,Community College of Rhode Island campus,Kent ,RI,US,2019-01-02,about 50,50,,50,,,faculty at Community College of Rhode Island ,oppose shorter winter intersession schedule,0,protest,0,0,0,0,1,1,https://diverseeducation.com/article/135269/,https://turnto10.com/news/local/faculty-at-ccri-protest-short-winter-term,https://www.newportri.com/news/20190102/ccri-faculty-protest-winter-session/1,,,,
Atlanta,outside immigration court,Fulton ,GA,US,2019-01-03,"In addition to the around 200 people who rallied in Springfield on Thursday, Samaniego’s supporters say a similar crowd gathered outside the immigration court in Atlanta.",200,,200,,,general protestors,"calling for the release of Eduardo Samaniego, an immigrant-rights activist",1,rally,0,0,0,0,1,1,https://www.gazettenet.com/Rallies-in-Springfield-Atlanta-call-for-Eduardo-Samaniego-s-release-22539787,,,,,,
Davis,outside the office of Congressman John Garamendi,Yolo,CA,US,2019-01-03,,,,,,,Indivisible Yolo,rally urging tthe passage of a strong H.R. 1 to protect democracy,1,rally,,,,,1,1,https://www.dailydemocrat.com/2019/01/02/indivisible-yolo-plans-rally-outside-congressmans-office-in-davis/,,,,,,
Glens Falls,outside Rep. Elisa Stefanik's office,Warren,NY,US,2019-01-03,,,,,,,Saratoga Progressive Action,protest partial govt shutdown; oppose Wall,1,demonstration,,,,,1,1,https://poststar.com/news/local/demonstration-outside-stefanik-s-office-set-for-thursday/article_3bb10a4f-8a5d-53a5-ae31-278638dcfb8e.html,,,,,,
Kingston,Millard Building in Midtown Kingston,Ulster ,NY,US,2019-01-03,dozens,24,,24,,,New Paltz-based activist group U-ACT,rally in support of progressive issues championed by Democrats,1,rally,0,0,0,0,1,1,http://www.midhudsonnews.com/News/2019/January/04/prog_rally_King-04Jan19.html,https://www.dailyfreeman.com/news/local-news/kingston-rally-touts-progressive-issues-as-democratic-rep-delgado-is/article_d795455e-103a-11e9-9408-dfec9bae789f.html,,,,,
Modesto,outside the Stanislaus Superior Courthouse,Stanislaus,CA,US,2019-01-03,several dozen,36,,36,,,general protesters ,to show respect for slain Newman police Cpl. Ronil Singh and support for his family,0,rally,0,0,0,0,1,1,https://www.modbee.com/news/local/crime/article223848315.html,,,,,,
Oakland,West Oakland BART station,Alameda,CA,US,2019-01-03,about 150,150,,150,,,general protestors ,"protest Jan. 3, 2018 police shooting of Sahleem Tindle",0,protest,0,0,0,0,1,1,https://www.eastbaytimes.com/2019/01/03/bart-closes-west-oakland-station-as-protesters-mark-shooting-anniversary/,https://www.sfgate.com/bayarea/article/west-oakland-bart-protest-trains-not-stop-tindle-13507429.php,https://www.sfchronicle.com/bayarea/article/west-oakland-bart-protest-trains-not-stop-tindle-13507429.php,,,,
Parkersburg,Bicentennial Park next to the Parkersburg Municipal Building,Wood,WV,US,2019-01-03,,,,,,,Wood County Indivisible,"calling for support for the democracy reform bill, House Resolution 1",1,demonstration,,,,,1,1,http://www.newsandsentinel.com/news/local-news/2019/01/wood-county%e2%80%88indivisible-plans-demonstration/,https://www.journal-news.net/journal-news/west-virginians-rally-at-congressman-s-office-over-shutdown/article_69744b4a-1d4c-53dd-a674-fc12d4235a07.html,,,,,
Philadelphia,outside several hospitals,Philadelphia,PA,US,2019-01-03,,,,,,,Pennsylvania Association of Staff Nurses and Allied Professionals,demand fair contract,0,picket lines,0,0,0,0,1,1,https://6abc.com/nurses-picket-in-philly-to-protest-hospital-staffing-levels/5009791/,,,nurses said not a strike; informational,,,
Roswell,Pioneer Plaza,Chaves,NM,US,2019-01-03,count pic,13,,13,,,Roswell Indivisible,against Trump,1,demonstration,0,0,0,0,1,1,https://www.rdrnews.com/2019/01/03/residents-protest-as-new-congress-members-take-oath/,,,,,,
Springfield,in front of the Department of Homeland Security office,Effingham,GA,US,2019-01-03,around 200,200,,200,,,general protestors,"calling for the release of Eduardo Samaniego, an immigrant-rights activist",1,rally,0,0,0,0,1,1,https://www.gazettenet.com/Rallies-in-Springfield-Atlanta-call-for-Eduardo-Samaniego-s-release-22539787,,,,,,
College Park,National Archives and Records Administration,Prince George's,MD,US,2019-01-04,count video,6,,6,,,federal workers,end to government shutdown,1,protest,0,0,0,0,1,1,https://wtop.com/prince-georges-county/2019/01/furloughed-feds-stage-rally-to-speak-out-against-government-shutdown/,,,,,,
Hyannis,,Barnstable,MA,US,2019-01-04,nearly 100,100,,100,,,"Representatives from Indivisible groups from the Lower Cape, Outer Cape and Martha’s Vineyard, along with Cape Cod Women for Change",advocated for US Rep Keating to support and act on bills such as the H.R. 1 Democracy Act,1,rally,0,0,0,0,1,1,https://www.capecodtimes.com/news/20190103/hyannis-rally-pushes-progressive-agenda,,,,,,
Media,on the steps of the Delaware County courthouse,Delaware,PA,US,2019-01-04,,,,,,,"Indivisible Project, Southeastern PA",supporting the new Democratic majority in the U.S. House of Representatives while pushing support for HR 1,1,rally,0,0,0,0,1,1,https://www.delcotimes.com/news/local/group-holds-rally-at-courthouse-to-laud-scanlon-joining-congress/article_ee25250e-0f9b-11e9-9ab6-9726c048acab.html,,,,,,
Menlo Park,1000 El Camino Real,San Mateo,CA,US,2019-01-04,,,,,,,residents,protesting tree removal,0,protest,,,,,1,1,https://www.almanacnews.com/news/2019/01/01/locals-protest-planned-felling-of-seven-redwoods,,,,,,
New York,UN Headquarters,New York,NY,US,2019-01-04,count pic,1,,1,,,general protestor,against inaction on climate change,1,strike,0,0,0,0,1,1,https://twitter.com/AlexandriaV2005/status/1081220292675072000,,,,,,
Parkersburg,from Bicentennial Park to the offices of U.S. Rep. David McKinley,Wood,WV,US,2019-01-04,approximately 25,25,,25,,,members of Wood County Indivisible,to mark the first day of Democratic Party control of the House of Representatives and encourage McKinley to support a clean government funding resolution with no border wall funding,1,march,0,0,0,0,1,1,https://www.journal-news.net/journal-news/west-virginians-rally-at-congressman-s-office-over-shutdown/article_69744b4a-1d4c-53dd-a674-fc12d4235a07.html,,,,,,
Parsippany,outside of the Board of Education building,Morris,NJ,US,2019-01-04,hundreds,200,,200,,,"teachers, students",rallying for a new contract and speaking on behalf of a suspended custodian,1,rally,0,0,0,0,1,1,https://www.dailyrecord.com/story/news/2019/01/03/parsippany-school-board-emotional-meeting-teachers-contract-suspended-custodian/2475754002/,,,,,,
Richmond,440 Civic Center Plaza,Contra Costa,CA,US,2019-01-04,,,,,,,Indivisible East Bay,call on Congress to reduce the influence of money in politics,1,rally,,,,,1,1,https://www.sfchronicle.com/politics/article/Bay-Area-political-events-Oscar-Grant-13500309.php,,,,,,
St. Louis,outside the Federal Center on Goodfellow Blvd,St. Louis,MO,US,2019-01-04,count pic,8,,8,,,USDA workers in St. Louis,calling for an end to the government shutdown,1,protest,0,0,0,0,1,1,https://www.stltoday.com/news/local/metro/federal-workers-in-st-louis-protest-speak-out-against-government/article_5be4879d-0fb8-5221-bffc-aca6b1671a97.html,https://www.kmov.com/news/federal-workers-hold-rally-in-st-louis-to-protest-government/article_39a24df0-107c-11e9-8e31-e79686d8fbec.html,,,,,
Temecula,outside Rep. Hunter's office,Riverside,CA,US,2019-01-04,about 40,40,,40,,,constituents/Indivisible Fallbrook,"expressing support for the new Democratic-controlled Congress, as well as ending the government shutdown and several other progressive issues",1,rally,0,0,0,0,1,1,https://www.sandiegouniontribune.com/news/politics/sd-me-indivisible-new-congress-20190103-story.html,https://www.sandiegouniontribune.com/visuals/photography/sd-pg-indivisible-fallbrook-rally-at-hunters-temecula-office-20190103-photogallery.html,,,,,
Utica,Oneida Square Roundabout on Genesee Street,Oneida,NY,US,2019-01-04,about 40,40,,40,,,Indivisible Mohawk Valley,urging Congressman Anthony Brindisi to support the democracy reform bill H.R.1.,1,demonstration,0,0,0,0,1,1,https://madisoncountycourier.com/?p=98679,,,,,,
Clayton,Clayton Park,St. Louis,MO,US,2019-01-05,at least 150,150,,150,,,Trump supporters,rally to support Trump/his wall,2,rally,0,0,0,0,1,1,https://www.stltoday.com/news/local/govt-and-politics/trump-supporters-rally-in-clayton-for-border-wall/article_93498076-24d8-5dca-a8f7-ed7b0018fda7.html,,,,,,
Cookeville,Putnam County Library,Putnam,TN,US,2019-01-05,couple hundred,200,,200,,,Tennessee Pastors Network,"against Drag Queen Story Hour at Putnam County Library, for Christian values",2,protest,0,0,0,0,1,1,https://fox17.com/news/local/drag-queen-story-hour-goes-on-despite-tn-pastors-network-protesters,,,,,,
Cookeville,Putnam County Library,Putnam,TN,US,2019-01-05,,,,,,,general protesters,in support of Drag Queen Story Hour at Putnam County Library,1,counter-protest,0,0,0,0,0,1,https://fox17.com/news/local/drag-queen-story-hour-goes-on-despite-tn-pastors-network-protesters,,,,,,
Denver,outside Colorado State Capitol Building,Denver,CO,US,2019-01-05,,,,,,,general protestors,supporting mother who sought sanctuary in Boulder church,1,rally,0,0,0,0,1,1,https://denver.cbslocal.com/2019/01/05/ingrid-encalada-latorre-immigration-sanctuary/,,,,,,
Houston ,in the parking lot of a Walmart near where the shooting happened,Harris,TX,US,2019-01-05,hundreds,200,,200,,,general protestors,a rally for a 7-year-old Houston girl whose killer remains at large,0,rally,0,0,0,0,1,1,https://www.kbtx.com/content/news/Hundreds-rally-as-7-year-old-girls-killer-remains-at-large-503962031.html,https://www.thelily.com/this-is-our-angel-now-houston-community-rallies-for-justice-in-aftermath-of-jazmine-barnes-slaying/,https://www.pressherald.com/2019/01/05/hundreds-rally-in-houston-with-girls-killer-still-at-large/,https://www.khou.com/article/news/community/community-rallies-in-support-of-jazmine-barnes/285-626328000,,https://www.wacotrib.com/news/hundreds-rally-as--year-old-houston-girl-s-killer/article_d85e647a-a475-5f19-b2cd-fffc72bee6c7.html,https://www.latimes.com/nation/la-na-jazmine-houston-shooting-20190105-story.html
Mankato,Sibley Park,Blue Earth,MN,US,2019-01-05,,,,,,,Anti-colonial Land Defense,protesting for a name change of Sibley Park,1,protest,0,0,0,0,1,1,https://www.mankatofreepress.com/news/local_news/sibley-park-protest-stirs-emotions/article_a987c3f6-1055-11e9-981c-3f8f474dc3d9.html,,,,,,
Nashville,rally began at Bicentennial Mall and led into a march to the state capitol,Davidson,TN,US,2019-01-05,roughly 75,75,,75,,,general protestors,pleading for Cyntoia Brown's clemency,1,rally,0,0,0,0,1,1,https://www.tennessean.com/story/news/2019/01/05/cyntoia-brown-supporters-rally-nashville-bill-haslam/2481898002/,,,,,,
Portland,City Hall,Multnomah,OR,US,2019-01-05,about 100,100,,100,,,"building owners, musician advocates, NAACP",protesting mandated upgrades to city structures/sign ordinance on buildings (free speech argument),0,protest,0,0,0,0,1,1,https://www.kgw.com/article/news/local/building-owners-to-protest-portlands-seismic-mandates/283-278100a1-8f18-464e-9d32-4bc82fa5b47f,https://pamplinmedia.com/pt/9-news/416324-318766-naacp-music-venues-protest-citys-earthquake-sign-rules,https://www.oregonlive.com/portland/2019/01/portland-naacp-others-rally-demanding-city-rescind-earthquake-warning-sign-ordinance.html,,,,
Portland,Oregon Zoo,Multnomah,OR,US,2019-01-05,,,,,,,general protestors ,vigil for elephants who have died in captivity,1,vigil,,,,,1,1,https://www.facebook.com/events/332939500642334/,,,,,,
Storm Lake,,Buena Vista,IA,US,2019-01-05,,,,,,,Elizabeth Warren supporters,campaign event,1,rally,1,0,0,0,1,1,https://www.desmoinesregister.com/story/news/2019/01/05/minnesota-man-arrested-attempting-assault-people-sen-elizabeth-warren-storm-lake-political-rally/2492006002/,https://siouxcityjournal.com/news/local/crime-and-courts/man-arrested-for-disorderly-conduct-at-elizabeth-warren-rally-in/article_4a25e468-26e1-5c2c-9127-21a9cd347675.html,https://www.bostonglobe.com/news/politics/2019/01/07/trump-backer-arrested-after-fracas-elizabeth-warren-rally-iowa/bVWZJBrM7DA9KOuK1CqZcP/story.html,,https://www.bostonherald.com/2019/01/07/trump-backer-arrested-after-fracas-at-warren-rally-in-iowa/,,
Syracuse,,Onondaga,NY,US,2019-01-05,,,,,,,referees,protesting new payment system,0,protest,,,,,1,1,https://www.syracuse.com/highschoolsports/2019/01/indoor-track-and-field-officials-plan-to-stay-home-again-in-protest-over-payment-system.html,,,,,,
Washington,outside of White House,DC,DC,US,2019-01-05,,,,,,,Jovi Val,"a rally in support of James Alex Fields, the man who drove his car into a crowd in Charlottesville, Virginia",2,rally,0,0,0,0,1,1,https://wtop.com/dc/2019/01/4-arrested-after-throwing-paint-filled-water-balloons-at-protesters-outside-white-house/,,,,,,
Washington ,outside of White House,DC,DC,US,2019-01-05,,,,,,,members of an anti-Fascist group,threw paint-filled balloons at a group holding a rally to support “oppressed conservatives” across the U.S,1,counter-protest,4,0,0,0,1,1,https://wtop.com/dc/2019/01/4-arrested-after-throwing-paint-filled-water-balloons-at-protesters-outside-white-house/,,,,,,
El Paso,Pasa Del Norte bridge,El Paso,TX,US,2019-01-06,about a dozen,12,,12,,,general protestors ,against illegal immigration,2,protest,0,0,0,0,1,1,https://www.kvia.com/news/el-paso/el-paso-residents-protest-asylum-seekers/968565013,,,,,,
Mercerberg,in the chapel at Mercersburg Academy,Franklin,PA,US,2019-01-06,,,,,,,Mercersburg Area Churches Inc,commemorative service to celebrate the life of the Rev. Martin Luther King Jr.,1,commemorative service,,,,,1,1,https://www.heraldmailmedia.com/news/tri_state/pennsylvania/mercersburg-mlk-service-planned-with-unity-march/article_8312a17f-8d16-52ab-8b31-bae13b9bdc87.html,,,,,,
Mercerberg,Mercersburg Borough Hall,Franklin,PA,US,2019-01-06,,,,,,,Mercersburg Area Churches Inc,unity march,1,march,,,,,1,1,https://www.heraldmailmedia.com/news/tri_state/pennsylvania/mercersburg-mlk-service-planned-with-unity-march/article_8312a17f-8d16-52ab-8b31-bae13b9bdc87.html,,,,,,
Philadelphia,City Hall,Philadelphia,PA,US,2019-01-06,more than two dozen,24,,24,,,Sudanese community,against Sudanese President Omar al-Bashir,0,protest,0,0,0,0,1,1,https://whyy.org/articles/philly-area-sudanese-community-protests-in-solidarity-with-demonstrators-in-khartoum/,,,,,,
Queensbury,outside of the Queensbury Church of Christ on Aviation Road,Warren,NY,US,2019-01-06,na,6,,6,,,Kailey Strafford,protesting anti-immigration sign at area church,1,protest,0,0,0,0,1,1,https://poststar.com/news/local/sign-sparks-immigration-protest-though-church-says-it-was-misinterpreted/article_89c73329-8e90-520a-8990-a97f72fbc4ad.html,http://www.oleantimesherald.com/news/state/sign-sparks-immigration-protest-though-church-says-it-was-misinterpreted/article_ecb7e79e-d068-53c2-97ff-0ff93c72adc3.html,,,,,
Birmingham,in front of the Birmingham Civil Rights Institute,Jefferson,AL,US,2019-01-07,count pic,6,,6,,,general protestors ,protest cancellation of award for Angela Davis; Israel-Palestine,0,protest,0,0,0,0,1,1,https://www.al.com/news/2019/01/activists-protest-civil-rights-institute-decision-to-withdraw-award-for-angela-davis.html,https://www.nhregister.com/news/world/article/The-Latest-Activists-protest-move-to-rescind-13514295.php,,,,,
Houlton,,Aroostook,ME,US,2019-01-07,na,17,,17,,,teachers,protesting contract dispute,1,protest,0,0,0,0,1,1,https://thecounty.me/2019/01/09/news/teachers-rsu-29-at-contract-impasse/,,,,,,
Johnson County,Johnson County Supervisor’s Budget Meeting,Johnson,IA,US,2019-01-07,,,,,,,animal rights advocates,protesting tax payer money spent on child rodeos,0,protest,0,0,0,0,1,1,https://kwwl.com/news/top-stories/2019/01/07/iowas-protest-tax-money-funding-child-rodeos/,,,,,,
Manhattan,Barnard College,Queens,NY,US,2019-01-07,,,,,,,"Clinton, Cuomo",rally for reproductive rights,1,rally,0,0,0,0,1,1,https://www.amny.com/news/clinton-cuomo-abortion-rights-1.25657795,,,,,,
Philadelphia,Independence National Historical Park,Philadelphia,PA,US,2019-01-07,,,,,,,federal workers,over the pay freeze and government shutdown,1,rally,,,,,1,1,https://www.inquirer.com/news/government-shutdown-worker-protest-afge-nteu-philadelphia-20190107.html,https://6abc.com/politics/furloughed-workers-rally-at-liberty-bell-amid-shutdown/5035165/,,,,,
Pittsburgh ,City Hall,Allegheny,PA,US,2019-01-07,hundreds,200,,600,,,general protestors ,Pro-gun rally; protesting proposed gun regulations ,2,protest,0,0,0,0,1,1,https://triblive.com/local/allegheny/14423646-74/gun-owners-plan-armed-protest-against-proposed-pittsburgh-firearms-regulations,https://triblive.com/local/allegheny/14477426-74/hundreds-of-protesters-many-armed-expected-to-rally-in-downtown-pittsburgh,https://www.cbsnews.com/news/pittsburgh-gun-rally-brings-hundreds-of-protesters-to-downtown/,https://triblive.com/local/pittsburgh-allegheny/pittsburgh-guns-rights-group-spar-over-signs-posted-ahead-of-monday-rally/,,,
Santa Clarita,Saugus,Los Angeles,CA,US,2019-01-07,na,1,,1,,,general protestor ,Civil Rights; For racial justice; National anthem,1,protest,0,0,0,0,1,1,https://signalscv.com/2019/02/saugus-board-meeting-turns-heated-over-board-members-protest/,,,,,,
St. Louis,outside the federal government center on Goodfellow,St. Louis,MO,US,2019-01-07,about half a dozen,6,,6,,,Federal workers,protest partial govt shutdown,0,protest,0,0,0,0,1,1,https://fox2now.com/2019/01/07/tsa-agents-in-st-louis-working-without-pay-while-furloughed-workers-protest-shut-down/,,,,,,
Inglewood,City Hall,Los Angeles,CA,US,2019-01-08,,,,,,,Inglewood residents,protesting rent increases,0,protest,0,0,0,0,1,1,https://abc7.com/society/residents-business-owners-protest-large-rent-increases-in-inglewood/5037326/,,,,,,
Paterson ,outside of Paterson City Hall,Passaic,NJ,US,2019-01-08,about 30,30,,30,,,justice for Lowery protestors,protesting police who denied a dying man water,0,protest,0,police maced protestors,0,0,1,1,https://pix11.com/2019/01/08/investigation-underway-into-incident-involving-paterson-man-who-died-after-begging-police-for-water/,https://www.northjersey.com/story/news/passaic/paterson/2019/01/09/live-stream-paterson-residents-protest-jameek-lowerys-death/2529543002/,,,,,
Philadelphia,at Independence National Historical Park,Philadelphia,PA,US,2019-01-08,about 200,200,,200,,,Federal workers,protest partial govt shutdown,0,protest,0,0,0,0,1,1,http://www.philly.com/news/government-shutdown-worker-protest-afge-nteu-philadelphia-20190107.html,http://www.philly.com/news/federal-shutdown-rally-philadelphia-trump-20190108.html,https://www.inquirer.com/news/federal-shutdown-rally-philadelphia-trump-20190108.html,https://www.phillyvoice.com/federal-employees-protest-government-shutdown-philly-tuesday/,,,
Raleigh,Federal Building,Wake,NC,US,2019-01-08,about 50,50,,50,,,general protesters,anti-Trump,1,protest,0,0,0,0,1,1,https://www.heraldsun.com/news/politics-government/article224078615.html,,,,,,
Sacramento ,Sacramento International Airport ,Sacramento,CA,US,2019-01-08,,,,,,,TSA workers ,protesting the goverement shut down ,1,protest,0,0,0,0,1,1,https://www.sacbee.com/news/politics-government/capitol-alert/article224591195.html,,,,,,
Saint Paul,"Bishop Henry Whipple Building, 1 Federal Dr",Ramsey,MN,US,2019-01-08,,,,,,,Interfaith Coalition on Immigration; Minnesota Caravan Solidarity,"in solidarity with migrant detainees, against inhumane detention practices",1,vigil,,,,,1,1,https://mnicom.org/programs/vigils/,https://mnicom.org/2018/12/29/january-2018-vigil-2/,,second Tuesday of every month,,,
St. Petersburg,McDonald’s at 4595 34th St. S,Pinellas,FL,US,2019-01-08,around 30,30,,30,,,"McDonald's workers, Fight for $15 wage activists","wanting McDonald’s to establish store security protocols, and provide protection and a voice on the job for its predominantly Black and Latinx women workforce",1,"strike, protest",0,0,0,0,1,1,http://www.tampabay.com/business/in-aftermath-of-viral-mcdonalds-fight-workers-plan-strike-to-demand-training-protection-from-violence-20190107/,https://www.wtsp.com/article/news/crime/protesters-rally-around-mcdonalds-worker-who-was-grabbed-by-customer-on-new-years-eve/67-b251e5b6-ce9e-46ad-9764-2455c38aba29,,,,,
Washington,outside White House,DC,DC,US,2019-01-08,,,,,,,general protestors ,anti-Trump,1,protest,,,,,1,1,https://twitter.com/Yamiche/status/1082809366493958144,,,,,,
Hartford,outside the inauguration,Hartford,CT,US,2019-01-09,,,,,,,general protestors ,rally for climate change,0,rally,0,0,0,0,1,1,https://www.meetup.com/350CT-org/events/257605189/,https://www.wtnh.com/news/politics/toll-protesters-out-in-hartford-on-inauguration-day/1694268218,,,,,
Los Angeles,Hall of Justice,Los Angeles,CA,US,2019-01-09,,,,,,,Black Lives Matter LA,"against police brutality, for police accountability, Black Lives Matter, against District Attorney Jackie Lacey",1,protest,,,,,1,1,https://www.cnn.com/2020/07/10/us/jackie-lacey-la-da-black-lives-matter/index.html,https://www.newyorker.com/magazine/2020/11/16/after-years-of-protests-every-wednesday-la-activists-welcome-a-new-da,,,,,
Washington,outside Supreme Court,DC,DC,US,2019-01-09,count pic,17,,17,,,general protestors ,protest US support of Saudi Arabia's war in Yemen; protest federal detention center at Guantanamo Bay in Cuba,1,protest,5,0,0,0,1,1,https://buffalonews.com/2019/01/10/buffalo-activist-arrested-in-supreme-court-protest/,,,civil dis,,,
Atlanta,in front of the Domestic North Terminal of Atlanta’s Hartsfield-Jackson International Airport,Fulton,GA,US,2019-01-10,Several dozen,36,,36,,,AFGE Local 554; Federal workers,protest partial govt shutdown,0,protest,0,0,0,0,1,1,http://www.fox5atlanta.com/news/tsa-union-holds-rally-at-atlanta-s-airport,,,,,,
Chicago ,Federal Plaza,Cook,IL ,US,2019-01-10,about 50,50,,50,,,Federal workers,protest partial govt shutdown,0,protest,0,0,0,0,1,1,https://www.washingtonpost.com/local/federal-workers-to-demand-end-to-government-shutdown-at-white-house-protest/2019/01/10/330d1c4e-144c-11e9-803c-4ef28312c8b9_story.html?utm_term=.f939d2b78ba7,https://chicago.suntimes.com/news/chicago-workers-protest-partial-government-shutdown/,,,,,
Chicago ,outside R. Kelly studio; 219 N. Justine St.,Cook,IL ,US,2019-01-10,dozens,24,,24,,,general protestors ,call for boycott of Kelly's music; support prosecution of sexual assau,0,protest,0,0,0,0,1,1,https://www.wjbf.com/news/u-s-world-news/-mute-r-kelly-crowd-shows-up-to-protest/1696218468,https://www.chicagotribune.com/news/local/breaking/ct-met-r-kelly-protest-club-20190110-story.html,,#MuteRKelly,,,
Cincinnati,,Hamilton,OH,US,2019-01-10,,,,,,,Federal workers,protest partial govt shutdown,0,protest,,,,,1,1,https://www.cbsnews.com/news/federal-workers-rally-across-the-country-in-protest-of-shutdown/,,,,,,
Covington,,Kenton,KY,US,2019-01-10,,,,,,,Federal workers,protest partial govt shutdown,0,protest,,,,,1,1,https://www.cbsnews.com/news/federal-workers-rally-across-the-country-in-protest-of-shutdown/,,,,,,
Dallas,Environmental Protection Agency Offices,Dallas,TX,US,2019-01-10,dozens,24,,24,,,Federal workers,protest partial govt shutdown,1,protest,0,0,0,0,1,1,https://dfw.cbslocal.com/video/4007498-texas-federal-employees-gather-in-dallas-protest-govt-shutdown/,https://dfw.cbslocal.com/2019/01/10/rally-texas-federal-employees-government-shutdown/,,,,,
Denver,downtown,Denver,CO,US,2019-01-10,roughly 150; hundreds,150,,200,,,American Federation of Government Employees,end to government shutdown,1,protest,0,0,0,0,1,1,https://www.9news.com/article/news/local/federal-workers-gather-downtown-to-protest-the-government-shutdown/73-67d97e0f-6c7c-49a5-895c-6774d5f5b30c,https://denver.cbslocal.com/2019/01/09/furloughed-workers-protest-denver/,https://durangoherald.com/articles/258280,,,,
Detroit,in front of McNamara Federarl Building,Wayne,MI,US,2019-01-10,about 100,100,,100,,,Federal workers,protest partial govt shutdown,0,protest,0,0,0,0,1,1,https://www.detroitnews.com/picture-gallery/news/2019/01/10/federal-employees-protest-partial-government-shutdown/2538323002/,https://www.freep.com/story/news/local/michigan/detroit/2019/01/10/government-shutdown-federal-workers-detroit/2537403002/,,,,,
Edison,Environmental Protection Agency Offices,Middlesex,NJ,US,2019-01-10,about a half dozen,6,,6,,,Federal workers,end to government shutdown,1,protest,0,0,0,0,1,1,https://eu.mycentraljersey.com/story/news/politics/2019/01/10/government-shutdown-federal-workers-epa-rally-edison-nj/2526688002/,,,,,,
Kansas City,,Jackson,MO,US,2019-01-10,,,,,,,Federal workers,protest partial govt shutdown,0,protest,0,0,0,0,1,1,https://www.kctv5.com/news/irs-workers-in-kc-protest-government-shutdown/article_73b3590c-1537-11e9-b091-07627ddab21d.html,,,,,,
Los Angeles,,Los Angeles,CA,US,2019-01-10,,,,,,,Los Angeles Educators,demanding better funding for public schools,0,protest,,,,,1,1,https://www.wsws.org/en/articles/2018/12/24/virg-d24.html,,,,,,
McAllen,outside airport,Hidalgo,TX,US,2019-01-10,several hundred,300,,300,,,general protestors ,anti-Wall; anti-Trump,1,protest,0,0,0,0,1,1,https://www.kxan.com/news/us-politics/photos-hundreds-protest-counter-protest-at-airport-for-trump-visit/1696047677,,,,,,
McAllen,outside airport,Hidalgo,TX,US,2019-01-10,,,,,,,general protestors ,pro-Wall; pro-Trump,2,protest,,,,,0,1,https://www.kxan.com/news/us-politics/photos-hundreds-protest-counter-protest-at-airport-for-trump-visit/1696047677,,,,,,
Minneapolis,,Hennepin,MN,US,2019-01-10,count video,21,,21,,,American Federation of Government Employees,end to government shutdown,1,protest,0,0,0,0,1,1,https://minnesota.cbslocal.com/2019/01/10/federal-workers-government-shutdown-protest/,,,,,,
New York ,Federal building,New York,NY,US,2019-01-10,scores,40,,40,,,general protestors ,end to government shutdown,1,protest,0,0,0,0,1,1,https://www.nbcnews.com/politics/white-house/angry-furloughed-federal-workers-protest-shutdown-white-house-around-country-n957356,,,,,,
Ogden,federal building,Weber,UT,US,2019-01-10,about 150,150,,150,,,National Treasury Employees Union; Federal workers,protest partial govt shutdown,0,protest,0,0,0,0,1,1,https://fox13now.com/2019/01/10/irs-workers-in-ogden-rally-in-protest-of-government-shutdown/,https://www.sltrib.com/news/politics/2019/01/10/utahs-irs-workers-protest/,https://www.standard.net/news/government/ogden-irs-workers-to-rally-on-thursday-press-for-end/article_195135cc-1115-5820-83f6-2b98434e0a88.html,during snowstorm,,,
Parkersburg,Bicentenial Park,Wood,WV,US,2019-01-10,,,,,,,National Treasury Employees Union (NTEU) Chapter 190,calling for an end to the government shutdown,1,rally,,,,,1,1,http://www.newsandsentinel.com/news/local-news/2019/01/federal-workers-to-hold-rally-in-parkersburg/,,,,,,
Plantation,IRS Building,Broward,FL,US,2019-01-10,,,,,,,Federal workers,end to government shutdown,1,protest,0,0,0,0,1,1,https://www.local10.com/news/federal-workers-protest-government-shutdown-outside-irs-building-in-plantation,,,,,,
Salem,,Roanoke,VA,US,2019-01-10,,,,,,,American Federation of Government Employees,end to government shutdown,1,protest,0,0,0,0,1,1,https://www.wsls.com/news/virginia/roanoke/salem-protesters-demand-end-to-government-shutdown,,,,,,
San Diego,outside of the John Rhoades Federal Judicial Center Plaza,San Diego,CA,US,2019-01-10,,,,,,,The Citizens Oversight Projects; Federal workers,protest partial govt shutdown,0,protest,,,,,1,1,https://www.10news.com/news/local-news/local-group-to-protest-partial-government-shutdown,,,,,,
St. Louis,,St. Louis,MO,US,2019-01-10,,,,,,,Federal workers,protest partial govt shutdown,0,protest,,,,,1,1,https://www.cbsnews.com/news/federal-workers-rally-across-the-country-in-protest-of-shutdown/,,,,,,
Tucson,,Pima,AZ,US,2019-01-10,around 40,40,,40,,,Legalization for All Network,against border wall,1,protest,0,0,0,0,1,1,http://www.fightbacknews.org/2019/1/10/tucson-protests-trumps-border-wall-threat,,,,,,
Washington,AFL-CIO headquarters; to White House,DC,DC,US,2019-01-10,hundreds,200,,200,,,AFSCME members; federal workers; union allies,protest partial govt shutdown,0,protest; march,0,0,0,0,1,1,https://twitter.com/AFSCME/status/1083412621221654535,https://www.washingtonpost.com/local/federal-workers-to-demand-end-to-government-shutdown-at-white-house-protest/2019/01/10/330d1c4e-144c-11e9-803c-4ef28312c8b9_story.html?utm_term=.f939d2b78ba7,https://twitter.com/Marissa_Jae/status/1083410234494857218?ref_src=twsrc%5Etfw%7Ctwcamp%5Etweetembed%7Ctwterm%5E1083410234494857218&ref_url=https%3A%2F%2Fwww.washingtonpost.com%2Flocal%2Ffederal-workers-to-demand-end-to-government-shutdown-at-white-house-protest%2F2019%2F01%2F10%2F330d1c4e-144c-11e9-803c-4ef28312c8b9_story.html,,,,
Washington,outside Capitol,DC,DC,US,2019-01-10,hundreds,200,,200,,,"air traffic controllers, pilots and flight attendants",protest partial govt shutdown,0,protest,0,0,0,0,0,1,https://www.washingtonpost.com/transportation/2019/01/10/air-traffic-controllers-pilots-flight-attendants-rally-capitol-urging-end-government-shutdown/?utm_term=.eb8b6978fc48,,,,,,
Boston,Post Office Square,Suffolk,MA,US,2019-01-11,dozens,24,,24,,,general protestors ,end to government shutdown,1,protest,0,0,0,0,1,1,https://www.masslive.com/boston/2019/01/let-us-work-furloughed-federal-workers-protest-government-shutdown-in-boston.html,,,,,,
Helena,Capitol Rotunda,Lewis and Clark,MT,US,2019-01-11,at least 1800,1800,,1800,,,"Montana Wilderness Association, Montana Wildlife Federation, Backcountry Hunters and Anglers",protection of public lands,0,rally,0,0,0,0,1,1,https://kbzk.com/news/montana-news/2019/01/12/state-capitol-rotunda-packed-for-public-lands-rally/,https://eu.greatfallstribune.com/story/news/2019/01/11/large-rally-held-capitol-rotunda/2549260002/,https://helenair.com/news/local/montana-public-land-advocates-to-rally-in-helena-friday/article_c3ade570-6d63-55e4-9865-6587c74a8eb5.html,,,,
New York,UN Headquarters,New York,NY,US,2019-01-11,count pic,1,,1,,,general protestor,against inaction on climate change,1,strike,0,0,0,0,1,1,https://twitter.com/AlexandriaV2005/status/1083767274618716160,,,,,,
Seattle,1500 4th Ave,King,WA,US,2019-01-11,about 100,100,,100,,,general protestors ,against oil pipeline,0,protest,5,0,1,0,1,1,http://mynorthwest.com/1240359/police-arrest-five-in-downtown-seattle-protest-friday/?,http://fox28spokane.com/police-arrest-5-at-natural-gas-pipeline-protest-in-seattle/,https://www.kiro7.com/news/local/five-arrested-during-downtown-seattle-protest/903045753,,,,
Cadillac,,Wexford,MI,US,2019-1-12,,,,,,,pro-life activists,protesting Roe v Wade,2,protest,,,,,1,1,https://www.cadillacnews.com/news/protesting-roe-v-wade-through-national-march-and-prayer/article_f4de037f-476d-5119-8325-388b9a28a64c.html,,,,,,
Madison,,New York,WI,US,2019-01-12,250; close to 300,250,,300,,,United Against Fascism,against three percent movement,1,counter-protest,0,0,0,0,1,1,https://rewire.news/article/2019/01/14/fascists-were-once-again-outnumbered-by-counter-protests-this-time-in-wisconsin/,https://www.channel3000.com/news/united-against-facism-and-wisconsin-patriots-alliance-protests-bring-hundreds-downtown/974015862,,,,,
Madison,,New York,WI,US,2019-01-12,"dozens, 45",24,,45,,,Patriots Alliance,gun rights,2,rally,0,0,0,0,1,1,https://rewire.news/article/2019/01/14/fascists-were-once-again-outnumbered-by-counter-protests-this-time-in-wisconsin/,https://www.channel3000.com/news/united-against-facism-and-wisconsin-patriots-alliance-protests-bring-hundreds-downtown/974015862,,,,,
Millers Falls,Wendell State Forest Ranger Station,Franklin,MA,US,2019-01-12,,,,,,,Wendell State Forest Alliance,rallying against logging in the park,1,rally,,,,,1,1,https://www.recorder.com/Wendell-State-Forest-Alliance-meeting-22620988,,,,,,
San Diego,Chula Vista Station,San Diego  ,CA,US,2019-01-12,8,8,,8,,,general protesters,pro-Trump,2,counter-protest,0,0,0,0,1,1,https://timesofsandiego.com/politics/2019/01/12/go-back-to-europe-dueling-demands-as-protests-face-off-near-border-patrol-station/,,,,,,
San Diego,Chula Vista Station,San Diego,CA,US,2019-01-12,80,80,,80,,,Otay Mesa Detention Resistance,"anti-Trump, pro-refugee and immigrant",1,protest,0,0,0,0,1,1,https://timesofsandiego.com/politics/2019/01/12/go-back-to-europe-dueling-demands-as-protests-face-off-near-border-patrol-station/,,,,,,
Windsor,Windsor-Severance Library,,CO,US,2019-01-12,,,,,,,general protesters,"in support of Drag Queen Story Hour, for LGBTQ+ pride",1,counter-protest,0,0,0,0,1,0,https://www.kunc.org/arts-life/2019-01-12/windsor-librarys-drag-queen-story-hour-gets-protests-support,,,story says approximately 100 protesters and counter-protesters but no info on how many of which,,,
Windsor,Windsor-Severance Library,,CO,US,2019-01-12,,,,,,,general protesters,against Drag Queen Story Hour,2,protest,0,0,0,0,1,0,https://www.kunc.org/arts-life/2019-01-12/windsor-librarys-drag-queen-story-hour-gets-protests-support,,,story says approximately 100 protesters and counter-protesters but no info on how many of which,,,
Chicago ,Federal Center and Plaza ,Cook,IL ,US,2019-01-13,,,,,,,Friends Who March,Pro-choice rally,1,protest; rally,,,,,1,1,https://www.facebook.com/events/338846580180386/?,,,,,,
Winston-Salem,"at the spot where the now-toppled “Silent Sam” statue stood at the University of North Carolina, Chapel Hill, and then ride to Winston-Salem",Forsyth,NC,US,2019-01-13,,,,,,,Heirs to the Confederacy,supporters of a Confederate statue in North Carolina are planning a rally after the city where it stands ordered its removal,2,"protest, march",,,,,1,1,https://www.wwaytv3.com/2019/01/04/confederate-statue-supporters-to-rally-over-removal-request/,,,,,,
Atlanta,Atlanta International Airport,Fulton,GA,US,2019-01-14,,,,,,,American Federation of Government Employees,end to government shutdown,1,protest,0,0,0,0,1,1,https://www.afge.org/article/feds-american-public-protest-government-shutdown-in-rallies-across-country/,,,,,,
Atlanta,,Fulton,GA,US,2019-01-14,,,,,,,Georgia Tech Students,Georgia Tech students protesting Gov Kemp inauguration.,0,protest,0,0,0,0,1,1,https://twitter.com/capitol_REB/status/1084885712737107974,,,,,,
Chicago ,,Cook,IL,US,2019-01-14,,,,,,,American Federation of Government Employees,end to government shutdown,1,protest,0,0,0,0,1,1,https://www.afge.org/article/feds-american-public-protest-government-shutdown-in-rallies-across-country/,,,,,,
Detroit,McNamara Federal Building,Wayne,MI,US,2019-01-14,,,,,,,American Federation of Government Employees,end to government shutdown,1,rally,0,0,0,0,1,1,https://www.afge.org/article/feds-american-public-protest-government-shutdown-in-rallies-across-country/,,,,,,
Lexington,McConnell Senate Offices,Fayette,KY,US,2019-01-14,count video,11,,11,,,general protestors ,end to government shutdown,1,protest,0,0,0,0,1,1,https://www.kentucky.com/news/politics-government/article224530885.html,,,,,,
Los Angeles,Grand Park; LA Unified School District Headquarters ,Los Angeles,CA,US,2019-01-14,"20,000; 50,000",20000,,50000,,,United Teachers Los Angeles,"for higher pay for teachers, for smaller classes and more support staff in LA schools ",0,march; protest,0,0,0,0,1,1,https://www.latimes.com/local/lanow/la-me-edu-lausd-strike-teachers-march-20190114-story.html,https://www.cbsnews.com/news/lausd-teacher-strike-los-angeles-teachers-poised-to-strike/,https://www.nbcnews.com/news/us-news/l-teachers-strike-tens-thousands-walk-job-los-angeles-n958336,,,,
Los Angeles,John Marshall High School,Los Angeles,CA,US,2019-01-14,,,,,,,United Teachers Los Angeles,"for higher pay for teachers, for smaller classes and more support staff in LA schools ",0,protest; strike,0,0,0,0,0,1,https://www.usatoday.com/story/news/education/2019/01/14/lausd-utla-teacher-strike-school-today-tomorrow-union-update/2567964002/,,,,,,
Los Angeles ,Gerald A. Lawson Academy of the Arts ,Los Angeles,CA,US,2019-01-14,,,,,,,United Teachers Los Angeles,"for higher pay for teachers, for smaller classes and more support staff in LA schools ",0,protest; strike,0,0,0,0,0,1,https://www.nytimes.com/2019/01/14/us/lausd-teachers-strike.html,,,,,,
Los Angeles ,LA Community Adult High School ,Los Angeles,CA,US,2019-01-14,,,,,,,United Teachers Los Angeles,"for higher pay for teachers, for smaller classes and more support staff in LA schools ",0,protest; strike,0,0,0,0,0,1,https://www.usatoday.com/story/news/education/2019/01/14/lausd-utla-teacher-strike-school-today-tomorrow-union-update/2567964002/,,,,,,
Los Angeles ,North Hollywood HS,Los Angeles,CA,US,2019-01-14,count pic,31,,31,,,United Teachers Los Angeles,"for higher pay for teachers, for smaller classes and more support staff in LA schools ",0,protest; strike,0,0,0,0,0,1,https://twitter.com/fon_tm/status/1084954311514189824,,,,,,
Los Angeles ,Paul Revere Charter Middle School ,Los Angeles,CA,US,2019-01-14,dozens ,24,,24,,,United Teachers Los Angeles,"for higher pay for teachers, for smaller classes and more support staff in LA schools ",0,protest; strike,0,0,0,0,0,1,https://www.nytimes.com/2019/01/14/us/lausd-teachers-strike.html,,,,,,
Los Angeles ,Robert F. Kennedy Community School ,Los Angeles,CA,US,2019-01-14,hundreds ,200,,200,,,United Teachers Los Angeles,"for higher pay for teachers, for smaller classes and more support staff in LA schools ",0,protest; strike,0,0,0,0,0,1,https://www.usatoday.com/story/news/education/2019/01/14/lausd-utla-teacher-strike-school-today-tomorrow-union-update/2567964002/,https://www.nytimes.com/2019/01/14/us/lausd-teachers-strike.html,,,,,
Napa,home of Nancy Pelosi,Napa,CA,US,2019-01-14,count pic,6,,6,,,general protestors ,"against illegal immigration, against U.S. Representative Nancy Pelosi",2,protest,0,0,0,0,1,1,https://twitter.com/willsommer/status/1084903339811393536,,,led by Laura Loomer,,,
New Orleans ,Canal St. to N. Morial Convention Center ,Orleans Parish,LA,US,2019-01-14,more than 350 ,350,,350,,,New Orleans Workers Center for Racial Justice ,protesting Trump's speech and his anti-immigrant views ,1,protest;march,0,0,0,0,1,1,https://www.theadvocate.com/new_orleans/news/article_330c4c18-1822-11e9-95c3-73056a95eb17.html,https://www.nola.com/news/2019/01/protestors-call-for-end-to-government-shutdown-during-trumps-visit-to-new-orleans.html,,,,,
Washington,,DC,DC,US,2019-01-14,hundreds,200,,200,,,American Federation of Government Employees,end to government shutdown,1,rally,0,0,0,0,1,1,https://www.afge.org/article/feds-american-public-protest-government-shutdown-in-rallies-across-country/,https://www.nbcnews.com/video/federal-workers-gather-in-washington-to-demand-end-to-government-shutdown-1423680067833,,,,,
Berkeley ,People's Park ,Alameda,CA,US,2019-01-15,around 10 to 50,10,,50,,,general protestors ,protesting UC Berkeley removing damaged trees from the park ,0,protest,6,0,0,0,1,1,https://www.nbcbayarea.com/news/local/Six-Protesters-Arrested-for-Camping-at-Peoples-Park-in-Berkeley-504374171.html,,,,,,
Detroit ,Downtown ,Wayne,MI,US,2019-01-15,,,,,,,general protestors ,protesting the goverement shut down and border wall ,1,protest,0,0,0,0,1,1,http://www.fox2detroit.com/news/local-news/activists-take-part-in-build-bridges-not-walls-protest-of-shutdown,,,,,,
Hamboldt County ,Hamboldt County Courthouse ,Hamboldt,CA,US,2019-01-15,approximately 50,50,,50,,,general protestors ,protesting racism and injusticies; honoring MLK; demanding justice for the death of Josiah Lawson ,1,protest,0,0,0,0,1,1,https://www.northcoastjournal.com/NewsBlog/archives/2019/01/15/dozens-gather-at-vigil-for-josiah-lawson-urge-action-from-da,,,,,,
Houston ,Johnson Space Center ,Harris,TX,US,2019-01-15,about 50,50,,50,,,general protestors ,protesting the goverement shut down ,1,protest,0,0,0,0,1,1,https://www.chron.com/news/nation-world/space/article/I-feel-helpless-About-50-people-protest-13535012.php,,,,,,
Los Angeles,24th Street ES,Los Angeles,CA,US,2019-01-15,count pic,2,,2,,,Teachers and strike supporters,"demanding higher pay, smaller classes, and more support staff in LA schools ",0,picket line; strike,0,0,0,0,1,1,https://twitter.com/UTLAnow/status/1085266923833647104,,,,,,
Los Angeles,Downtown ,Los Angeles,CA,US,2019-01-15,,,,,,,Teachers and strike supporters,"demanding higher pay, smaller classes, and more support staff in LA schools ",0,rally; strike,0,0,0,0,1,1,https://twitter.com/UTLAnow/status/1085256492691841024,https://www.nbcnews.com/news/us-news/l-teachers-strike-tens-thousands-walk-job-los-angeles-n958336,,,,,
Los Angeles,Hollywood HS,Los Angeles,CA,US,2019-01-15,count pic,13,,13,,,Teachers and strike supporters,"demanding higher pay, smaller classes, and more support staff in LA schools ",0,picket line; strike,0,0,0,0,1,1,https://twitter.com/UTLAnow/status/1085311507204698112,,,,,,
New Milford,,Litchfield,CT,US,2019-01-15,arrested,4,,4,,,Sane Energy Project,opposed to construction of new gas-fired power plant,0,civil disobedience,4,0,0,0,1,1,https://eu.poughkeepsiejournal.com/story/news/local/2019/01/16/men-chain-themselves-tractor-protest-cricket-valley-police/2592956002/,,,,,,
New York ,Jacob K. Javits Federal Building,New York,NY,US,2019-01-15,dozens,24,,24,,,American Federation of Government Employees,end to government shutdown,1,protest,0,0,0,0,1,1,http://infosurhoy.com/cocoon/saii/xhtml/en_GB/top-stories/federal-employees-activists-in-new-york-metropolis-protest-govt-shutdown/,,,,,,
New York ,Washington Square Park ,New York,NY,US,2019-01-15,,,,,,,Samidoun Palestinian Prisoner Soildarity Network ,Rally to free Ahmad Sa'adat and all Palestinian prisoners,0,rally,,,,,1,1,https://www.facebook.com/events/527977194349764/,,,,,,
Oklahoma City,400 E. Reno Ave,Oklahoma,OK,US,2019-01-15,,,,,,,Earth Strike,protesting to bring about climate change/to bring attention to climate change,1,protest,,,,,1,1,https://www.okgazette.com/oklahoma/protesting-climate/Content?oid=5394711,,,,,,
Paterson ,Outside City Hall,Passaic,NJ,US,2019-01-15,approximately 60,60,,60,,,general protestors ,"demanding to know what happen to Jameek Lowey, protesting police violence ",1,protest,0,0,0,0,1,1,https://www.lifezette.com/2019/01/angel-moms-protest-at-schumers-office-and-demand-border-wall/,,,,,,
San Jose ,Outside San Jose Improv ,Santa Clara,CA,US,2019-01-15,,,,,,,general protestors ,"protesting Louis C.K.'s performance, anti-sexual assult ",1,protest,0,0,0,0,1,1,https://www.timesheraldonline.com/2019/01/15/will-louis-c-k-joke-about-parkland-students-in-san-jose-shows-this-week/,,,,,,
Washington,Canadian Embassy,DC,DC,US,2019-01-15,about 50,50,,50,,,"American Postal Workers Union, National Association of Letter Carriers",protesting Canadian government's treatment of postal workers,0,protest,0,0,0,0,1,1,https://www.ctvnews.ca/business/postal-workers-in-u-s-protest-in-solidarity-with-canada-post-counterparts-1.4254740,,,,,,
Washington,"outside the United States Capitol, at the corner of Independence Ave. and 1st St., SE",DC,DC,US,2019-01-15,,,,,,,"friends of Joaquin “Guac” Oliver, who was killed at Marjory Stoneman Douglas High School",demanding an end to gun violence,1,protest,,,,,1,1,https://www.sun-sentinel.com/local/broward/parkland/florida-school-shooting/fl-ne-3dguac-washington-dc-20190103-story.html,,,,,,
Washington ,Senate Minority Leader Chuck Schumer's Office ,DC,DC,US,2019-01-15,,,,,,,Angel Moms ,demanding funding for the border wall ,2,protest,0,0,0,0,1,1,https://www.lifezette.com/2019/01/angel-moms-protest-at-schumers-office-and-demand-border-wall/,,,,,,
Dallas,Dallas-Fort Worth International Airport,Dallas,TX,US,2019-01-16,,,,,,,American Federation of Government Employees,end to government shutdown,1,protest,0,0,0,0,1,1,https://www.dallasobserver.com/news/dfw-tsa-agents-protest-shutdown-11514460,,,,,,
Indianapolis,Birch Bayh Federal Building,Marion,IN,US,2019-01-16,,,,,,,American Federation of Government Employees,end to government shutdown,1,protest,0,0,0,0,1,1,https://www.wfyi.org/news/articles/federal-employees-union-protests-government-shutdown-in-indianapolis-19rjc,,,,,,
Indianola,Moats Park,Warren,IA,US,2019-01-16,dozen or so,12,,12,,,Indivisible of Warren County,end to government shutdown,1,protest,0,0,0,0,1,1,https://amyduncan.co/2019/01/16/indivisible-warren-county-braves-cold-to-protest-government-shut-down/,,,,,,
Los Angeles,Audubon MS,Los Angeles,CA,US,2019-01-16,count pic,8,,8,,,Teachers and strike supporters,"demanding higher pay, smaller classes, and more support staff in LA schools ",0,picket line; strike,0,0,0,0,1,1,https://twitter.com/mrsngilliam/status/1085597143174340608,,,,,,
Los Angeles,Columbus Ave ES,Los Angeles,CA,US,2019-01-16,count pic,37,,37,,,Teachers and strike supporters,"demanding higher pay, smaller classes, and more support staff in LA schools ",0,picket line; strike,0,0,0,0,0,1,https://twitter.com/RicardoLara4CA/status/1085591543073796096,https://twitter.com/PatriciaAbelma1/status/1085580970747584513,,,,,
Los Angeles,Eastman Elementary School,Los Angeles,CA,US,2019-01-16,count pic,35,,35,,,Teachers and strike supporters,"demanding higher pay, smaller classes, and more support staff in LA schools ",0,picket line; strike,0,0,0,0,0,1,https://twitter.com/RicardoLara4CA/status/1085591543073796096,,,,,,
Los Angeles,Grant HS,Los Angeles,CA,US,2019-01-16,,,,,,,Teachers and strike supporters,"demanding higher pay, smaller classes, and more support staff in LA schools ",0,picket line; strike,0,0,0,0,0,1,https://twitter.com/teachers_la/status/1085601158423445504,,,,,,
Los Angeles,Hall of Justice,Los Angeles,CA,US,2019-01-16,,,,,,,Black Lives Matter LA,"against police brutality, for police accountability, Black Lives Matter, against District Attorney Jackie Lacey",1,protest,,,,,1,1,https://www.cnn.com/2020/07/10/us/jackie-lacey-la-da-black-lives-matter/index.html,https://www.newyorker.com/magazine/2020/11/16/after-years-of-protests-every-wednesday-la-activists-welcome-a-new-da,,,,,
Los Angeles,Hamilton HS,Los Angeles,CA,US,2019-01-16,,,,,,,Teachers and strike supporters,"demanding higher pay, smaller classes, and more support staff in LA schools ",0,picket line; strike,0,0,0,0,0,1,https://twitter.com/UTLAnow/status/1085558513978331138,,,,,,
Los Angeles,Local District East,Los Angeles,CA,US,2019-01-16,thousands,2000,,2000,,,Teachers and strike supporters,"demanding higher pay, smaller classes, and more support staff in LA schools ",0,picket line; strike,0,0,0,0,0,1,https://twitter.com/UTLAnow/status/1085610834649206785,,,,,,
Los Angeles,Manual Arts HS,Los Angeles,CA,US,2019-01-16,count pic,20,,20,,,Teachers and strike supporters,"demanding higher pay, smaller classes, and more support staff in LA schools ",0,picket line; strike,0,0,0,0,0,1,https://twitter.com/bravo_mrsnbravo/status/1085624646634954752,,,,,,
Los Angeles,Monlux ES,Los Angeles,CA,US,2019-01-16,count pic,56,,56,,,Teachers and strike supporters,"demanding higher pay, smaller classes, and more support staff in LA schools ",0,picket line; strike,0,0,0,0,0,1,https://twitter.com/mrbrianhook/status/1085627837409681409,,,,,,
Los Angeles,Narbonne HS,Los Angeles,CA,US,2019-01-16,count pic,10,,10,,,Teachers and strike supporters,"demanding higher pay, smaller classes, and more support staff in LA schools ",0,picket line; strike,0,0,0,0,0,1,https://twitter.com/TheJeffManghera/status/1085661606837575680,,,,,,
Los Angeles,Palms Elementary,Los Angeles,CA,US,2019-01-16,count pic,15,,15,,,Teachers and strike supporters,"demanding higher pay, smaller classes, and more support staff in LA schools ",0,picket line; strike,0,0,0,0,0,1,https://twitter.com/priskaneely/status/1085697946891341824,,,,,,
Los Angeles,Sycamore Grove Park,Los Angeles,CA,US,2019-01-16,,,,,,,Teachers and strike supporters,"demanding higher pay, smaller classes, and more support staff in LA schools ",0,picket line; strike,0,0,0,0,0,1,https://twitter.com/UTLAnow/status/1085609972208001024,https://twitter.com/rozie104/status/1085601551538737152,,,,,
Los Angeles,Taft Charter HS,Los Angeles,CA,US,2019-01-16,,,,,,,Teachers and strike supporters,"demanding higher pay, smaller classes, and more support staff in LA schools ",0,picket line; strike,0,0,0,0,0,1,https://twitter.com/magicalmsmurphy/status/1085571832437075969,,,,,,
Los Angeles,Thomas King MS,Los Angeles,CA,US,2019-01-16,count pic,11,,11,,,Teachers and strike supporters,"demanding higher pay, smaller classes, and more support staff in LA schools ",0,picket line; strike,0,0,0,0,0,1,https://twitter.com/utlakingms/status/1085661210937184257,,,,,,
Los Angeles,Valley West,Los Angeles,CA,US,2019-01-16,,,,,,,Teachers and strike supporters,"demanding higher pay, smaller classes, and more support staff in LA schools ",0,picket line; strike,0,0,0,0,0,1,https://twitter.com/ms_nmorales/status/1085599738685054976,,,,,,
Los Angeles,Virgil MS,Los Angeles,CA,US,2019-01-16,,,,,,,Teachers and strike supporters,"demanding higher pay, smaller classes, and more support staff in LA schools ",0,picket line; strike,0,0,0,0,0,1,https://californiaeducator.org/2019/01/17/lessons-from-the-picket-line/,,,,,,
Newark,Newark Liberty International Airport,Essex,NJ,US,2019-01-16,,,,,,,air traffic controllers,end to government shutdown,1,protest,0,0,0,0,1,1,https://pix11.com/2019/01/16/airport-workers-protest-government-shutdown-at-newark-liberty-airport/,,,,,,
Sacramento ,Sacramento International Airport,Sacramento,CA,US,2019-01-16,,,,,,,American Federation of Government Employees,end to government shutdown,1,protest,0,0,0,0,1,1,https://fox40.com/2019/01/16/tsa-workers-affected-by-shutdown-protest-outside-sac-international/?utm_campaign=trueAnthem:+Trending+Content&utm_content=5c40fc1d04d3017a30fca160&utm_medium=trueAnthem&utm_source=twitter,,,,,,
Los Angeles,Alta CA Elementary School,Los Angeles,CA,US,2019-01-17,count video,13,,13,,,Teachers and strike supporters,"demanding higher pay, smaller classes, and more support staff in LA schools ",0,picket line; strike,0,0,0,0,1,1,https://twitter.com/sohrob/status/1085940216798400513,,,,,,
Los Angeles,Arleta HS,Los Angeles,CA,US,2019-01-17,,,,,,,Teachers and strike supporters,"demanding higher pay, smaller classes, and more support staff in LA schools ",0,picket line; strike,0,0,0,0,0,1,https://twitter.com/UTLAnow/status/1086039763637817345,,,,,,
Los Angeles,eight bridges; downtown,Los Angeles,CA,US,2019-01-17,,,,,,,Teachers and strike supporters,"demanding higher pay, smaller classes, and more support staff in LA schools ",0,picket line; strike,0,0,0,0,0,1,https://twitter.com/UTLAnow/status/1085996234194616320,,,,,,
Los Angeles,Granada Hills,Los Angeles,CA,US,2019-01-17,,,,,,,Teachers and strike supporters,"demanding higher pay, smaller classes, and more support staff in LA schools ",0,picket line; strike,0,0,0,0,0,1,https://twitter.com/UTLAnow/status/1085998847942246400,,,,,,
Los Angeles,Hamilton HS,Los Angeles,CA,US,2019-01-17,,,,,,,Teachers and strike supporters,"demanding higher pay, smaller classes, and more support staff in LA schools ",0,picket line; strike,0,0,0,0,0,1,https://twitter.com/UTLAnow/status/1086111199249326080,,,,,,
Los Angeles,Sylmar Senior HS,Los Angeles,CA,US,2019-01-17,,,,,,,Teachers and strike supporters,"demanding higher pay, smaller classes, and more support staff in LA schools ",0,picket line; strike,0,0,0,0,0,1,https://twitter.com/UTLAnow/status/1086104031326437377,,,,,,
Los Angeles,Van Nuys HS,Los Angeles,CA,US,2019-01-17,count pic,2,,2,,,Teachers and strike supporters,"demanding higher pay, smaller classes, and more support staff in LA schools ",0,picket line; strike,0,0,0,0,0,1,https://twitter.com/cwilken/status/1085888784212717570,,,,,,
Los Angeles,Walnut Park MS,Los Angeles,CA,US,2019-01-17,count pic,2,,2,,,Teachers and strike supporters,"demanding higher pay, smaller classes, and more support staff in LA schools ",0,picket line; strike,0,0,0,0,0,1,https://twitter.com/rmbernier/status/1085987940633698304,,,,,,
New York ,Oculus at the World Trade Center,New York,NY,US,2019-01-17,,,,,,,Rise And Resist ,calling on the Trump administration to immediately process all asylum seekers,1,silent protest,0,0,0,0,1,1,http://erikmcgregor.com/2019/01/18/seeking-asylum-is-not-a-crime-silent-protest/,,,,,,
Seattle,EPA Seattle HQ,King,WA,US,2019-01-17,roughly 30,30,,30,,,EPA Employees,end to government shutdown,1,protest,0,0,0,0,1,1,https://www.kuow.org/stories/furloughedepaemployees,,,,,,
Tempe,Tempe Police Department Headquarters,Maricopa,AZ,US,2019-01-17,nearly 100,100,,100,,,general protesters,protesting police shooting,0,protest,0,0,0,0,1,1,https://eu.azcentral.com/story/news/local/tempe-breaking/2019/01/17/group-protests-police-shooting-teen-airsoft-gun/2609747002/,,,,,,
Washington,Nationals Park,DC,DC,US,2019-01-17,,,,,,,American Federation of Government Employees,end to government shutdown,1,protest,0,0,0,0,1,1,https://fcw.com/articles/2019/01/17/feds-shutdown-nats-park-protest.aspx,,,,,,
Bakersfield,Heritage Park,Kern,CA,US,2019-01-18,,,,,,,Indigenous Peoples March,"oppose voter suppression, divided families, environmental damage, sex and human trafficking, and police/military brutality; against injustice",1,march,,,,,1,1,https://actionnetwork.org/event_campaigns/solidarity-marches-for-ipmdc19,,,,,,
Bemidji,Bemidji State University American Indian Resource Center,Beltrami,MN,US,2019-01-18,dozens,24,,24,,,Indigenous Peoples March,"oppose voter suppression, divided families, environmental damage, sex and human trafficking, and police/military brutality; against injustice",1,march,0,0,0,0,1,1,https://actionnetwork.org/event_campaigns/solidarity-marches-for-ipmdc19,https://bemidjipioneer.com/news/4559162-our-voice-we-have-bemidji-march-highlights-indigenous-challenges,,,,,
Buffalo,Lasalle Park,Erie,NY,US,2019-01-18,,,,,,,Indigenous Peoples March,"oppose voter suppression, divided families, environmental damage, sex and human trafficking, and police/military brutality; against injustice",1,march,,,,,1,1,https://actionnetwork.org/event_campaigns/solidarity-marches-for-ipmdc19,,,,,,
Cameron,Cameron Chapter House,Coconino,AZ,US,2019-01-18,,,,,,,Indigenous Peoples March,"oppose voter suppression, divided families, environmental damage, sex and human trafficking, and police/military brutality; against injustice",1,march,,,,,1,1,https://actionnetwork.org/event_campaigns/solidarity-marches-for-ipmdc19,,,,,,
Dallas,Dart Office,Dallas,TX,US,2019-01-18,,,,,,,transit employees,opposed to new transportation contract,0,rally,0,0,0,0,1,1,https://www.nbcdfw.com/traffic/stories/DART-Paratransit-Workers-Protest-Proposed-Changes-504565362.html,,,,,,
Denver,State Capitol,Denver,CO,US,2019-01-18,,,,,,,Indigenous Peoples March,"oppose voter suppression, divided families, environmental damage, sex and human trafficking, and police/military brutality; against injustice",1,march,,,,,1,1,https://actionnetwork.org/event_campaigns/solidarity-marches-for-ipmdc19,,,,,,
Detroit,Cobo Center,Wayne,MI,US,2019-01-18,"hundreds, approximately 300",200,,300,,,general protestors ,"opposed to GM plant closures, calling for clean energy",0,march,0,0,0,0,1,1,https://www.clickondetroit.com/auto-show/rep-tlaib-lt-gov-gilchrist-join-gm-protest-outside-detroit-auto-show-charity-preview,https://www.michigandaily.com/section/government/congresswoman-tlaib-joins-300-protesters-demonstrate-outside-auto-show,,,,,
Detroit,,Wayne,MI,US,2019-01-18,count video,42,,42,,,Federal workers,end to government shutdown,1,protest,0,0,0,0,1,1,https://www.clickondetroit.com/news/michigan-workers-protest-government-shutdown,,,,,,
Eugene,EMU Outdoor Amphitheater,Lane,WA,US,2019-01-18,dozens,24,,24,,,Indigenous Peoples March,"oppose voter suppression, divided families, environmental damage, sex and human trafficking, and police/military brutality; against injustice",1,march,0,0,0,0,1,1,https://actionnetwork.org/event_campaigns/solidarity-marches-for-ipmdc19,https://www.klcc.org/post/continental-indigenous-peoples-march-includes-eugene,,,,,
Everett,Walt Price Fitness Center at Everett College,Snohomish ,WA,US,2019-01-18,,,,,,,Indigenous Peoples March,"oppose voter suppression, divided families, environmental damage, sex and human trafficking, and police/military brutality; against injustice",1,march,,,,,1,1,https://actionnetwork.org/event_campaigns/solidarity-marches-for-ipmdc19,,,,,,
Gallup,"Gallup Cultural Center, 201 E. Highway 66; McKinley County Courthouse Square",McKinely,NM,US,2019-01-18,,,,,,,Indigenous Peoples March; Navajo Nation,"oppose voter suppression, divided families, environmental damage, sex and human trafficking, and police/military brutality; against injustice",1,march,,,,,1,1,https://www.navajotimes.com/event/indigenous-peoples-march/,,,,,,
Johns Island,Johns Island Home,Charleston,SC,US,2019-01-18,,,,,,,Indigenous Peoples March,"oppose voter suppression, divided families, environmental damage, sex and human trafficking, and police/military brutality; against injustice",1,march,,,,,1,1,https://actionnetwork.org/event_campaigns/solidarity-marches-for-ipmdc19,,,,,,
Lawrence,Haskell Indian Nations University,Douglas,KS,US,2019-01-18,count pic,28,,28,,,Indigenous Peoples March,"oppose voter suppression, divided families, environmental damage, sex and human trafficking, and police/military brutality; against injustice",1,march,0,0,0,0,1,1,https://actionnetwork.org/event_campaigns/solidarity-marches-for-ipmdc19,http://www2.ljworld.com/news/general-news/2019/jan/18/photo-haskell-community-members-march-to-raise-awareness-of-indigenous-issues/,,,,,
Los Angeles ,Grand Park; city hall ,Los Angeles ,CA,US,2019-01-18,thousands; over 60000,2000,,60000,,,Teachers and strike supporters,"demanding higher pay, smaller classes, and more support staff in LA schools ",0,protest; strike,0,0,0,0,1,1,https://www.latimes.com/local/education/la-me-edu-lausd-teachers-strike-talks-20190118-story.html,https://twitter.com/UTLAnow/status/1086387645750464512,,,,,
Los Angeles ,outside Gage Middle School,Los Angeles ,CA,US,2019-01-18,,,,,,,Teachers and strike supporters,"demanding higher pay, smaller classes, and more support staff in LA schools ",0,picket line,0,0,0,0,1,1,https://www.latimes.com/local/education/la-me-edu-lausd-teachers-strike-talks-20190118-story.html,,,,,,
Mountain View,Moffett Field,Santa Clara,CA,US,2019-01-18,about 80,80,,80,,,Ames Federal Employee Union,end to government shutdown,1,rally,0,0,0,0,1,1,https://www.mv-voice.com/news/2019/01/18/shutdown-stalemate-spurs-fears-of-exodus-from-nasa-ames,,,,,,
New York,UN Headquarters,New York,NY,US,2019-01-18,count pic,1,,1,,,general protestor,against inaction on climate change,1,strike,0,0,0,0,1,1,https://twitter.com/AlexandriaV2005/status/1086291462981992449,,,,,,
Oakland,Oakland Technical High School,Alameda,CA,US,2019-01-18,,100,,100,,,,Collective Bargaining; For better compensation,,,,,,,1,1,ttps://www.sfchronicle.com/bayarea/otisrtaylorjr/article/Oakland-students-provide-lesson-on-power-of-13604746.php,,,,,,
Philadelphia,Philadelphia International Airport,Philadelphia,PA,US,2019-01-18,,,,,,,PASS,end to government shutdown,1,protest,0,0,0,0,1,1,https://philadelphia.cbslocal.com/2019/01/18/protest-takes-place-outside-philadelphia-international-airport-as-government-shutdown-now-in-28th-day/,,,,,,
Pittsburgh ,Pittsburgh International Airport,Allegheny,PA,US,2019-01-18,dozens,24,,24,,,American Federation of Government Employees,end to government shutdown,1,protest,0,0,0,0,1,1,https://thehill.com/policy/transportation/426095-tsa-agents-protest-government-shutdown-at-pittsburgh-airport,https://pittsburgh.cbslocal.com/2019/01/18/tsa-agents-government-shutdown-rally-pittsburgh-international-airport/,http://www.witf.org/news/2019/01/shutdown-protest-at-pittsburgh-airport-we-need-a-paycheck.php,,,,
Prospect Harbor,Outside Prospect Harbor Women's Club,Hancock,ME,US,2019-01-18,,,,,,,Indigenous Peoples March,"oppose voter suppression, divided families, environmental damage, sex and human trafficking, and police/military brutality; against injustice",1,march,,,,,1,1,https://actionnetwork.org/event_campaigns/solidarity-marches-for-ipmdc19,,,,,,
Seattle,Central Business District,King,WA,US,2019-01-18,about 100,100,,100,,,general protestors ,against police killing,0,march,0,0,0,0,1,1,https://www.seattletimes.com/seattle-news/crime/protesters-march-through-downtown-seattle-decrying-fatal-new-years-eve-shooting-by-police/,,,,,,
Spokane,Spokane Tribal Gathering Place,Spokane,WA,US,2019-01-18,about 300,300,,300,,,Indigenous Peoples March,"oppose voter suppression, divided families, environmental damage, sex and human trafficking, and police/military brutality; against injustice",1,march,0,0,0,0,1,1,https://actionnetwork.org/event_campaigns/solidarity-marches-for-ipmdc19,http://www.spokesman.com/stories/2019/jan/18/spokanes-first-indigenous-peoples-march-winds-thro/,,,,,
Syracuse,Sky Armory,Onondaga,NY,US,2019-01-18,,,,,,,Indigenous Peoples March,"oppose voter suppression, divided families, environmental damage, sex and human trafficking, and police/military brutality; against injustice",1,march,,,,,1,1,https://actionnetwork.org/event_campaigns/solidarity-marches-for-ipmdc19,,,,,,
Washington,National Mall – 12th St.,DC,DC,US,2019-01-18,tens of thousands,20000,,20000,,,National March for Life,anti-abortion,2,march,0,0,0,0,1,1,https://marchforlife.org/mfl-2019/rally-march-info/,https://www.yourerie.com/news/local-news/tens-of-thousands-of-pro-life-supporters-march-in-dc/1710248523,,,,,
Washington,US Interior Department to Lincoln Memorial,DC,DC,US,2019-01-18,more than 1000,1000,,1000,,,Indigenous Peoples March,"oppose voter suppression, divided families, environmental damage, sex and human trafficking, and police/military brutality; against injustice",1,march,0,0,0,0,1,1,https://www.reuters.com/article/us-usa-indigenous-march/were-not-extinct-marchers-in-u-s-call-for-indigenous-rights-idUSKCN1PC2GZ,,,,,,
Washington ,Across the street from ,DC,DC,US,2019-01-18,,,,,,,Independent Women's Forum,Protesting the Womens March,,Protest,0,0,0,0,1,1,https://www.nationalreview.com/news/women-protest-womens-march-for-jewish-pro-life-and-conservative-women/,,,,,,
Boise,Julia Davis Park,Ada,ID,US,2019-01-19,several hundred,300,,300,,,Right to Life Idaho,anti-abortion,2,march,0,0,0,0,1,1,https://www.idahostatesman.com/latest-news/article224640840.html,,,,,,
Boston,Boston Common,Suffolk,MA,US,2019-01-19,,,,,,,Club of American Nationalists,against Women's March; pro-Trump; pro-life,2,counter-protest,0,0,0,0,1,1,https://www.masslive.com/boston/2019/01/2019-boston-womens-march-crowds-pack-boston-common-in-unity-and-protest.html,,,,,,
Chicago ,Trump International Hotel ,Cook,IL ,US,2019-01-19,,,,,,,Answer Chicago ,"protesting racism, war & bigotry; anti-Trump ",1,protest,,,,,1,1,https://www.facebook.com/events/587843248311758/,,,,,,
Dallas,Cathedral Shrine of Virgin of Guadalupe,Dallas,TX,US,2019-01-19,thousands,2000,,2000,,,North Texas March for Life,anti-abortion,2,march,0,0,0,0,1,1,https://www.dallasnews.com/news/dallas/2019/01/19/abortion-foes-rally-outside-dallas-federal-courthouse-north-texas-march-life,https://www.star-telegram.com/news/politics-government/national-politics/article224709220.html,,,,,
Kalispell,across from Depot Park,Flathead,MT,US,2019-01-19,about a dozen,12,,12,,,general protestors ,against Women's March ,2,march,0,0,0,0,0,1,https://www.dailyinterlake.com/local_news/20190119/contrasting_rallies_held_in_downtown_kalispell,,,,,,
Las Cruces ,Outside City Hall,Doña Ana,NM,US,2019-01-19,about 150,150,,150,,,general protestors ,honoring MLK; anti-trump and anti-wall,1,march; protest,0,0,0,0,1,1,https://www.lcsun-news.com/story/news/local/2019/01/20/martin-luther-king-jr-teachings-inspire-march-las-cruces/2633135002/,,,,,,
Longmont,"600 Main St, Longmont, CO 80501-4919, ",Boulder,CO,US,2019-01-19,,,,,,,Longmont Leads with Love Weekly Vigil,Unity rally,1,rally,0,0,0,0,1,1,https://www.facebook.com/events/289293621625076/,,,,,,
Memphis,IRS Memphis Service Center,Shelby,TN,US,2019-01-19,dozens,24,,24,,,Federal workers,end to government shutdown,1,protest,0,0,0,0,1,1,https://wreg.com/2019/01/19/559380/,,,,,,
New Lenox,New Lenox Commons,Will,IL,US,2019-01-19,about 100,100,,100,,,general protestor,against gun control,2,protest,0,0,0,0,0,1,https://actionnetwork.org/event_campaigns/third-annual-womens-march-womenswave,https://www.chicagotribune.com/suburbs/daily-southtown/news/ct-sta-women-march-will-county-st-0121-story.html,,,,,
Payson,corner of the Beeline Highway and Main Street,Gila,AZ,US,2019-01-19,na,150,,150,,,Payson Tea Party and Republican Club,against Women's March ,1,march,0,0,0,0,0,1,https://www.paysonroundup.com/news/local/payson-women-s-march-attracts-a-crowd/article_805889e8-9f93-5a3b-a736-b78b611e260d.html,,,,,,
Portland,IWW Offices,Multnomah,OR,US,2019-01-19,"at least 10, about 20",10,,20,,,Patriot Prayer,want Muslims out of US,2,protest,0,0,0,0,1,1,https://www.portlandmercury.com/blogtown/2019/01/20/25580467/patriot-prayer-rallies-outside-union-headquarters-spouts-hate-speech,https://pamplinmedia.com/pt/9-news/417547-320638-womens-march-challenges-right-to-life-rally-in-portland,,,,,
Portland,Pioneer Courthouse Square,Multnomah,OR,US,2019-01-19,more than 100,100,,100,,,Cascades Abortion Support Collective; KBOO Community Radio; Northwest Abortion Access Fund,pro-choice; Counter Rally for Reproductive Justice,1,counter-protest,,,,,0,1,https://www.opb.org/news/article/womens-march-oregon-2019/,,,,,,
Portland,Pioneer Courthouse Square,Multnomah,OR,US,2019-01-19,,,,,,,Oregon Right to Life,anti-abortion,2,rally,,,,,0,1,https://www.opb.org/news/article/womens-march-oregon-2019/,,,,,,
Redding,in front of Holiday Inn,Shasta,CA,US,2019-01-19,another 125,125,,125,,,general protestors ,Build That Wall!,2,rally,0,0,0,0,0,1,https://www.redding.com/story/news/2019/01/19/rally-day-redding-features-three-protests/2619157002/,,,,,,
Redding,near City Hall; Sundail Bridge,Shasta,CA,US,2019-01-19,at least a dozen,12,,12,,,general protestors ,anti-abortion,2,rally,0,0,0,0,0,1,https://www.redding.com/story/news/2019/01/19/rally-day-redding-features-three-protests/2619157002/,,,,,,
Savannah,Savannah Hilton Head International Airport,Chatham,GA,US,2019-01-19,dozens,24,,24,,,Federal workers,end to government shutdown,1,protest,0,0,0,0,1,1,https://www.wsav.com/news/local-news/federal-workers-protest-government-shutdown-at-airport/1711626267,,,,,,
Washington,,DC,DC,US,2019-01-19,,,,,,,general protestors ,against Women's March ,0,protest,,,,,0,1,https://twitter.com/sarahmccammon/status/1086683075671670784,,,,,,
Washington,,DC,DC,US,2019-01-19,,,,,,,general protestors ,anti-abortion,2,protest,,,,,0,1,https://twitter.com/sarahmccammon/status/1086684113367646213,,,,,,
Washington ,,DC,DC,US,2019-01-19,,,,,,,March for ALL Women,marching in support of all women's rights; anti-abortion,2,protest,0,0,0,0,0,1,https://www.nationalreview.com/news/women-protest-womens-march-for-jewish-pro-life-and-conservative-women/,,,,,,
Portland,Peninsula Park,Multnomah,OR,US,2019-01-20,hundreds,200,,200,,,Don't Shoot Portland,social justice,0,march,0,0,0,0,1,1,https://www.oregonlive.com/expo/news/g66l-2019/01/d4eff4e7b32544/hundreds-of-marchers-fill-the-streets-for-annual-reclaim-mlk-march-for-human-rights-dignity.html,,,,,,
State College ,Penn State University ,Centre,PA,US,2019-01-20,about 20 ,20,,20,,,general protestors ,Pro-gun rally; protesting proposed gun regulations ,2,protest,0,0,0,0,1,1,https://www.sharonherald.com/news/parkland-survivor-greeted-by-gun-rights-rally-at-penn-state/article_be22c6b2-1c53-11e9-bb52-67a0b3f0a7e1.html,,,,,,
Bruce ,Future City to Bruce Community College ,Macomb,MI,US,2019-01-21,,,,,,,Dyer County NAACP ,march to honor MLK,1,march ,,,,,1,1,https://www.stategazette.com/story/2581749.html,,,,,,
Columbia,State House,Richland,SC,US,2019-01-21,,,,,,,"Bernie Sanders, Cory Booker",speaking at Martin Luther King Day rally,1,rally,,,,,1,1,https://www.thestate.com/news/politics-government/article224082770.html,,,,,,
Denver,Civic Center Park,Denver,CO,US,2019-01-21,a dozen,12,,12,,,Get Er Done Right Colorado,opposed to supervised heroin use sites,0,protest,0,0,0,0,1,1,https://www.westword.com/news/demonstrators-rally-against-supervised-use-injection-sites-in-denver-11120966,,,,,,
Denver ,City Park to Civic Center Park,Denver,CO,US,2019-01-21,,,,,,,Freedom March,marching to honor MLK and protest the racism ,1,march,,,,,0,1,https://denver.cbslocal.com/2019/01/20/thousands-expected-marade-martin-luther-king/,,,,,,
Eureka,Humboldt County Courthouse; Adorni Center,Humboldt,CA,US,2019-01-21,,,,,,,general protestors ,"against injustice, racism, police violence",0,rally,,,,,1,1,https://www.northcoastjournal.com/NewsBlog/archives/2019/01/18/everyone-is-welcome-charmaine-lawson-on-why-she-organized-a-eureka-mlk-march,,,,,,
Gainsville,"St. John Baptist, 757 EE Butler Parkway, Gainesville, to Fair Street School, 695 Fair St",Alachua,FL,US,2019-01-21,,,,,,,Newtown Florist Club,march to honor MLK,1,,,,,,1,1,https://www.gainesvilletimes.com/news/annual-mlk-march-has-new-route-2019/,,,,,,
Jersey City,The House of the Lord ,Hudson,NJ,US,2019-01-21,,,,,,,general protestors ,marching to honor MLK and to protest racial injusice ,1,march;protest,,,,,1,1,https://www.nj.com/hudson/2019/01/mlk-jr-day-rally-march-scheduled-in-jersey-city.html,,,,,,
New Braunfels,,Comal,TX,US,2019-01-21,,,,,,,"Henry Ford, organizer",march to honor MLK,1,march,,,,,1,1,http://herald-zeitung.com/news/article_5def03e2-0d2a-11e9-a3bb-db38e6b882e8.html,,,,,,
New York ,Sanitation Salvage Offices,New York,NY,US,2019-01-21,more than a dozen,12,,12,,,former Sanitation Salvage workers,demanding unpaid wages,0,protest,0,0,0,0,1,1,https://www.propublica.org/article/ex-sanitation-salvage-workers-protest,,,,,,
Orange,Confederate Memorial of the Wind,,TX,US,2019-01-21,,,,,,,Repurpose,"for repurposing Confederate Memorial of the Wind, against white supremacy",1,protest,,,,,1,1,https://fox4beaumont.com/news/community-news/protesters-demonstrate-at-confederate-memorial-in-orange-on-mlk-day,https://repurposememorial.com/,,,,,
Panama City ,,Bay,Fl,US,2019-01-21,,,,,,,Acure,rally to honor MLK and protest the current treatment of Aferican Americans in the US,1,protest; rally,,,,,1,1,https://www.wjhg.com/content/news/Annual-Martin-Luther-King-Junior-rally-504600351.html,,,,,,
Sacramento ,Alhambra Safeway,Sacramento,CA,US,2019-01-21,,,,,,,Black Lives Matter Sacramento ,marching to honor MLK; protesting police violence ,1,march,,,,,0,1,https://www.sacbee.com/entertainment/holidays/article224589765.html,,,,,,
Sacramento ,City College to Convention Center ,Sacramento,CA,US,2019-01-21,,,,,,,March for the Dream ,a march to honor MLK; anti-trump ,1,march,,,,,1,1,https://www.sacbee.com/entertainment/holidays/article224589765.html,,,,,,
Sacramento ,Grant High School,Sacramento,CA,US,2019-01-21,,,,,,,Robert's Family Develemtn Center,marching to honor MLK ; anti-trump,1,march,,,,,0,1,https://www.sacbee.com/entertainment/holidays/article224589765.html,,,,,,
San Antonio,east side,Bexar,TX,US,2019-01-21,"hundreds of thousands; more than an estimated 100,000",100000,,200000,,,general protestors ,call for equality; remember MLK,0,march,,,,,1,1,https://www.ksat.com/news/hundreds-of-thousands-march-through-east-side-to-honor-mlks-dream-of-inclusion-equality,http://www.tpr.org/post/san-antonio-s-mlk-march-highlights-best-alamo-city,,,,,
Washington,Capitol Hill,DC,DC,US,2019-01-21,count pic,30,,30,,,general protestors ,demand diplomatic pressure on Cambodian govt,0,protest,0,0,0,0,1,1,https://www.voacambodia.com/a/cambodians-protest-in-washington-for-more-us-pressure-on-government/4752110.html,,,,,,
Weed ,Lake Shastina Community Bible Church ,Siskiyou,CA,US,2019-01-21,,,,,,,general protestors ,rally to support the LGBTQ community ,1,rally,,,,,1,1,https://z-upload.facebook.com/events/214022552870287/,,,,,,
Atlanta,Chamblee Tucker Rd.,Fulton,GA,US,2019-01-22,count pic,18,,18,,,National Treasury Employees Union; Federal workers,end to government shutdown,1,protest,0,0,0,0,1,1,http://www.fox5atlanta.com/news/atlanta-area-nteu-chapters-protest-shutdown,,,,,,
Klamath Falls,Steps of Klamath County Government Center,Klamath,OR,US,2019-01-22,More than 80,80,,80,,,general protestors ,Against abortion rights,2,protest,0,0,0,0,1,1,https://www.heraldandnews.com/members/forum/guest_commentary/pro-life-rally-inspires-cuts-across-denominations/article_a52e34a1-e55e-52ae-927e-ed7edfa4dfdf.html,,,,,,
Madison,State Capitol,Dane,WI,US,2019-01-22,,,,,,,March for Life Wisconsin,anti-abortion,2,march,0,0,0,0,1,1,https://badgerherald.com/news/2019/01/22/march-for-life-is-met-with-counter-protest-at-state-capitol/,,,,,,
Madison,State Capitol,Dane,WI,US,2019-01-22,,,,,,,Madison Abortion Defense,pro-abortion,1,march,0,0,0,0,1,1,https://badgerherald.com/news/2019/01/22/march-for-life-is-met-with-counter-protest-at-state-capitol/,,,,,,
New York  ,ABC Building,New York,NY,US,2019-01-22,,,,,,,Families for Safe Streets,protesting Whoopi Goldberg statements against bike lanes,0,protest,0,0,0,0,1,1,https://www.metro.us/news/local-news/new-york/families-safe-streets-protest-the-view-whoopi-goldberg-bike-lanes,,,,,,
New York  ,One Manhattan Square,New York,NY,US,2019-01-22,,,,,,,Coalition to Protect Chinatown and the Lower East Side,opposed to construction of One Manhattan Square,0,march,0,0,0,0,1,1,https://archpaper.com/2019/01/two-bridges-one-manhattan-square/,,,,,,
Seattle,Seattle-Tacoma International Airport,King,WA,US,2019-01-22,about 65,65,,65,,,National Air Traffic Controllers Association,end to government shutdown,1,rally,0,0,0,0,1,1,https://www.seattletimes.com/seattle-news/federal-employees-rally-outside-sea-tac-airport-to-push-for-end-of-shutdown/,,,,,,
Spokane,Spokane International Airport,Spokane,WA,US,2019-01-22,about a dozen,12,,12,,,air traffic controllers,end to government shutdown,1,protest,0,0,0,0,1,1,https://www.kxly.com/news/air-traffic-controllers-protest-government-shutdown-outside-spokane-international-airport/986412191,,,,,,
St. Paul,State Capitol,Ramsey,MN,US,2019-01-22,thousands,2000,,2000,,,Minnesota Citizens Concerned for Life,anti-abortion,2,rally,0,0,0,0,1,1,http://www.startribune.com/thousands-brave-cold-for-minnesota-march-for-life/504711742/,,,,,,
Tampa,Tampa International Airport,Hillsborough,FL,US,2019-01-22,,,,,,,federal workers,end to government shutdown,1,protest,0,0,0,0,1,1,https://www.kxly.com/news/air-traffic-controllers-protest-government-shutdown-outside-spokane-international-airport/986412191,,,,,,
Austin,State Capitol,Travis,TX,US,2019-01-23,over 200,200,,200,,,Venezuelans,supporting Trump policy towards Venezuela,2,protest,0,0,0,0,1,1,https://www.kxan.com/news/local/austin/venezuelans-protest-support-trump-backing-of-opposition-leader-at-capitol/1721355001,,,,,,
Helena,State Capitol,Lewis and Clark,MT,US,2019-01-23,,,,,,,Northern Plains Resource Council,better access to renewable energy,0,rally,,,,,1,1,https://www.publicnewsservice.org/2019-01-23/energy-policy/montanans-rally-for-clean-power-in-helena/a65294-1,,,,,,
Lexington,McConnell Senate Office,Fayette,KY,US,2019-01-23,about 50,50,,50,,,American Federation of Government Employees,end to government shutdown,1,protest,0,0,0,0,1,1,https://www.washingtonpost.com/national/police-called-to-shutdown-protest-at-mcconnell-office/2019/01/23/20cda1f8-1f3b-11e9-a759-2b8541bbbe20_story.html?utm_term=.e2c09e68b272,,,,,,
Los Angeles,Hall of Justice,Los Angeles,CA,US,2019-01-23,,,,,,,Black Lives Matter LA,"against police brutality, for police accountability, Black Lives Matter, against District Attorney Jackie Lacey",1,protest,,,,,1,1,https://www.cnn.com/2020/07/10/us/jackie-lacey-la-da-black-lives-matter/index.html,https://www.newyorker.com/magazine/2020/11/16/after-years-of-protests-every-wednesday-la-activists-welcome-a-new-da,,,,,
Miami,Venezuelan consulate,Miami-Dade,FL,US,2019-01-23,"hundreds, thousands",200,,2000,,,Venezuelans,demanding ouster of Venezuelan President Maduro,0,protest,0,0,0,0,1,1,https://miami.cbslocal.com/2019/01/23/south-florida-venezuelans-to-join-world-wide-protests-against-maduro-at-doral-park/,https://miami.cbslocal.com/video/4015370-thousands-turn-out-for-local-protest-against-venezuelas-nicolas-maduro/,,,,,
Morrisville,Raleigh-Durham International Airport,Wake,NC,US,2019-01-23,count video,19,,19,,,American Federation of Government Employees,end to government shutdown,1,rally,0,0,0,0,1,1,https://www.cbs17.com/news/local-news/tsa-protest-over-shutdown-planned-for-wednesday-afternoon-at-rdu/1718398142,,,,,,
Washington,Hart Senate Building,DC,DC,US,2019-01-23,hundreds,200,,200,,,furloughed workers,against government shutdown,1,silent protest; rally; sit-in,12,0,0,0,1,1,https://www.washingtonpost.com/local/furloughed-federal-workers-stage-sit-in-outside-senators-offices-in-washington/2019/01/23/d806e632-1f26-11e9-9145-3f74070bbdb9_story.html?utm_term=.c34f8abaadad,https://www.wusa9.com/video/news/occupyhart-hundreds-of-workers-protest-government-shutdown/65-0b9821d4-0292-47f5-93e6-c0e1354cb504,,,,,
Anaheim,intersection of Harbor Boulevard and Katella Ave,Orange,CA,US,2019-01-24,,,,,,,general protestors,Collective Bargaining; For better compensation,0,protest,21,0,0,0,1,1,http://www.ocregister.com/21-charged-with-loitering-accused-of-blocking-traffic-during-anaheim-hotel-union-protest,,,,,,
Mendocino,Ukiah campus,Mendocino,CA,US,2019-01-24,,,,,,,Mendocino College workers,Contract negotiations,0,informational picket,0,0,0,0,1,1,https://www.mendovoice.com/2019/01/mendocino-college-workers-will-hold-informational-picket-thursday/,,,,,,
Windsor Locks ,Bradley International Airport,Hartford,CT,US,2019-01-24,dozens ,24,,24,,,Professional Aviation Safely specialists ,protesting the government shut down ,1,protest,0,0,0,0,1,1,https://www.courant.com/news/connecticut/hc-news-connecticut-bradleu-aviation-picket-20190125-26fhhvgkqbdareff5wfjmiow3m-story.html,,,,,,
New York,UN Headquarters,New York ,NY,US,2019-01-25,count pic,1,,1,,,general protestor,against inaction on climate change,1,strike,0,0,0,0,1,1,https://twitter.com/AlexandriaV2005/status/1088824720563363842,,,,,,
Philadelphia,Philadelphia International Airport,Philadelphia,PA,US,2019-01-25,roughly 100,100,,100,,,federal workers,end to government shutdown,1,protest,0,0,0,0,1,1,http://www.philly.com/news/government-shutdown-philadelphia-airport-rally-tsa-agents-20190125.html,,,,,,
Denmark,Begins at Gazebo in Jim Harrison Park and march through downtown Denmark,Bamberg,SC,US,2019-01-26,about 150,150,,150,,,Denmark Citizens for Safe Water,Against hazardous conditions; Water,0,rally and march,0,0,0,0,1,1,https://www.postandcourier.com/news/expert-in-lawsuit-warns-of-new-danger-in-denmark-sc/article_8b85e426-2330-11e9-9555-f3fecebceb55.htmlhttps://thetandd.com/news/local/denmark-citizens-for-safe-water-to-hold-rally-march-in/article_ca2379c8-9ca6-5081-89a5-9c14233a809f.html,https://thetandd.com/news/local/denmark-citizens-for-safe-water-to-hold-rally-march-in/article_ca2379c8-9ca6-5081-89a5-9c14233a809f.html,,,,,
Effingham,Travelling up interstate 57,Effingham,IL,US,2019-01-26,,50,,50,,,Black Smoke Matters,Against monitoring; Transportation,0,protest,0,0,0,0,1,1,https://www.effinghamdailynews.com/news/local_news/truckers-group-takes-protest-on-the-road/article_b8b5e6d1-2323-5e3c-91cc-2f2d37192b68.html,,,Close to 50 semitrucks and passenger cars participated,,,
El Paso,Along the boarder,El Paso,TX,US,2019-01-26,hundreds,200,,200,,,general protestors ,against border wall,1,march,0,0,0,0,1,1,https://www.npr.org/2019/01/27/689121173/in-el-paso-hundreds-of-protesters-denounce-trumps-border-wall-plans?t=1548693738466,,,,,,
Fort Wayne,University of Saint Francis Performing Arts Center,Allen,TX,US,2019-01-26,,,,,,,Allen County Right to Life,protesting Roe v Wade,2,rally then march,0,0,0,0,1,1,http://www.journalgazette.net/blog/political-notebook/20190107/allen-right-to-life-to-rally-march-jan-26,,,,,,
Hartford,,Hartford,CT,US,2019-01-26,,,,,,,Connecticut Tech Worker Coalition,protest to keep tech jobs in Hartford,0,protest,0,0,0,0,1,1,https://www.newstimes.com/local/article/Tech-workers-to-rally-to-keep-India-outsourcing-13496726.php,,,,,,
Huntington Woods,Huntington Woods Library,Oakland,MI,US,2019-01-26,,,,,,,Warriors for Christ,protesting Drag Queen Story Time at the Huntington Woods Library,2,prayer/protest,0,0,0,0,1,1,https://www.freep.com/story/news/local/michigan/oakland/2018/12/30/2nd-group-protest-library-drag-queen-story-time/2445265002/,,,,,,
Huntington Woods,Huntington Woods Library,Oakland,MI,US,2019-01-26,,,,,,,Mass Resistance,counterprotesting the Warriors for Christ protest,1,protest,0,0,0,0,1,1,https://www.freep.com/story/news/local/michigan/oakland/2018/12/30/2nd-group-protest-library-drag-queen-story-time/2445265002/,,,,,,
Lincoln ,State Capitol,Lancaster,NE,US,2019-01-26,FB:101 ,101,,101,,,general protestors ,protesting the march for life. Pro-choice.,1,protest,0,0,0,0,1,1,https://www.facebook.com/events/427388137793124/,,,,,,
Montpelier,State Capitol,Washington,VT,US,2019-01-26,several hundred,300,,300,,,Vermont Right to Life,anti-abortion,2,march,0,0,0,0,1,1,https://eu.burlingtonfreepress.com/story/news/local/vermont/2019/01/26/vermont-anti-abortion-advocates-pro-choice-rally-statehouse-march-for-life-2019/2655771002/,,,,,,
New Britain,Outside police headquarters,Hartford,CT,US,2019-01-26,,,,,,,Moral Monday CT group; Self Defense Brigade,protest police shooting of Zoe Dowdell,0,protest,,,,,1,1,https://www.courant.com/community/new-britain/hc-news-new-britain-zoe-dowdell-foi-20190109-dicx5yzm5ngprfpb32xbmdobry-story.html,,,,,,
New York  ,Rockefeller Center Ice RInk,New York,NY,US,2019-01-26,count video,17,,17,,,Extinction Rebellion NYC,climate change,0,protest,9,0,0,0,1,1,https://newyork.cbslocal.com/2019/01/26/rockefeller-center-protest-arrests/,,,,,,
Orchard Park,New Era Field,Erie,NY,US,2019-01-26,count pic,31,,31,,,Western New York Area Labor Federation,against New Era Derby factory closure,0,protest,0,0,0,0,1,1,https://www.wkbw.com/news/local-news/western-new-york-union-members-protest-closure-of-new-eras-derby-facility,,,,,,
San Francisco,Civic Center Plaza,,CA,US,2019-01-26,,,,,,,general protesters,for abortion rights,1,counter-protest,0,0,0,0,0,1,https://www.walkforlifewc.com/official-walk-for-life-west-coast-video-walter-hoye-on-fire/,https://mastodon.lol/@Maggiemayhem/109600322759616708,https://www.walkforlifewc.com/offiocial-walk-for-life-west-coast-video-fr-shenan-boquet/,,,,
San Francisco,Civic Center Plaza,,CA,US,2019-01-26,count video,3000,,5000,,,Walk for Life West Coast,"against abortion, for Christian values",2,march; rally,0,0,0,0,1,1,https://www.walkforlifewc.com/official-walk-for-life-west-coast-video-walter-hoye-on-fire/,https://mastodon.lol/@Maggiemayhem/109600322759616708,https://www.walkforlifewc.com/offiocial-walk-for-life-west-coast-video-fr-shenan-boquet/,,,,
Sweetwater,Ruben Dario Park,Maimi-Dade,FL,US,2019-01-26,close to 500,500,,500,,,Nicaraguans,againt Nicaraguan President Daniel Ortega,0,march,0,0,0,0,1,1,http://www.wlrn.org/post/we-are-winning-because-we-are-together-nicaraguans-south-florida-protest-against-ortega,,,,,,
Warwick,T.F. Green Airport,Kent,RI,US,2019-01-26,,,,,,,federal workers,want long-term solution to paying federal workers,0,rally,0,0,0,0,1,1,https://turnto10.com/news/local/federal-workers-in-ri-protest-government-shutdown,,,,,,
Washington,In front of the White House,DC,DC,US,2019-01-26,hundreds,200,,200,,,general protestors ,against the attempted coup d’etat set in motion by the United States in Venezuela,0,protest,0,0,0,0,1,1,https://www.liberationnews.org/dc-activists-rally-to-condemn-attempted-us-coup-in-venezuela/,,,,,,
State College ,Allen Street Gates,Centre,PA,US,2019-01-28,more than 50,50,,50,,,general protestors ,gun reform; end gun violence,0,vigil,0,0,0,0,1,1,https://www.centredaily.com/latest-news/article225193565.html,,,,,,
Flagstaff,In front of the Law Enforcement Administrative Facility,Coconino,AZ,US,2019-01-29,count pic,18,,18,,,Friends and family of Jose Montolongo,Immigration; Against ICE,1,protest,0,0,0,0,1,1,https://azdailysun.com/news/jose-montolongo-protest/collection_aa7193e9-0507-52a5-9cf8-b284d81b294e.html,,,,,,
Fort Lauderdale,Outside of Roger Stone's Fort Lauderdale home ,Broward,FL,US,2019-01-29,couple dozen ,24,,24,,,general protestors ,In support of Roger Stone ,0,rally,0,0,0,0,1,1,https://wsvn.com/news/local/around-two-dozen-people-rally-outside-the-home-of-roger-stone/,,,,,,
Los Angeles,Hall of Justice,Los Angeles,CA,US,2019-01-30,,,,,,,Black Lives Matter LA,"against police brutality, for police accountability, Black Lives Matter, against District Attorney Jackie Lacey",1,protest,,,,,1,1,https://www.cnn.com/2020/07/10/us/jackie-lacey-la-da-black-lives-matter/index.html,https://www.newyorker.com/magazine/2020/11/16/after-years-of-protests-every-wednesday-la-activists-welcome-a-new-da,,,,,
St. Louis,City hall,Gratiot,MO,US,2019-01-30,about 15,15,,15,,,"Elad Gross, Democratic candidate for Missouri Attorney General",For homeless residents; Other,0,protest,0,0,0,0,1,1,https://www.semissourian.com/story/2585179.html,,https://www.stltoday.com/news/local/metro/dangerous-cold-across-st-louis-heats-up-debate-on-homeless/article_75d58fc8-9520-54b1-af2e-a626e3d347b5.html,,,,
Charleston,West Virginia Senate Chamber,Kanawha,WV,US,2019-01-31,nearly 200,200,,200,,,Our Students First for Public Education,Education; Against charter schools/vouchers; Against systemic underfunding education; Against charter schools/vouchers,1,protest,0,0,0,0,1,1,https://www.journal-news.net/journal-news/teachers-rally-against-education-omnibus-at-capitol/article_75d93ed6-246c-5189-94a9-6ea974cacf95.htmlhttps://www.register-herald.com/news/our-students-first-rally-planned-to-oppose-omnibus-education-bill/article_5eee706a-c3f7-56f2-af7e-30a92ab896a9.html,,,,,,
Columbia,South Carolina State House,Richland,SC,US,2019-01-31,,,,,,,Lowcountry Students for Political Action,"advocating to close the ""Charleston Loophole"", for gun control",1,rally,0,0,0,0,1,1,https://www.live5news.com/2019/01/05/students-prepare-columbia-rally-close-charleston-loophole/,,,,,,
El Paso,ICE's El Paso Processing Center,El Paso,TX,US,2019-01-31,nearly 30; na,11,,30,,,asylum seekers,against detention and inhumane treatment,1,hunger strike,0,0,0,0,1,1,https://apnews.com/c4b201dac8bf48eba17485a5c357b810,,,gone on for weeks,,,
Fresno,March started outside the U.S. Immigrations and Customs Enforcement facility on L Street and ended at Sen. Dianne Feinstein’s office at the federal courthouse on Tulare Street,Fresno,CA,US,2019-01-31,about 25,25,,25,,,general protestors ,Immigration; For compassionate immigration,1,protest/march,0,0,0,0,1,1,https://www.fresnobee.com/news/local/article225321780.html,,,,,,
Los Angeles,Outside LA fitness gym on Sunset Boulevard,Los Angeles,CA,US,2019-01-31,,,,,,,Black Lives Matter L.A,Civil Rights; For racial justice,0,protest,0,0,0,0,1,1,https://www.latimes.com/local/lanow/la-me-ln-lapd-black-lives-matter-protest-20190201-story.html,,,,,,
Oakland,Outtside City Hall,Alameda,CA,US,2019-01-31,,200,,200,,,Union and City employees,Collective Bargaining; For better compensation,0,protest,0,0,0,0,1,1,https://www.sfchronicle.com/bayarea/article/Oakland-city-workers-rally-outside-City-Hall-13578995.php,,,,,,
Seattle,Moore theatre,King,WA,US,2019-01-31,several dozen,24,,24,,,general protestors,Other; Campaign; Against candidate,0,protest,0,0,0,0,1,1,http://westchester.news12.com/story/39888980/hometown-protest-and-fans-greet-schultz-as-he-eyes-2020-bid,,,,,,
Seattle,Washington Middle School,King,WA,US,2019-01-31,,,,,,,Students at Washington Middle School,Education; For greater funding,0,protest,0,0,0,0,1,1,https://www.kiro7.com/news/local/students-at-washington-middle-school-walked-out-of-class-to-protest-budget-cuts/912724476,,,,,,
St. Louis,Washington University,Gratiot,MI,US,2019-01-31,,,,,,,Washington University Graduate Workers Union,Collective Bargaining; For higher minimum wage,,,0,0,0,0,1,1,http://www.studlife.com/?p=95134,,,,,,