CityTown,Location,County,StateTerritory,Country,Date,EstimateText,EstimateLow,BestGuess,EstimateHigh,AdjustedLow,AdjustedHigh,Actor,Claim,Pro(2)/Anti(1),EventType,ReportedArrests,ReportedParticipantInjuries,ReportedPoliceInjuries,ReportedPropertyDamage,TownsCities,Events,Source1,Source2,Source3,Misc.,Source4,Source5
Kansas City,outside the Truman,Jackson,MO,US,2019-12-01,about a dozen,12,,12,,,Westboro Baptist Church,anti-LGBTQ,0,protest,0,0,0,0,1,1,https://www.billboard.com/articles/news/pride/8545161/kim-petras-counter-protests-westboro-baptist-church,,,,,
San Diego,Hillcrest,San Diego,CA,US,2019-12-01,,,,,,,general protestors,promote AIDS awareness,0,vigil,,,,,1,1,https://twitter.com/ReporterCassie/status/1201294825326170112,,,,,
San Francisco,outside Moscone Center,San Francisco,CA,US,2019-12-01,,,,,,,general protestors,support clean cars; support climate change action; pro-environment,0,protest,,,,,1,1,https://twitter.com/Laurel_Standley/status/1202408364178673664,,,,,
Terre Haute,Hellman Hall at St. Benedict Catholic Church ,Vigo ,IN ,US,2019-12-01,,,,,,,general protesters,Against death penalty,1,Protest,0,0,0,0,1,1,https://www.tribstar.com/news/local_news/updated-execution-protest-event-set-for-sunday-in-terre-haute/article_d9709b3d-6267-5389-abdc-5afa2e0f5a7e.html,,,,,
Washington,outside White House,DC,DC,US,2019-12-01,,,,,,,general protestors,against Government of Iran; demand prisoner release,0,protest,,,,,1,1,https://twitter.com/OrgIAC/status/1201216490382356480,,,,,
Annapolis,,Anne Arundel ,MD,US,2019-12-02,,,,,,,Fridays for Future,For climate change action ,1,March; rally,0,0,0,0,1,1,https://www.capitalgazette.com/environment/ac-cn-fridays-future-1207-20191205-wofvctn37zbefcxgbyquccqldi-story.html,,,,,
Cambridge,University Hall; Harvard University,Middlesex,MA,US,2019-12-02,roughly 50,50,,50,,,general protestors,protest tenure denial and failure to establish an Ethnic Studies dept.,0,sit-in,0,0,0,0,1,1,https://twitter.com/harvarddiverse/status/1201601836148543493,https://www.thecrimson.com/article/2019/12/3/garcia-pena-tenure-denial-protest/#.XeYPFapnW_M.facebook,,,,
Lorain,Clearview local school buildings,Lorain,OH,US,2019-12-02,,,,,,,Clearview Education Association,For fair settlement with Clearview Education Association's bargaining team ,0,Protest,0,0,0,0,1,1,https://www.morningjournal.com/news/lorain-county/clearview-schools-teachers-protest-lack-of-settlement/article_c1063a5a-1534-11ea-a046-b71d1ee16f6d.html,,,,,
Madison,University of Wisconsin ,Dane,WI,US,2019-12-02,,,,,,,University of Wisconsin students,,0,Protest,0,0,0,0,1,1,https://badgerherald.com/news/2019/12/02/students-protest-removal-of-multicultural-learning-center-house-fellow/,,,,,
Milford ,McDonald's,New Haven ,CT,US,2019-12-02,,,,,,,McDonald's workers; immigrant workers,In support of forming a union ,0,Protest,0,0,0,0,1,1,https://www.wtnh.com/news/connecticut/workers-rally-to-form-union-at-mcdonalds/,,,,,
New York,outside Beacon High School,New York,NY,US,2019-12-02,roughly 300,300,,300,,,students; Teens Take Charge,against segregation; against current admissions policy,0,protest,0,0,0,0,1,1,https://www.nytimes.com/2019/12/02/nyregion/nyc-beacon-high-school-walkout.html,,,,,
New York ,Astoria ,Queens,NY,US,2019-12-02,,,,,,,general protesters,Against Stipulated Fine Program ,0,Rally,0,0,0,0,0,1,https://qns.com/story/2019/12/02/astoria-councilman-rallies-on-cyber-monday-to-argue-that-pre-set-fine-program-for-delivery-trucks-makes-streets-unsafe/,,,,,
New York ,Beacon High School; Manhattan,New York ,NY,US,2019-12-02,more than 300 ,300,,300,,,Beacon High School students,Against racist admissions process at high school ,0,Protest,0,0,0,0,0,1,https://www.nytimes.com/2019/12/02/nyregion/nyc-beacon-high-school-walkout.html,,,,,
Rochester,,Monroe,NY,US,2019-12-02,more than three dozen,36,,36,,,general protesters,"Against ""anti-annoyance"" bill ",0,Protest,0,0,0,0,1,1,https://www.democratandchronicle.com/story/news/2019/12/02/anti-annoyance-law-monroe-county-cheryl-dinolfo-rpd/2587016001/,,,,,
San Bernardino,Amazon center,San Bernardino ,CA,US,2019-12-02,roughly 100,100,,100,,,general protesters,Against Amazon's poor labor practices and negative affects on local air quality,0,Protest,0,0,0,0,1,1,https://www.sbsun.com/2019/12/02/protesters-at-amazons-san-bernardino-center-demand-better-pay-air-quality/,,,,,
Washington,outside US Supreme Court,DC,DC,US,2019-12-02,,,,,,,general protestors; Gays Against Guns,pro-gun control; anti-NRA,1,rally,,,,,1,1,https://www.bradyunited.org/act/nra-supreme-court-new-york-rifle?,https://act.everytown.org/event/scotus-gun-laws-save-lives-rally-brady/29931/signup?,https://demcastusa.com/2019/12/06/gays-against-guns-protest-in-dc/,,,
Boca Raton ,Geo Group's Boca Raton headquarters,Palm Beach,FL,US,2019-12-03,fewer than 10 ,10,,10,,,general protesters,Against the mistreatment of undocumented immigrant detainees,1,Protest,9,0,0,0,1,1,https://www.sun-sentinel.com/local/palm-beach/boca-raton/fl-ne-boca-raton-geo-group-protest-arrest-20191203-oydkoivt3vghreqp2wlisejone-story.html,,,,,
Greenwood,Leflore County Courthouse,Leflore,MS,US,2019-12-03,,,,,,,New Order National Human Rights Organization ,Against the city's decision to reinstate Jeri Bankston to the rank of lieutenant in the police department,0,Protest,0,0,0,0,1,1,https://www.gwcommonwealth.com/news/article_12b4b292-164c-11ea-a744-6fbe24d00fcb.html,,,,,
Long Beach,Cal State Long Beach,Los Angeles,CA,US,2019-12-03,,,,,,,general protesters,Against sexual violence,1,Protest,0,0,0,0,1,1,https://www.latimes.com/entertainment-arts/story/2019-12-10/the-viral-protest-a-rapist-in-your-path-is-catchy-defiant-an-the-anthem-for-2019,,,,,
Los Angeles,Boyle Heights,Los Angeles,CA,US,2019-12-03,count pic,23,,23,,,general protestors,support tenant rights,0,march,,,,,1,1,https://twitter.com/LATenantsUnion/status/1201978231450030081,,,,,
Los Angeles,Outside Los Angeles Police Department headquarters,Los Angeles,CA,US,2019-12-03,,,,,,,Black Lives Matter,Against police violence,0,Rally,0,0,0,0,1,1,https://www.dailynews.com/2019/12/03/presidential-candidate-julian-castro-to-join-black-lives-matter-protest-outside-lapd-hq/,,,,,
New Orleans,In front of the RTA building on Canal Street,New Orleans City,LA,US,2019-12-03,several dozen; more than 100,36,,100,,,Algiers Point residents,Against lack of ferry service,0,Protest,0,0,0,0,1,1,https://www.nola.com/news/article_4617d36a-162b-11ea-913e-13ad79d951ab.html,,,,,
New York ,Herald Square; Manhattan,New York ,NY,US,2019-12-03,,,,,,,general protesters,In support of International Day of Persons with Disabilities ,0,Rally,0,0,0,0,1,1,https://www.pix11.com/news/local-news/riders-rally-for-more-accessible-transit-stations-in-nyc,,,,,
Salt Lake City,State Capitol,Salt Lake,UT,US,2019-12-03,roughly 200 ,200,,200,,,general protesters,Supporting the ratification of the Equal Rights Amendment ,0,Protest,0,0,0,0,1,1,https://www.sltrib.com/news/2019/12/03/lds-church-announces-it/,,,,,
Salt Lake City,State Capitol ,Salt Lake,UT,US,2019-12-03,,,,,,,The Church of Jesus Christ of Latter-day Saints,Against the ratification of the Equal Rights Amendment ,0,Protest,0,0,0,0,1,1,https://www.sltrib.com/news/2019/12/03/lds-church-announces-it/,,,,,
South Burlington,Chittenden County Sheriff Department ,Chittenden,VT,US,2019-12-03,,,,,,,Migrant Justice,Against the detention of a migrant farmworker,1,Protest,0,0,0,0,1,1,https://vtdigger.org/2019/12/02/migrant-justice-plans-protest-over-traffic-stop-leading-to-farmworkers-detention/,,,,,
Tuscon,Arizona Capitol ,Pima,AZ,US,2019-12-03,about 100,100,,100,,,National Organization for Women,Against poor conditions of federal immigration detention centers for women and girls,1,Protest,0,0,0,0,1,1,https://www.azcentral.com/story/news/local/phoenix/2019/12/09/now-rally-draws-attention-conditions-ice-detention-centers/4360312002/,,,,,
Utica ,City Hall,Oneida,NY,US,2019-12-03,,,,,,,general protesters,For more state funding for education ,0,Rally,0,0,0,0,1,1,https://www.uticaod.com/news/20191203/utica-area-students-advocates-rally-for-education-funding,,,,,
Winnfield,inside Winn Correctional Center,Winn,LA,US,2019-12-03,about 50,50,,50,,,detainees,against being detained; protets treatment of asylum seekers,1,protest,0,0,0,0,1,1,https://www.yahoo.com/news/ice-protest-louisiana-jail-ends-165848223.html?.tsrc=fauxdal,,,use of pepper spray on protestors,,
Cleveland,Cleveland State University courtyard,Cuyahoga,OH,US,2019-12-04,,,,,,,general protestors,against domestic violence and sexual assault,0,protest,,,,,1,1,https://twitter.com/Lil_TK21/status/1198761730353983488,,,,,
Davis,,Yolo,CA,US,2019-12-04,several ,,,,,,registered nurses at UC Davis Health ,Against the system's failure to comply with a Cal/OSHA regulation requiring workplace violence prevention plans,0,Protest,0,0,0,0,1,1,https://www.sacbee.com/latest-news/article238039179.html,,,,,
Detroit,Kid Rock's restaurant,Wayne,MI,US,2019-12-04,about 20 ,20,,20,,,general protesters,Against racism,0,Protest,0,0,0,0,1,1,https://www.detroitnews.com/story/news/local/detroit-city/2019/12/04/reports-kid-rocks-restaurant-leave-little-caesars-arena/2606137001/,,,,,
Hartford,Immigration and Customs Enforcement office,Hartford,CT,US,2019-12-04,over a dozen,12,,12,,,general protesters,Against the detainment of Uzbek immigrant ,1,Protest,0,0,0,0,1,1,https://www.courant.com/news/connecticut/hc-news-hartford-immigration-rally-20191204-ur2a5i5qnnb57brdac5gdfsfxm-story.html,,,,,
Holland,215 Central Ave.,Ottawa,MI,US,2019-12-04,about 300,300,,300,,,Pence campaign,support Trump,2,rally,,,,,1,1,https://www.hollandsentinel.com/news/20191204/about-200-protest-mike-pence-rally-in-holland,,,,,
Holland,outside 215 Central Ave.,Ottawa,MI,US,2019-12-04,about 200,200,,200,,,general protestors,anti-Trump,1,counter-protest,,,,,0,1,https://www.hollandsentinel.com/news/20191204/about-200-protest-mike-pence-rally-in-holland,https://twitter.com/AnnikaDoner/status/1202405139350466561,,,,
Los Angeles,Hall of Justice,Los Angeles,CA,US,2019-12-04,,,,,,,Black Lives Matter LA,"against police brutality, for police accountability, Black Lives Matter, against District Attorney Jackie Lacey",1,protest,,,,,1,1,https://www.cnn.com/2020/07/10/us/jackie-lacey-la-da-black-lives-matter/index.html,https://www.newyorker.com/magazine/2020/11/16/after-years-of-protests-every-wednesday-la-activists-welcome-a-new-da,,,,
Penns Grove,Outside school district offices,Salem,NJ,US,2019-12-04,approximately 80,80,,80,,,general protesters,Supporting a contract with better wages for teachers,0,Protest,0,0,0,0,1,1,https://www.nj.com/salem/2019/12/we-just-want-a-livable-wage-teachers-say-as-they-protest-lack-of-contract.html,,,,,
Pittsburgh,University of Pittsburgh ,Allegheny,PA,US,2019-12-04,more than 20,20,,20,,,Grad Union organizers,Supporting the establishment of a graduate student union ,0,Demonstration,0,0,0,0,1,1,https://pittnews.com/article/153207/news/grad-union-organizers-hold-demonstration-on-sky-bridge/,,,,,
San Francisco ,Mayor London Breed's office,San Francisco ,CA,US,2019-12-04,around 100,100,,100,,,general protesters,Demanding larger city budget for housing subsidies for elderly residents,0,Protest,0,0,0,0,1,1,https://sfist.com/2019/12/05/aging-and-disabled-activists-gather-at-mayors-office-to-protest-for-housing-subsidies/,,,,,
Santa Barbara,Unitarian Society of Santa Barbara,Santa Barbara,CA,US,2019-12-04,,,,,,,Coalition Against Gun Violence,against gun violence,1,vigil,,,,,1,1,https://www.noozhawk.com/article/interfaith_vigil_mourns_victims_of_gun_violence#.XfD83c7FWew.twitter,,,,,
Scottsdale,outside a hotel,Maricopa,AZ,US,2019-12-04,dozens,24,,24,,,general protestors,against meeting of American Legislative Exchange Council ,0,protest,0,0,0,0,1,1,https://ktar.com/story/2865804/conservative-lawmakers-greeted-in-scottsdale-by-protesters-lawsuit/,,,,,
Scottsdale,Westin Kierland Resort,Maricopa,AZ,US,2019-12-04,,,,,,,general protesters,Against the start of American Legislative Exchange Council conference,1,Protest,0,0,0,0,1,1,https://www.fox10phoenix.com/news/liberals-protest-as-conservative-legislative-group-gathers-in-arizona,,,,,
South Bend,,St. Joseph,IN,US,2019-12-04,,,,,,,general protestors,against Buttigieg; pro-Black Lives Matter,0,protest,0,0,0,0,1,1,https://www.buzzfeednews.com/article/henrygomez/pete-buttigieg-black-support-protest-south-bend,,,,,
South Bend,,St. Joseph,IN,US,2019-12-04,,,,,,,Black Lives Matter,Against presidential candidate Pete Buttigieg's policies with regard to black citizens,0,Protest,0,0,0,0,1,1,https://www.wndu.com/content/news/Black-Lives-Matter-Sanders-campaign-react-to-chaos-at-Buttigieg-support-rally-565850442.html,,,,,
Syracuse,steps of Hendricks Chapel at Syracuse University,Onondaga,NY,US,2019-12-04,,,,,,,general protestors,pro-peace; anti-racism,0,vigil,,,,,1,1,https://twitter.com/SyracuseU/status/1202388432330338305,https://twitter.com/RickyReports/status/1202340601313845248,,,,
Washington,St. Mark's Episcopal Church; Capitol Hill,DC,DC,US,2019-12-04,,,,,,,general protestors,support gun violence victims,1,vigil,,,,,1,1,https://twitter.com/NewtownAction/status/1196939643498979328,https://twitter.com/RepJahanaHayes/status/1202414768377733120,,,,
Altoona ,In front of state Sen. Judy Ward's office,Blair,PA,US,2019-12-05,about 30,30,,30,,,UPMC Altoona nurses,Demand more robust staffing ,0,Protest,0,0,0,0,1,1,https://www.altoonamirror.com/news/local-news/2019/12/upmc-altoona-nurses-rally-for-safe-staffing/,,,,,
Ann Arbor,University of Michigan ,Washtenaw,MI,US,2019-12-05,,,,,,,One University campaign; Climate Action Movement,Against university executives decisions regarding carbon neutrality efforts,0,Protest,0,0,0,0,1,1,https://www.mlive.com/news/ann-arbor/2019/12/climate-protesters-block-university-of-michigan-execs-from-exiting-meeting.html,,,,,
Buffalo ,,Erie,NY,US,2019-12-05,,,,,,,general protesters,Against proposed mandates on the HPV and flu vaccinations,0,Protest,0,0,0,0,1,1,https://www.wgrz.com/article/news/western-new-york-families-protest-against-proposed-vaccine-mandates/71-7e0430e7-e696-43ce-80ce-a1aa307155a7,,,,,
Chapel Hill ,University of North Carolina,Chatham ,NC,US,2019-12-05,about 200,200,,200,,,general protesters,Against Silent Sam deal and money to Confederate group,0,Protest,0,0,0,0,1,1,https://www.newsobserver.com/news/local/education/article238069654.html,,,,,
Cincinnati,P&G's Fifth Street Campus,Hamilton,OH,US,2019-12-05,,,,,,,general protesters,Against the use of consumer product's non-recycled pulp in paper products from Procter and Gamble,0,Protest,0,0,0,0,1,1,https://www.cincinnati.com/story/money/2019/12/05/p-g-protest-santa-claus-and-elves-deliver-coal-cincinnati-company/2612933001/,,,,,
Corydon,Corydon Square,Harrison,IN,US,2019-12-05,,,,,,,general protestors,pro-impeachment; anti-Trump,1,protest,,,,,1,1,https://twitter.com/LeahSlag/status/1202634745361907712,,,daily since August 1,,
Harrisburg,Capitol,Dauphin,PA,US,2019-12-05,,,,,,,general protesters,Against President Trump,1,Protest,0,0,0,0,1,1,https://www.pennlive.com/news/2019/12/citizen-activist-gene-stilp-burns-trump-campaign-flags-to-protest-the-presidents-misguided-values.html,,,,,
Houston,Houston ISD headquarters,Harris,TX,US,2019-12-05,,,,,,,general protesters,Against the state takeover of Houston schools,0,Protest,0,0,0,0,1,1,https://cw39.com/2019/12/05/teachers-to-rally-at-houston-isd-headquarters-today-against-proposed-state-takeover/,,,,,
Knoxville,,Knox,TN,US,2019-12-05,,,,,,,Alternatives to the Death Penalty,Against the execution of Lee Hall,0,Vigil,0,0,0,0,1,1,https://dailymemphian.com/article/9272/death-penalty-protesters-to-hold-prayer-vigil-in,,,,,
Madison,University of Wisconsin ,Dane,WI,US,2019-12-05,200-300,200,,300,,,general protesters,Against return of Professor Akbar Sayeed,0,Protest,0,0,0,0,1,1,https://badgerherald.com/news/2019/12/05/students-protest-hostile-professor-akbar-sayeeds-return-to-campus/,,,,,
Memphis,,Shelby,TN,US,2019-12-05,,,,,,,Alternatives to the Death Penalty,Against the execution of Lee Hall,0,Vigil ,0,0,0,0,1,1,https://dailymemphian.com/article/9272/death-penalty-protesters-to-hold-prayer-vigil-in,,,,,
Middlebury,Middlebury College,Addison,VT,US,2019-12-05,more than 150,150,,150,,,general protestors,support staff for higher pay,0,protest,,,,,1,1,https://twitter.com/JChaseSanchez/status/1202655108347109376,,,,,
Nashville,,Davidson,TN,US,2019-12-05,,,,,,,Alternatives to the Death Penalty,Against the execution of Lee Hall,0,Vigil,0,0,0,0,1,1,https://dailymemphian.com/article/9272/death-penalty-protesters-to-hold-prayer-vigil-in,,,,,
New York,city hall,New York,NY,US,2019-12-05,dozens,24,,24,,,general protestors,against rent hikes in Coney Island,0,protest,0,0,0,0,1,1,https://nypost.com/2019/12/05/coney-island-freaks-protest-rent-hikes-at-city-hall/?utm_campaign=partnerfeed&utm_medium=syndicated&utm_source=flipboard,,,,,
Norman ,University of Oklahoma,Cleveland,OK,US,2019-12-05,,,,,,,OU students,"Against sexual, gender-based violence ",0,Protest,0,0,0,0,1,1,http://www.oudaily.com/news/ou-students-hold-feminist-intervention-rally-to-protest-sexual-gender/article_0af302f8-17a9-11ea-a10c-5b857181e619.html,,,,,
Pleasant Hill,,Cumberland,TN,US,2019-12-05,,,,,,,Alternatives to the Death Penalty,Against the execution of Lee Hall,0,Vigil,0,0,0,0,1,1,https://dailymemphian.com/article/9272/death-penalty-protesters-to-hold-prayer-vigil-in,,,,,
Ridgeland,,Madison,MS,US,2019-12-05,,,,,,,general protesters,Against proposed Madison County landfill,0,Protest,0,0,0,0,1,1,https://www.clarionledger.com/story/news/2019/12/05/madison-county-landfill-jackson-ridgeland-mayors-speak-out-rally/2611457001/,,,,,
Rochester,Rochester School district offices,Monroe,NY,US,2019-12-05,,,,,,,Rochester teachers,Against layoff plan in school district,0,Rally,0,0,0,0,1,1,https://news.wbfo.org/post/rochester-teachers-rally-against-christmas-massacre-layoff-plan,,,,,
Rockville Centre,outside Democratic Sen. Todd Kaminsky's office,Nassau,NY,US,2019-12-05,,,,,,,general protestors,against bill to mandate flu and HPV vaccinations for children,0,protest,,,,,1,1,http://longisland.news12.com/story/41412574/parents-pull-children-out-of-school-to-protest-proposed-mandatory-hpv-flu-vaccine-legislation,,,,,
Scarborough,,Cumberland,ME,US,2019-12-05,,,,,,,Scarsborough teachers' union ,Supporting better contract for teachers,0,Protest,0,0,0,0,1,1,https://www.pressherald.com/2019/12/05/scarborough-teachers-plan-rally-over-stalled-contract-talks/,,,,,
Scarsdale,Outside Assemblywoman Amy Paulin's office,Westchester,NY,US,2019-12-05,dozens,24,,24,,,general protesters,Against bills that will allow treatment of the flu and STDs without parental authorization ,0,Protest,0,0,0,0,1,1,http://westchester.news12.com/story/41412682/dozens-of-parents-protest-vaccine-bills-outside-assemblywoman-paulins-office,,,,,
Saint Cloud,St. Cloud State University ,Stearns,MN,US,2019-12-05,about 20,20,,20,,,St. Cloud State University faculty,Against St. Cloud State layoffs,0,Protest,0,0,0,0,1,1,https://www.sctimes.com/story/news/local/2019/12/06/faculty-push-back-against-st-cloud-state-university-layoffs-grievance-protest/2619981001/,,,,,
Syracuse ,Syracuse University ,Onondaga,NY,US,2019-12-05,around 75,75,,75,,,#NotAgainSU,For the resignation of Syracuse University Chancellor Kent Syverud and three top-level administrators for inaction against racism on campus,1,walkout; protest,0,0,0,0,1,1,https://www.syracuse.com/syracuse-university/2019/12/notagainsu-protesters-stage-walk-out-calling-for-admin-resignations-were-still-here.html,http://ftp.dailyorange.com/2020/11/story-movement-one-year-formation-notagainsu/,,,,
Weymouth,50 Bridge St. ,Norfolk ,MA,US,2019-12-05,about 30,30,,30,,,general protesters,Against the expansion of a natural gas pipeline from New Jersey into Canada,1,Protest,4,0,0,0,1,1,https://www.patriotledger.com/news/20191205/four-protesters-arrested-at-weymouth-compressor-site,https://twitter.com/FRRACS_MA/status/1202600614569684992,,,,
Asheville,Erwin High ,Buncombe,NC,US,2019-12-06,around 20,20,,20,,,general protesters,Against Confederate symbol,1,protest,0,0,0,0,1,1,https://www.citizen-times.com/story/news/local/2019/12/19/buncombe-county-students-lead-protest-over-confederate-flag-dress-code/4383976002/,,,,,
Austin ,University of Texas,Hays,TX,US,2019-12-06,,,,,,,UT-Austin students,Against faculty sexual misconduct ,0,Protest,0,0,0,0,1,1,http://www.dailytexanonline.com/2019/12/06/ut-austin-students-protest-faculty-sexual-misconduct-for-4th-time-this-semester,,,,,
Boston,Massachusetts State House,,MA,US,2019-12-06,hundreds,200,,200,,,Sunrise Boston,"for climate action, for Massachusetts Green New Deal legislation, for 100% renewable energy ",1,march; direct action,27,0,0,0,1,1,https://www.masslive.com/springfield/2019/12/nearly-200-protest-in-front-of-us-rep-richard-neals-office-urge-endorsement-of-green-new-deal.html,https://www.bostonglobe.com/metro/2019/12/06/climate-rally-planned-for-copley-plaza/RROyQHFjEsnxvZfd0AVN8L/story.html,,,,
Colorado Springs,Adam's park,El Paso ,CO,US,2019-12-06,,,,,,,general protesters,Against police violence; Commemorating De'Von Bailey,0,Protest,0,0,0,0,1,1,https://gazette.com/news/dozens-gather-in-response-to-city-removing-de-von-bailey/article_136c38aa-187b-11ea-97de-13fc19dc7c18.html,,,,,
Columbus ,Ohio State University,Delaware,OH,US,2019-12-06,about 50,50,,50,,,general protesters,Against demolition of Buckeye Village,0,Protest,0,0,0,0,1,1,https://www.thelantern.com/2019/12/buckeye-village-residents-rally-drake-answers-questions/,,,,,
Dothan ,Ashford High School central office parking lot,Houston,AL ,US,2019-12-06,more than 20,20,,20,,,general protesters,For the termination of several Ashford High School teachers in a group text message controversy,0,Protest,0,0,0,0,1,1,https://www.dothaneagle.com/news/education/group-rallies-for-removal-of-ashford-high-school-teachers/article_e4b5a547-b429-5690-b728-4847ba8e1c7d.html,,,,,
Freeport,Refuge Apostolic Church,Nassau,NY,US,2019-12-06,more than 100,100,,100,,,general protesters,Against the arrest of a local resident,0,Protest,0,0,0,0,1,1,https://www.newsday.com/long-island/crime/freeport-akbar-rogers-rally-1.39277539,,,,,
Madison,,Dane,WI,US,2019-12-06,,,,,,,general protesters,Against the removal of a Multicultural Learning Community house fellow,1,March ,0,0,0,0,0,1,https://badgerherald.com/news/2019/12/03/mayor-waives-nearly-5000-bill-for-youth-climate-protesters/,,,,,
Madison ,Edgewood College,Dane,WI ,US,2019-12-06,about 50,50,,50,,,general protesters,Against the removal of information about Planned Parenthood from school's health and wellness website,0,Protest,0,0,0,0,0,1,https://isthmus.com/news/news/edgewood-college-students-protest-removal-of-planned-parenth/,,,,,
Salt Lake City,Westminster College,Salt Lake,UT,US,2019-12-06,,,,,,,Westminster students,Against rise in tuition price,0,Protest,0,0,0,0,0,1,https://fox13now.com/2019/12/06/westminster-college-students-to-protest-tuition-hike/,,,,,
Santa Fe,At the corner of Cerrillos Road and St. Francis Drive,Santa Fe,NM,US,2019-12-06,na,8,,8,,,Veterans for peace,anti-war,1,Protest,0,0,0,0,1,1,https://www.santafenewmexican.com/news/local_news/santa-fean-arrested-after-anti-war-protest-in-ireland-back/article_c3d72554-17ce-11ea-91db-cf4a2f755dfb.html,,,,,
Springfield,Main St,,MA,US,2019-12-06,nearly 200; 180-250,180,,250,,,Sunrise Movement,"for Massachusetts Green New Deal legislation, for climate action, stop destroying the planet, we deserve a better future",1,march,0,0,0,0,1,1,https://www.masslive.com/springfield/2019/12/nearly-200-protest-in-front-of-us-rep-richard-neals-office-urge-endorsement-of-green-new-deal.html,online submission,,March that went to Senator Markey's office then to Represenative Neal's Office,,
Washington,Capitol Hill lawn,DC,DC,US,2019-12-06,,,,,,,general protestors,protect Tongass National forest from Trump rule change; pro-environment,1,protest,,,,,1,1,http://denver.civicaction.center/event/save-tongass-protest,https://www.facebook.com/events/430581254296930/,,,,
Bow,railroad bridge over Merrimack River,Merrimack,NH,US,2019-12-07,hundreds,200,,200,,,general protesters,"against coal-fired power plant, for climate action",1,direct action,70,0,0,0,1,1,https://www.nhpr.org/post/dozens-arrested-protest-outside-new-englands-largest-coal-power-plant-bow-nh#stream/0,https://www.thenation.com/article/activism/bow-coal-train-protest/,,,,
Cape Girardeau,Arena Park ,Cape Girardeau,MO,US,2019-12-07,approximately 50,50,,50,,,general protesters,Against the shooting of Madison Robinson ,0,Demonstration,0,0,0,0,1,1,https://www.semissourian.com/story/2653557.html,,,,,
Chicago ,Millennium Park,Cook,IL,US,2019-12-07,,,,,,,general protesters,Against sexual violence,1,Protest,0,0,0,0,1,1,https://www.dailykos.com/stories/2019/12/9/1904475/-From-Chile-to-Chicago-protest-song-offers-catharsis-to-sexual-violence-survivors-worldwide,,,,,
Colorado Springs,Acacia Park,El Paso,CO,US,2019-12-07,around 50,50,,50,,,general protesters,In support of De'Von Bailey who was shot and killed by police,0,Protest,0,0,0,0,1,1,s.com/top-stories/festival-of-lights-interrupted-by-devon-bailey-protesters/,,,,,
Laredo ,Banks of the Rio Grande,Webb,TX,US,2019-12-07,hundreds,200,,200,,,The Rio Grande International Study Center,Against the border wall,1,Sit-in,0,0,0,0,1,1,https://www.lmtonline.com/local/article/Sit-in-protest-against-border-wall-to-be-held-on-14884780.php,https://www.borderreport.com/top-stories/laredo-caught-in-the-cross-hairs-over-border-wall-citys-mayor-tells-protesters/,,,,
Saint Louis,Galleria mall,St. Louis,MO,US,2019-12-07,,,,,,,general protesters,Against the death of Terry Tillman ,0,March,0,1,0,0,1,1,https://www.ksdk.com/article/news/local/galleria-terry-tillman-protest-stl-mall/63-0040b939-2446-493e-995c-2d238e84416a,,,,,
Tuscon ,,Pima,AZ,US,2019-12-07,hundreds,200,,200,,,Stop the Wall protesters,Against the border wall,1,Protest,0,0,0,0,1,1,https://www.lmtonline.com/local/article/Sit-in-protest-against-border-wall-to-be-held-on-14884780.php,https://www.kgun9.com/news/local-news/border-wall-protest-erupts-in-downtown-tucson,,,,
Ayer,railroad track,Middlesex,MA,US,2019-12-08,Between 15 and 20,15,,20,,,general protestors,against coal; pro-environment,0,direct action,12,0,0,0,1,1,https://www.lowellsun.com/2019/12/08/protesters-arrested-for-blocking-train-in-ayer/,,,civil dis; block train track,,
Bettendorf,outside Pleasant View Baptist Church,Scott,IA,US,2019-12-08,,,,,,,general protestors,Protest Against Racial Injustice and Hate,1,protest,,,,,1,1,https://qconline.com/news/local/protest-planned-sunday-morning-at-bettendorf-church-that-held-controversial/article_7f39c102-0f2d-56db-a6c2-8df7dc362bfa.html?utm_medium=social&utm_source=twitter_Dispatch_Argus,,,reaction to Republican immigration forum held at church,,
Beverly Hills,Beverly Gardens Park,Los Angeles,CA,US,2019-12-08,more than two dozen ,24,,24,,,Free China Movement,Support pro-democracy protesters in Hong Kong,0,Protest,0,0,0,0,1,1,http://dailybruin.com/2019/12/02/protesters-in-westwood-march-in-support-of-hong-kongs-pro-democracy-mov,,,,,
Coralville,Coralville Mariott Hotel and Convention Center,Johnson,IA,US,2019-12-08,,,,,,,general protesters,Against presidential candidate Pete Buttigieg,0,Protest,0,0,0,0,1,1,https://www.press-citizen.com/story/news/2019/12/08/2020-hopeful-buttigieg-addresses-protesters-crowd-coralville/4374570002/,,,,,
Green Bay ,Lambeau Field,Brown,WI,US,2019-12-08,around 70,70,,70,,,general protesters,"Against the Washington Redskins football team name; Against racism, for indigenous peoples' rights",0,Protest,0,0,0,0,1,1,https://www.nbc26.com/news/local-news/washington-redskin-protesters-outside-lambeau,,,,,
Hooksett,,Merrimack,NH,US,2019-12-08,arrested,12,,12,,,No Coal No Gas,Against coal power plant,0,Protest,12,0,0,0,1,1,https://www.wmur.com/article/watch-loose-tire-crashes-through-restaurant-window-nearly-strikes-worker/30478972,,,,,
Los Angeles,Los Angeles County Museum of Art,Los Angeles,CA,US,2019-12-08,more than 200,200,,200,,,general protesters,Against sexual violence,1,Protest,0,0,0,0,1,1,https://www.latimes.com/entertainment-arts/story/2019-12-10/the-viral-protest-a-rapist-in-your-path-is-catchy-defiant-an-the-anthem-for-2019,,,,,
Madison,State Capitol,Dane,WI,US,2019-12-08,,,,,,,The Madison Refugee Union ,In support of refugees,1,Protest,0,0,0,0,1,1,https://wkow.com/2019/12/08/capitol-rally-calls-on-government-to-bring-in-more-refugees/,,,,,
Matlacha,,Lee,FL,US,2019-12-08,more than a dozen,12,,12,,,general protesters,Against redistricting,0,Protest,0,0,0,0,1,1,https://www.news-press.com/story/news/local/2019/12/08/matlacha-protesters-fear-renewed-cape-coral-annexation-attempt/4375433002/,,,,,
Miami,Torch of Friendship,Miami-Dade,FL,US,2019-12-08,about 50,50,,50,,,general protesters,Against sexual violence,1,Protest,0,0,0,0,1,1,https://www.miamiherald.com/news/local/community/miami-dade/downtown-miami/article238186059.html,,,,,
New York ,Midwood; Brooklyn,Kings,NY,US,2019-12-08,more than a hundred,100,,100,,,general protesters,Against synagogue' decision to rent space to a charter school for at-risk teens,0,Protest,0,0,0,0,1,1,https://www.amny.com/brooklyn/midwood-residents-protest-urban-dove-charte-school-at-east-midwood-jewish-center/,,,,,
Phoenix,"Rose Garden by the Arizona State Capitol,",Maricopa,AZ,US,2019-12-08,,,,,,,National Organization for Women,pro-immigration; pro-rights for women detained,1,rally,,,,,1,1,https://www.facebook.com/events/2394979403952417/,,,,,
Terre Haute,Federal Courthouse,Vigo,IN,US,2019-12-08,,,,,,,Death Penalty Action,Against death penalty,0,Protest,0,0,0,0,1,1,https://www.wthitv.com/content/news/Local-and-national-leaders-rally-and-march-against-the-death-penalty-565953901.html,,,,,
Wilton,In front of Jeff's Market,Muscatine,IA,US,2019-12-08,,,,,,,general protesters,Against holiday tradition of Wilton Walk,0,Protest,0,0,0,0,1,1,https://muscatinejournal.com/muscatine/news/local/wilton-walk-protested-by-religious-group/article_a29f31fb-d107-548c-8ec0-4af81b7d3efd.html,,,,,
Worcester,,Worcester,MA,US,2019-12-08,na,4,,4,,,No Coal No Gas,Against coal-fired plant,1,Protest,0,0,0,0,1,1,https://www.conwaydailysun.com/news/local/climate-protesters-arrested-for-stopping-coal-train/article_8653ced8-1aaa-11ea-95b1-bf0d5f65bdd0.html,,,,,
Albany,University of Albany,Albany,NY,US,2019-12-09,hundreds,200,,200,,,general protesters,Against tuition increases for SUNY schools,0,Protest,0,0,0,0,1,1,https://www.news10.com/news/local-news/hundreds-protest-tuition-increases-lack-of-state-funding-for-suny-schools/,,,,,
Austin ,University of Texas,Travis,TX,US,2019-12-09,,,,,,,Fire the Abusers,Against professor's research exploring sexual relations between men and boys,0,protest,0,0,0,0,1,1,https://www.washingtontimes.com/news/2019/dec/17/texas-students-protest-outside-professors-home-ove/,,,,,
Beaverton,Nike headquarters,Washington,OR,US,2019-12-09,almost 400,400,,400,,,Nike employees,Against poor treatment of women staffers at Nike,0,Protest,0,0,0,0,1,1,https://abcnews.go.com/Business/hundreds-nike-employees-march-company-headquarters-treatment-women/story?id=67624522,,,,,
Bradenton,Outside of Senate President Bill Galvano's office,Manatee,FL,US,2019-12-09,na,6,,6,,,Food & Water Watch,Against fracking,1,Protest,0,0,0,0,1,1,https://www.bradenton.com/latest-news/article238186454.html,,,,,
Broadway,Broadway High School,Rockingham ,VA,US,2019-12-09,dozens,24,,24,,,general protesters,Against Linville-Edom Elementary closing,0,Protest,0,0,0,0,1,1,https://www.whsv.com/content/news/Community-rallies-ahead-of-school-board-meeting-in-opposition-of-school-possibly-closing-565999431.html,,,,,
East Chicago ,City Hall,Lake,IN,US,2019-12-09,,,,,,,general protesters,Against shift changes in fire department,0,Protest,0,0,0,0,1,1,https://www.nwitimes.com/news/local/crime-and-courts/fire-unions-rally-against-shift-changes-ahead-of-east-chicago/article_33e54c09-1043-5737-bc92-eb79b16088e5.html,,,,,
Helena,Outside the offices of the state Public Service Commission,Lewis and Clark ,MT,US,2019-12-09,about 75,75,,75,,,general protesters,Against NorthWestern Energy's plan to acquire 800 megawatts of electricity in Montana,1,Protest,0,0,0,0,1,1,https://www.missoulacurrent.com/outdoors/2019/12/northwestern-energy-4/,,,,,
Lovingston,Nelson County courthouse,Nelson,VA,US,2019-12-09,about 200,200,,200,,,general protesters,In support of gun rights,2,Protest,0,0,0,0,1,1,https://www.newsadvance.com/news/local/nelson-county-rally-draws-a-large-crowd-for-second-amendment/article_6f75168d-9aa8-514e-b741-2d0087484626.html,,,,,
Moab,,Grand,UT,US,2019-12-09,,,,,,,Moab's teachers' union members,Against tax plan,0,Protest,0,0,0,0,1,1,https://moabtimes.com/2019/12/13/teachers-protest-tax-plan-as-governor-calls-session/,,,,,
Pahrump,Pahrump Community Library,Nye,NV,US,2019-12-09,around 100,100,,100,,,general protesters,Against the proposal to ban guns ,2,Protest,0,0,0,0,1,1,https://pvtimes.com/news/pahrump-library-gun-ban-proposal-prompts-2nd-amendment-rally-78835/,,,,,
Richmond,State Capitol,Richmond City,VA,US,2019-12-09,dozens,24,,24,,,general protesters,In support of gun rights,2,Protest,0,0,0,0,1,1,https://www.nbc12.com/2019/12/09/gun-rights-advocates-rally-state-capitol/,,,,,
Rochester,East High School,Monroe,NY,US,2019-12-09,hundreds,200,,200,,,general protesters,Against proposed layoffs,0,Protest,0,0,0,0,1,1,https://www.democratandchronicle.com/story/news/2019/12/09/rcsd-students-protest-teacher-cuts-in-rochester-ny/2628351001/,,,,,
Sacramento ,Amazon warehouse,Sacramento,CA,US,2019-12-09,more than 30; 36,30,,36,,,Amazon warehouse workers,Demanding paid time off,0,protest,0,0,0,0,1,1,https://www.vox.com/recode/2019/12/10/21005098/amazon-warehouse-workers-sacramento,,,,,
Arlington Heights,at the First United Methodist Church,Bureau,IL,US,2019-12-10,,,,,,,Northwest Suburbs Organizing for Action (NWSOFA) Indivisible; Moms Demand Action,against gun violence,1,vigil,,,,,1,1,https://www.journal-topics.com/articles/interfaith-candlelight-vigil-to-commemorate-sandy-hook-anniversary/,,,,,
Cambridge,Harvard University,Middlesex,MA,US,2019-12-10,,,,,,,graduate students,demand new contract,0,strike; picket line,,,,,1,1,https://www.thecrimson.com/article/2019/12/11/students-sit-out-strike/,,,6th day,,
Central Falls,Wyatt Detention Facility ,Providence,RI,US,2019-12-10,hundreds,200,,200,,,Never Again Action,Against ICE agreement,1,Protest,0,0,0,0,1,1,https://www.wpri.com/news/local-news/blackstone-valley/hundreds-return-to-wyatt-detention-center-to-protest-ice-agreement/,,,,,
Chula Vista,Chula Vista's Cutsoms and Border Protection headquarters,San Diego ,CA,US,2019-12-10,more than 100,100,,100,,,general protesters,Against turning away of doctors offering free flu clinic services at the Chula Vista Border Patrol Station ,1,Protest,6,0,0,0,1,1,https://www.10news.com/news/local-news/south-bay-news/six-people-arrested-during-cbp-protest-over-migrant-flu-shots,,,,,
Durham,Oxford Manor Apartments ,Durham,NC,US,2019-12-10,,,,,,,A Chance 2 Change,Against gun violence,1,Protest,0,0,0,0,1,1,https://www.cbs17.com/news/durham-activists-plan-rally-in-hopes-of-curbing-gun-violence/,,,,,
Hershey,Giant Center,Dauphin,PA,US,2019-12-10,"more than 10,000",10000,,10000,,,Trump campaign,for President Trump,2,rally,0,0,0,0,1,1,https://twitter.com/JenniferJJacobs/status/1204567988332060672,https://www.vox.com/2019/12/11/21010774/trump-hershey-pennsylvania-rally,https://www.pennlive.com/news/2019/12/trump-rally-fills-hersheys-giant-center-some-arent-able-to-get-inside.html,feat. President Trump,https://www.ydr.com/picture-gallery/news/politics/elections/2019/12/10/president-donald-trump-rally-hershey-pennsylvania-see-pictures/2632733001/,https://www.inquirer.com/news/trump-2020-rally-hershey-pennsylvania-impeachment-20191210.html
Hershey ,Giant Center,Dauphin,PA,US,2019-12-10,hundreds,200,,200,,,Capital Region Indivisible; Cumberland Valley Rising; Indivisible York,Against President Trump,1,Protest,0,0,0,0,1,1,https://www.pennlive.com/news/2019/12/protestors-vow-to-be-seen-and-heard-peacefully-at-trump-rally-in-hershey.html,https://www.pennlive.com/news/2019/12/trump-slams-security-for-ejecting-protester-too-slowly-during-hershey-rally.html,https://www.vox.com/2019/12/11/21010774/trump-hershey-pennsylvania-rally,,https://www.inquirer.com/news/trump-2020-rally-hershey-pennsylvania-impeachment-20191210.html,
Jacksonville,City Hall,Duval,FL,US,2019-12-10,,,,,,,Northside Coalition,Against proposed sale of JEA,0,Protest,0,0,0,0,1,1,https://www.news4jax.com/news/local/2019/12/10/on-eve-of-possible-vote-another-protest-of-proposed-sale-of-jea/,,,,,
Kansas City ,Outside a UMB Bank building,Jackson,MO,US,2019-12-10,,,,,,,general protesters,Against bank's involvementt in immigration detention ,1,Protest,0,0,0,0,1,1,https://www.kansascity.com/news/local/article238226249.html,,,,,
Las Vegas ,,Clark,NV,US,2019-12-10,,,,,,,general protesters,Against Bernie Sander's pitch on Medicare for all,1,Protest,0,0,0,0,1,1,https://www.washingtonexaminer.com/news/sanders-interrupted-by-union-protesters-against-medicare-for-all,,,,,
Marshall,Harrison Countty Sheriff's Office,Harrison,TX,US,2019-12-10,,,,,,,general protesters,Against the fatal shootitng of Demetrius Williams and lack of closure,0,Protest,0,0,0,0,1,1,https://www.marshallnewsmessenger.com/news/peaceful-demonstration-leads-to-conversation/article_41b6431c-1bb5-11ea-9095-eb39a596d996.html,,,,,
New York ,City Hall; Manhattan,New York,NY,US,2019-12-10,,,,,,,Parents of Success Academy,Against Mayor de Blasio's proposed space for a new Queens middle school,0,Protest,0,0,0,0,1,1,https://www.nydailynews.com/news/politics/ny-success-academy-queens-middle-school-proposal-20191210-t5n4gy7yxfhrdgtw2ti7cpvfpu-story.html,,,,,
Portland,Outside ODOT headquarters,Multnomah,OR,US,2019-12-10,,,,,,,general protesters,Against I-5 corridor expansion project,0,Protest,0,0,0,0,1,1,https://www.kptv.com/news/activists-rally-outside-odot-headquarters-in-protest-of-i-/article_75dbb90a-1bb1-11ea-9ea9-8b3dd78cc947.html,,,,,
Boston,Roxbury,Suffolk,MA,US,2019-12-10,about 75,75,,75,,,general protesters,Against merger between two City on a Hill charter schools,0,Protest,0,0,0,0,1,1,https://www.bostonherald.com/2019/12/10/city-on-a-hill-student-walkout/,,,,,
Saint Paul,"Bishop Henry Whipple Building, 1 Federal Dr",Ramsey,MN,US,2019-12-10,,,,,,,Interfaith Coalition on Immigration; Edina Lutheran Church; St. Paul Lutheran Church; Heart of the Beast Theater,"in solidarity with migrant detainees, against inhumane detention practices",1,vigil,0,0,0,0,1,1,https://mnicom.org/programs/vigils/,https://mnicom.org/news/page/4/,,second Tuesday of every month,,
San Diego,Border Patrol HQ,San Diego,CA,US,2019-12-10,dozens; around 60,24,,60,,,general protestors,against detention policy; pro-medical care for detainees,1,protest,6,0,0,0,1,1,https://twitter.com/JoshuaPotash/status/1204543398407024640,https://www.dailykos.com/stories/2019/12/10/1904700/-Doctors-protest-border-officials-ongoing-refusal-to-give-detained-kids-and-families-flu-shots,https://www.thecut.com/2019/12/children-keep-dying-of-the-flu-in-immigration-custody.html?utm_campaign=nym&utm_medium=s1&utm_source=fb&fbclid=IwAR3a5HTdwdDBYVc0Nkbxd96j_HAGNfLPGPtABWhAgUk0M-dSMV1R_s8v6Is,https://www.sandiegouniontribune.com/news/public-safety/story/2019-12-10/federal-authorities-arrest-6-protesters-including-doctors-outside-border-patrol-building-in-eastlake,,
Trenton,Toms River North High School,Mercer,NJ,US,2019-12-10,,,,,,,general protesters,Against regional school district funding cut,0,Protest,0,0,0,0,1,1,https://www.nj.com/news/2019/12/actress-piper-parabo-will-join-her-huge-nj-alma-maters-school-funding-protest.html,,,,,
Waikoloa,Waikoloa Beach Resort,Hawaii,HI,US,2019-12-10,,,,,,,general protesters,Against 5G technology,0,Protest,0,0,0,0,1,1,https://www.thegardenisland.com/2019/12/12/hawaii-news/hawaii-islanders-protest-against-5g/,,,,,
Washington,outside White House,DC,DC,US,2019-12-10,count pic,4,,4,,,Kremlin Annex,anti-Trump,1,protest,,,,,1,1,https://twitter.com/KremlinAnnex/status/1204566899696250880,,,,,
Bangor,Outside of Representative Jared Golden's district office,Penobscot,ME,US,2019-12-11,nearly 50,50,,50,,,Republican National Committee; Maine Republican Party,Anti-impeachment,2,Protest,0,0,0,0,1,1,https://bangordailynews.com/2019/12/11/news/bangor/trump-supporters-rally-against-impeachment-at-goldens-downtown-bangor-office/,,,,,
Chesterfield,,Chesterfield,VA,US,2019-12-11,,,,,,,general protesters,Support gun rights,2,Protest,0,0,0,0,1,1,https://www.nbc12.com/2019/12/11/news-know-dec-driver-flees-fiery-crash-nd-amendment-sanctuary-protest-several-schools-delayed-due-snowy-commute/,,,,,
Coatesville,,Chester,PA,US,2019-12-11,,,,,,,Earth Quaker Action Team,For sustainable and just economy through nonviolent direct action,0,Demonstration,0,0,0,0,0,1,https://www.pottsmerc.com/news/protesters-arrested-at-phoenixville-peco-facility/article_63ca8df0-1c41-11ea-a666-273c7c6493d0.html,,,,,
Durango,Fort Lewis College,La Plata,CO,US,2019-12-11,about 40,40,,40,,,general protesters,Against sexual violence,1,Protest,0,0,0,0,1,1,https://durangoherald.com/articles/306302,,,,,
Encinitas,Cardiff School,San Diego ,CA,US,2019-12-11,,,,,,,general protesters,Against halted school construction,0,Protest; march,0,0,0,0,1,1,https://www.encinitasadvocate.com/news/local-news/story/2019-12-12/cardiff-school-families-march-to-restart-rebuild,,,,,
Lincoln,,Providence,RI,US,2019-12-11,more than 50,50,,50,,,general protesters,Against sex offender Richard Gardner,0,Protest,0,0,0,0,1,1,https://www.abc6.com/story/41441331/dozens-protest-sex-offender-richard-gardner-moving-to-lincoln,,,,,
Los Angeles,,Los Angeles,CA,US,2019-12-11,,,,,,,general protesters,Against low-income resident evictions,0,Protest,0,0,0,0,1,1,https://abc7.com/politics/housing-rights-advocates-protest-resident-evictions-in-la/5748323/,,,,,
Los Angeles,Hall of Justice,Los Angeles,CA,US,2019-12-11,,,,,,,Black Lives Matter LA,"against police brutality, for police accountability, Black Lives Matter, against District Attorney Jackie Lacey",1,protest,,,,,1,1,https://www.cnn.com/2020/07/10/us/jackie-lacey-la-da-black-lives-matter/index.html,https://www.newyorker.com/magazine/2020/11/16/after-years-of-protests-every-wednesday-la-activists-welcome-a-new-da,,,,
Moab,,Grand,UT,US,2019-12-11,,,,,,,Moab's teachers' union members,Against tax plan,0,Protest,0,0,0,0,1,1,https://moabtimes.com/2019/12/13/teachers-protest-tax-plan-as-governor-calls-session/,,,,,
New York ,Manhattan,New York,NY,US,2019-12-11,,,,,,,general protesters,Against presidential candidate Pete Buttigieg,0,Protest,0,0,0,0,1,1,https://www.nytimes.com/2019/12/12/us/politics/pete-buttigieg-protests.html,,,,,
Phoenixville,,Chester,PA,US,2019-12-11,approximately 30,30,,30,,,Earth Quaker Action Team ,For sustainable and just economy through nonviolent direct action,0,Demonstration,4,0,0,0,0,1,https://www.pottsmerc.com/news/protesters-arrested-at-phoenixville-peco-facility/article_63ca8df0-1c41-11ea-a666-273c7c6493d0.html,,,,,
San Ysidro ,,San Diego,CA,US,2019-12-11,about 40,40,,40,,,general protesters,Against immigration detention facilities,1,Vigil; protest,0,0,0,0,1,1,https://apnews.com/261e21de206c6a4b3274eb620ede0a6d,,,,,
Temple,City Hall,Bell,TX,US,2019-12-11,dozens,24,,24,,,general protesters,Against lack of narrative in Michael Dean's death,0,March,0,0,0,0,1,1,https://www.tdtnews.com/news/central_texas_news/article_f6904cbc-1c76-11ea-92ae-cf7b8bfe14ac.html,,,,,
Warminster,,Bucks,PA,US,2019-12-11,,,,,,,Earth Quaker Action Team,For sustainable and just economy through nonviolent direct action,0,Demonstration,0,0,0,0,0,1,https://www.pottsmerc.com/news/protesters-arrested-at-phoenixville-peco-facility/article_63ca8df0-1c41-11ea-a666-273c7c6493d0.html,,,,,
Weymouth ,Fore River Bridge,Norfolk,MA,US,2019-12-11,na,6,,6,,,Fore River Residents Against the Compressor Station,Against excavation of contaminated soil until tests are done for the presence of asbestos,0,Protest,0,0,0,0,1,1,https://www.patriotledger.com/news/20191211/6-more-protesters-arrested-at-weymouth-compressor-site,,,,,
Wichita,Maize South High School,Sedgwick,KS,US,2019-12-11,na,4,,4,,,general protesters,Against school district's policies,0,Protest,0,0,0,0,1,1,https://www.ksn.com/news/local/maize-parents-rally-to-block-children-from-protester-signs-outside-school/,,,,,
Memphis,Holy City Church of God,Shelby,TN,US,2019-12-12,,,,,,,Moms Demand Action,against gun violence,1,vigil,,,,,1,1,https://twitter.com/jbellbooks/status/1204193357330812932,,,,,
Mays Landing,Outside U.S. Rep. Jeff Van Drew's office,Atlantic,NJ,US,2019-12-12,,,,,,,general protesters,Pro-impeachment,1,Protest,0,0,0,0,1,1,https://www.pressofatlanticcity.com/politics/democrats-protest-to-persuade-van-drew-to-change-impeachment-vote/article_7711e3c1-9846-5374-bcd1-fb496725bfe8.html,,,,,
Moab ,,Grand,UT,US,2019-12-12,,,,,,,Moab's teachers' union members,Against tax plan,0,Protest,0,0,0,0,1,1,https://moabtimes.com/2019/12/13/teachers-protest-tax-plan-as-governor-calls-session/,,,,,
Northport ,Northport Middle School,Suffolk,NY,US,2019-12-12,,,,,,,general protesters,In support of action against noxious odors at middle school,0,Protest,0,0,0,0,1,1,http://longisland.news12.com/story/41446591/northport-parents-rally-after-new-odors-enter-middle-school,,,,,
Trenton ,,Mercer,NJ,US,2019-12-12,hundreds,200,,200,,,general protesters,Against bill that would end religious exemptions for inoculations ,0,Protest,0,0,0,0,1,1,https://www.washingtonpost.com/health/2019/12/13/hundreds-anti-vaxxers-flood-new-jersey-capital-protest-bill-that-would-end-religious-exemptions/,,,,,
Chapel Hill,University of North Carolina,Chatham,NC,US,2019-12-13,,,,,,,general protesters,Against Silent Sam settlement,0,Protest,0,0,0,0,1,1,https://www.newsobserver.com/news/local/education/article238228074.html,,,,,
Chicago,Augustana Lutheran Church; 5500 S Woodlawn Ave,Cook,IL,US,2019-12-13,,,,,,,general protestors,against gun violence,1,vigil,,,,,1,1,https://hpherald.com/2019/12/09/church-to-host-annual-vigil-for-survivors-of-gun-violence/,,,,,
Gainesville,,Alachua,FL,US,2019-12-13,,,,,,,general protesters,Support land conservation ,1,Protest,0,0,0,0,1,1,https://www.gainesville.com/news/20191213/land-conservation-advocates-rally-in-gainesville,,,,,
Kingsport,Holston Valley Medical Center,Sullivan,TN,US,2019-12-13,arrested,4,,4,,,general protesters,Against changes to HVMC trauma level and NICU,0,Protest,4,0,0,0,1,1,https://www.timesnews.net/Local/2019/12/13/Holston-Valley-protesters-issued-citations.html,,,,,
Milwaukee,Wauwatosa East High School,Milwaukee,WI,US,2019-12-13,more than 200,200,,200,,,general protesters,Against gun violence,1,Protest; walkout,0,0,0,0,0,0,https://fox6now.com/2019/12/13/we-dont-want-to-be-next-students-hold-rally-walkout-against-gun-violence/,https://www.wisn.com/article/australia-turns-from-defense-to-offense-in-wildfire-battle/30485441,,,,
Milwaukee,Milwaukee School of Arts,Milwaukee,WI,US,2019-12-13,,,,,,,general protesters,Against gun violence,1,Protest; walkout,0,0,0,0,0,0,https://www.wisn.com/article/australia-turns-from-defense-to-offense-in-wildfire-battle/30485441,,,,,
Milwaukee,Whitefish Bay High School,Milwaukee,WI,US,2019-12-13,,,,,,,general protesters,Against gun violence,1,Protest; walkout,0,0,0,0,0,0,https://www.wisn.com/article/australia-turns-from-defense-to-offense-in-wildfire-battle/30485441,,,,,
Milwaukee,Shorewood High School,Milwaukee,WI,US,2019-12-13,,,,,,,general protesters,Against gun violence,1,Protest; walkout,0,0,0,0,0,0,https://www.wisn.com/article/australia-turns-from-defense-to-offense-in-wildfire-battle/30485441,,,,,
Milwaukee,Milwaukee School of Languages,Milwaukee,WI,US,2019-12-13,,,,,,,general protesters,Against gun violence,1,Protest; walkout,0,0,0,0,0,0,https://www.jsonline.com/story/communities/west/news/wauwatosa/2019/12/13/wisconsin-high-school-students-participate-walkout-friday/2638350001/,,,,,
Milwaukee,Pius XI High School,Milwaukee,WI,US,2019-12-13,,,,,,,general protesters,Against gun violence,1,Protest; walkout,0,0,0,0,0,0,https://www.jsonline.com/story/communities/west/news/wauwatosa/2019/12/13/wisconsin-high-school-students-participate-walkout-friday/2638350001/,,,,,
Milwaukee,Rufus King High School,Milwaukee,WI,US,2019-12-13,,,,,,,general protesters,Against gun violence,1,Protest; walkout,0,0,0,0,0,0,https://www.jsonline.com/story/communities/west/news/wauwatosa/2019/12/13/wisconsin-high-school-students-participate-walkout-friday/2638350001/,,,,,
Milwaukee,Vincent High School,Milwaukee,WI,US,2019-12-13,,,,,,,general protesters,Against gun violence,1,Protest; walkout,0,0,0,0,0,0,https://www.jsonline.com/story/communities/west/news/wauwatosa/2019/12/13/wisconsin-high-school-students-participate-walkout-friday/2638350001/,,,,,
Milwaukee,Ronald Reagan College Prep High School,Milwaukee,WI,US,2019-12-13,,,,,,,general protesters,Against gun violence,1,Protest; walkout,0,0,0,0,0,0,https://www.jsonline.com/story/communities/west/news/wauwatosa/2019/12/13/wisconsin-high-school-students-participate-walkout-friday/2638350001/,,,,,
Milwaukee,Carmen South High School,Milwaukee,WI,US,2019-12-13,,,,,,,general protesters,Against gun violence,1,Protest; walkout,0,0,0,0,0,0,https://www.jsonline.com/story/communities/west/news/wauwatosa/2019/12/13/wisconsin-high-school-students-participate-walkout-friday/2638350001/,,,,,
Milwaukee,Escuela Verde High School,Milwaukee,WI,US,2019-12-13,,,,,,,general protesters,Against gun violence,1,Protest; walkout,0,0,0,0,0,0,https://www.jsonline.com/story/communities/west/news/wauwatosa/2019/12/13/wisconsin-high-school-students-participate-walkout-friday/2638350001/,,,,,
Naperville,First Congregational Church,DuPage,IL,US,2019-12-13,,,,,,,general protestors,against gun violence,1,vigil,,,,,1,1,https://www.dailyherald.com/news/20191210/naperville-vigil-to-remember-gun-violence-victims-7-years-after-sandy-hook,,,,,
Rochester,Young Mothers and Interim Health Academy,Monroe,NY,US,2019-12-13,,,,,,,general protesters,Against proposed layoffs,0,Protest,0,0,0,0,1,1,https://www.wxxinews.org/post/more-rcsd-students-staff-protest-proposed-layoffs,,,,,
Sarasota,Philippi Estate Park,Sarasota,FL,US,2019-12-13,dozens,24,,24,,,general protesters,Against redistricting,0,Protest,0,0,0,0,1,1,https://www.mysuncoast.com/2019/12/13/many-voicing-their-concerns-over-controversial-redistricting-map-hold-protest/,,,,,
St. Augstine ,Doug Crane Boat Ramp,St. Johns,FL,US,2019-12-13,dozens,24,,24,,,general protesters,Support land conservation ,1,Protest,0,0,0,0,1,1,https://www.staugustine.com/news/20191213/st-augustine-officials-rally-for-state-conservation-funding,,,,,
Valparaiso,,Porter,IN,US,2019-12-13,around 150,150,,150,,,general protesters,Against the end of a dual language immersion program in Valparaiso school district,0,Protest,0,0,0,0,1,1,https://www.chicagotribune.com/suburbs/post-tribune/ct-ptb-parkview-protest-1214-20191213-5dluvh7pfnfvzluynt5xpszssi-story.html,,,,,
Washington,Capitol,DC,DC,US,2019-12-13,around 65,65,,65,,,general protesters,Anti-impeachment,2,Protest,0,0,0,0,1,1,https://www.dailydot.com/layer8/anti-impeachment-rally/,,,,,
Washington ,Capitol,DC,DC,US,2019-12-13,count pic,7,,7,,,general protesters,Against climate change inaction,1,Protest,1,0,0,0,1,1,https://www.wusa9.com/article/news/local/sally-field-jane-fonda-arressted/65-fb8172e4-2700-4fa9-9724-a371ecf7233f,,,,,
Youngstown ,Outside of Congressman Tim Ryan's office,Mahoning,OH,US,2019-12-13,,,,,,,Trump Victory,Anti-impeachment,2,Protest,0,0,0,0,1,1,https://www.wfmj.com/story/41451215/local-trump-supporters-host-antiimpeachment-protest,,,,,
Alamogordo,,Otero,NM,US,2019-12-14,,,,,,,general protesters,Against New Mexico House Bill 83,2,protest,0,0,0,0,1,1,https://www.alamogordonews.com/story/news/2019/12/17/donald-trump-impeachment-democrats-republican-new-mexico/2667790001/,,,,,
Arlington,,Arlington,VA,US,2019-12-14,about 100,100,,100,,,general protesters,Against payroll fraud in construction of Amazon head quarter building,0,Protest,0,0,0,0,1,1,https://www.unionleader.com/news/business/amazon-gets-final-ok-for-its-new-hq-in-arlington/article_ba2e090a-cd6c-5905-abe4-b644b51fc374.html,,,,,
Bettendorf,Pleasant View Baptist Church,Scott,IA,US,2019-12-14,na,50,,50,,,general protesters,In support of immigrants,1,Protest,0,0,0,0,1,1,https://qconline.com/news/local/protestors-call-for-love-not-hate-outside-bettendorf-church-sunday/article_cd143603-5bf7-58af-9ecd-0694d8d5b084.html,,,,,
Bloomfield Hills,Woodward Avenue,Oakland,MI,US,2019-12-14,more than 70,70,,70,,,general protestors,pro-Trump; anti-impeachment,2,rally,0,0,0,0,1,1,https://www.detroitnews.com/story/news/local/oakland-county/2019/12/14/trumpers-rally-against-madness-impeachment-bloomfield-hills/4408956002/,,,,,
Bloomsfield Hills,Oakland County Republican Party's office,Oakland,MI,US,2019-12-14,,,,,,,The Michigan Conservative Coalition ,Anti-impeachment ,2,Protest,0,0,0,0,1,1,https://www.theoaklandpress.com/news/anti-impeachment-rally-planned-in-bloomfield-hills/article_6e09c330-1c41-11ea-b1e1-87c87632a075.html,,,,,
Cambridge,Harvard University,Middlesex,MA,US,2019-12-14,15 to 20,15,,20,,,Harvard students,Supporting demands for better pay; Against sexual harrassment and discrimination,0,Protest; march,0,0,0,0,1,1,https://www.bostonglobe.com/metro/2019/12/14/joe-kennedy-iii-marches-with-striking-harvard-graduate-students/XC77aiEVlkxBo0hZ9BDadK/story.html,,,,,
Clovis,,Curry,NM,US,2019-12-14,,,,,,,Trump Victory; the Republican Party of New Mexico ,anti-impeachment ,2,Protest,0,0,0,0,1,1,https://www.easternnewmexiconews.com/story/2019/12/11/news-releases/gop-hosting-anti-impeachment-protest-saturday-in-clovis/164020.html,,,,,
Cullen ,First Baptish Church,Webster Parish,LA,US,2019-12-14,,,,,,,general protesters,Against gun violence,1,march; rally,0,0,0,0,1,1,https://press-herald.com/anti-gun-violence-rally-to-take-place-in-cullen/,https://www.ktbs.com/news/webster-parish-pastors-hold-anti-violence-rally/article_72aaaa7e-1ee1-11ea-adb9-eba7692f3650.html,,,,
Del Mar,,San Diego,CA,US,2019-12-14,more than 30 ,30,,30,,,NeverAgainCA,Anti-gun violence,1,Protest,0,0,0,0,1,1,https://fox5sandiego.com/2019/12/14/protesters-rally-as-gun-show-returns-to-del-mar/,,,,,
Eau Claire,Outside U.S. Rep. Ron Kind's district office,Eau Claire,WI,US,2019-12-14,about 50,50,,50,,,general protesters,Against impeachment,2,rally,0,0,0,0,1,1,https://www.leadertelegram.com/news/front-page/trump-supporters-protest-impeachment-vote/image_9eba17c7-a625-551e-9465-ceee04901507.html,,,,,
Fort Collins,,Larimer,CO,US,2019-12-14,,,,,,,general protesters,Against New Belgium's pending sale,0,protest,0,0,0,0,1,1,https://mountainx.com/news/human-rights-activists-protest-new-belgiums-pending-sale/,,,,,
Glendale,Glendale Library,Los Angeles,CA,US,2019-12-14,,,,,,,general protesters,Against impeachment,2,protest,0,0,0,0,1,1,https://www.washingtonexaminer.com/news/watch-scuffles-as-anti-impeachment-protesters-interrupt-schiff-town-hall,,,,,
Hartford,2550 Main Street,Hartford,CT,US,2019-12-14,,,,,,,Mothers United Against Violence; CT Against Gun Violence,against gun violence,1,vigil,0,0,0,0,1,1,https://www.nbcconnecticut.com/news/local/church-services-vigils-to-mark-7th-anniversary-of-sandy-hook-shooting/2195019/,,,,,
Kingsport,Colonial Heights Presbyterian Church,Sullivan,TN,US,2019-12-14,,,,,,,Moms Demand Action,against gun violence,1,vigil,,,,,1,1,https://twitter.com/jbellbooks/status/1204193357330812932,,,,,
Madison,State Capitol,Dane,WI,US,2019-12-14,,,,,,,March for Our Lives West,Against gun violence,1,vigil; march,0,0,0,0,1,1,https://wkow.com/2019/12/14/madison-students-remember-sandy-hook-victims-march-against-gun-violence/,,,,,
Manchester,,Hillsborough,NH,US,2019-12-14,,,,,,,Stop the Madness,Anti-impeachment,2,Protest,0,0,0,0,1,1,https://www.wmur.com/article/gop-protestors-urge-pappas-to-oppose-impeachment/30229909,,,,,
Milford,,New Haven,CT,US,2019-12-14,,,,,,,general protesters,Against plea deal for person who attacked Milford woman,0,rally,0,0,0,0,1,1,https://www.wtnh.com/news/connecticut/new-haven/no-plea-deal-supporters-of-milford-woman-who-was-brutally-attacked-in-her-own-home-hold-rally/,,,,,
Milwaukee,Comfort Suites hotel at North 108th Street and West Park Place,Milwaukee,WI,US,2019-12-14,,,,,,,The Original Black Panthers,Against discriminatory hotel policy,0,Protest,0,0,0,0,1,1,https://www.wisn.com/article/original-black-panthers-protest-at-comfort-suites-hotel/30230095,,,,,
Minneapolis,,Hennepin,MN,US,2019-12-14,,,,,,,general protesters,Against lack of stable housing for Native Americans without homes,0,protest,0,0,0,0,1,1,https://www.mprnews.org/story/2019/12/15/native-group-retakes-homeless-camp-decry-unacceptable-pace,,,,,
Nashville,Progressive Missionary Baptist Church,Davidson,TN,US,2019-12-14,,,,,,,Moms Demand Action,against gun violence,1,vigil,,,,,1,1,https://twitter.com/jbellbooks/status/1204193357330812932,,,,,
New York ,in front of Indian Consulate; Manhattan ,New York ,NY,US,2019-12-14,about 150,150,,150,,,All India Congress Committee ,against Narendra Modi Governments economic policies ,0,rally,0,0,0,0,1,1,https://theunn.com/2020/01/bharat-bachao-rally-in-front-of-the-indian-consulate-in-new-york/,,,,,
Salisbury,,Litchfield,CT,US,2019-12-14,,,,,,,general protestors,against gun violence,1,vigil,,,,,1,1,https://www.nbcconnecticut.com/news/local/church-services-vigils-to-mark-7th-anniversary-of-sandy-hook-shooting/2195019/,,,,,
Bald Head Island,,Brunswick,NC,US,2019-12-15,,,,,,,general protesters,Against coyote trapping,0,protest,0,0,0,0,1,1,https://www.wwaytv3.com/2019/12/15/residents-protest-against-coyote-trapping/,,,,,
New York,Sunnyside; Queens,Queens,NY,US,2019-12-15,,,,,,,general protesters,In support of a commercial rent control bill,0,protest,0,0,0,0,1,1,https://qns.com/story/2019/12/18/sunnyside-councilman-small-business-owners-rally-for-commercial-rent-control/,,,,,
San Diego ,Waterfront Park,San Diego,CA,US,2019-12-15,hundreds,200,,200,,,Indivisible San Diego,For impeachment of President Trump,1,protest,0,0,0,0,1,1,https://www.cbs8.com/article/news/politics/national-politics/san-diegans-rally-to-demand-president-trump-be-impeached-removed-from-office/509-e0c48d1b-0e1c-4b06-8c10-b0683b0d6f03,,,,,
Santa Fe,,Santa Fe,NM,US,2019-12-15,,,,,,,general protesters,Against improper medical treatment for jail inmates,0,protest; vigil,0,0,0,0,1,1,https://www.santafenewmexican.com/news/local_news/family-friends-mourn-a-death-protest-at-santa-fe-county/article_a1fbc410-1b86-11ea-9e32-f7f90012e351.html,,,,,
Trenton,State Capitol,Mercer,NJ,US,2019-12-15,hundreds,200,,200,,,general protesters,Anti-vaccination,0,protest,0,0,0,0,1,1,https://www.nj.com/politics/2019/12/anti-vaccination-protesters-pro-immigrant-groups-swarm-statehouse-as-big-bills-are-debated.html,,,,,
Trenton,State Capitol,Mercer,NJ,US,2019-12-15,hundreds,200,,200,,,general protesters,Pro-immigration,1,protest,0,0,0,0,1,1,https://www.nj.com/politics/2019/12/anti-vaccination-protesters-pro-immigrant-groups-swarm-statehouse-as-big-bills-are-debated.html,,,,,
White Plains,,Westchester,NY,US,2019-12-15,dozens,24,,24,,,Indivisible White Plains,For impeachment of President Trump,1,protest,0,0,0,0,1,1,http://westchester.news12.com/story/41454010/proimpeachment-rally-held-in-white-plains,,,,,
Atlanta,City Hall,Fulton,GA,US,2019-12-16,dozens,24,,24,,,general protesters,Against lack of action regarding housing concerns,0,protest,0,0,0,0,1,1,https://www.11alive.com/article/news/community/dozens-protest-housing-concerns-at-atlantas-city-hall/85-cd03eae8-1856-4708-aacd-dac05fb6371f,,,,,
Bakersfield,,Kern,CA,US,2019-12-16,,,,,,,general protesters,Support higher wages for home care workers,0,protest,0,0,0,0,1,1,https://www.kget.com/news/home-care-workers-rally-for-higher-wages/,,,,,
Bangor,Outside U.S. Rep. Jared Golden's office,Penobscot,ME,US,2019-12-16,about 60,60,,60,,,general protesters,Support impeachment,1,protest,0,0,0,0,1,1,https://bangordailynews.com/2019/12/16/news/bangor/impeachment-supporters-rally-outside-goldens-office-two-days-before-house-vote/,,,,,
Berkeley,Sproul Plaza,Alameda,CA,US,2019-12-16,,,,,,,UC Berkeley graduate students,Support higher wages,0,protest,0,0,0,0,1,1,https://www.dailycal.org/2019/12/18/uc-berkeley-graduate-students-protest-in-solidarity-with-uc-santa-cruz-wildcat-strike/,,,,,
Christiansburg,,Montgomery,VA,US,2019-12-16,,,,,,,general protesters,Against plan to widen major highways,0,protest,0,0,0,0,1,1,https://wtop.com/dc-transit/2019/12/md-toll-lane-opponents-rally/,,,,,
Des Moines,Iowa GOP headquarters,Polk,IA,US,2019-12-16,about 2 dozen,24,,24,,,general protestors,pro-Trump; anti-impeachment,2,rally,0,0,0,0,1,1,https://www.radioiowa.com/2019/12/16/anti-impeachment-rally-held-at-iowa-gop-headquarters/,,,,,
Memphis,,Shelby,TN,US,2019-12-16,,,,,,,MoveOn.org,Support impeachment,1,protest; rally,0,0,0,0,1,1,https://www.localmemphis.com/news/local-news/nobody-is-above-the-law-rallies-held-in-memphis-across-the-nation-in-support-of-impeaching-president-trump/,,,,,
Milwaukee,City Hall,Milwaukee,WI,US,2019-12-16,nearly 100,100,,100,,,SEIU; Fight for $15,Against judge ruling voter registrations ineligible,0,protest,0,0,0,0,1,1,https://www.cbs58.com/news/voters-hold-rally-protesting-purged-registrations,,,,,
New York,Woodside; Queens,Queens,NY,US,2019-12-16,,,,,,,Make the Road New York,Against future openings of Amazon distribution centers,0,protest,0,0,0,0,1,1,https://qns.com/story/2019/12/18/we-wont-let-them-abuse-workers-community-activists-rally-for-workers-rights-outside-of-amazon-warehouse-in-woodside/,,,,,
New York ,Beacon High School; Manhattan,New York,NY,US,2019-12-16,hundreds,200,,200,,,general protesters,Against culture of racism ignored by administraotrs at Beacon High School,0,protest; sit-in,0,0,0,0,1,1,https://www.nydailynews.com/new-york/education/ny-beacon-sit-in-racism-20191216-ursh647vcfbmpfpmmd6tc7oqt4-story.html,,,,,
Philadelphia,City Hall,Philadelphia,PA,US ,2019-12-16,dozens,24,,24,,,general protesters,Support stronger police accountability ,0,rally,0,0,0,0,1,1,https://www.inquirer.com/news/larry-krasner-malcolm-jenkins-keir-bradford-grey-philadelphia-police-commissioner-contract-20191217.html,,,,,
Rochester,,Monroe,NY,US,2019-12-16,more than a hundred,100,,100,,,general protesters,Against teacher layoffs,0,protest,0,0,0,0,1,1,https://www.democratandchronicle.com/story/news/2019/12/16/rcsd-teacher-layoffs-students-protest-monday-meeting/2667433001/,,,,,
Rochester Hills,Oakland University,Oakland,MI,US,2019-12-16,,,,,,,Stop the Madness,Anti-impeachment,2,Protest,0,0,0,0,1,1,https://www.detroitnews.com/story/news/local/oakland-county/2019/12/14/trumpers-rally-against-madness-impeachment-bloomfield-hills/4408956002/,,,,,
Rochester Hills,Oakland University,Oakland ,MI,US,2019-12-16,roughly a dozen,12,,12,,,general protesters,Against impeachment,2,protest,0,0,0,0,1,1,https://www.mlive.com/public-interest/2019/12/pro-trump-protesters-verbally-clash-with-slotkin-supporters-at-town-hall.html,,,,,
Sahuarita,,Pima,AZ,US,2019-12-16,,,,,,,ASARCO Teamsters,Against labor law violations,0,protest,0,0,0,0,1,1,https://www.kgun9.com/news/local-news/asarco-teamsters-take-part-in-national-rally-day,,,,,
San Francisco,,San Francisco,CA,US,2019-12-16,more than 100,100,,100,,,general protesters,Demanding guaranteed electrical power to all customers before Pacific Gas and Electric Co. pay shareholders,0,rally,0,0,0,0,1,1,https://www.sfchronicle.com/bayarea/article/Protest-in-downtown-San-Francisco-blocks-14909732.php,,,,,
Seattle,Offices of Senators Patty Murray and Maria Cantwell,King,WA,US,2019-12-16,two dozen,24,,24,,,general protesters,Support Green New Deal,0,protest,0,0,0,0,1,1,https://www.kuow.org/stories/young-climate-protestors-ask-murray-cantwell-to-sign-onto-green-new-deal,,,,,
St. Paul,City Hall,Ramsey,MN,US,2019-12-16,,,,,,,SEIU Local 26,For protection of workers,0,protest; demonstration,0,0,0,0,1,1,http://www.startribune.com/workers-in-st-paul-protest-wage-theft-lack-of-sick-time/566252662/,,,,,
Staten Island,City University of New York,Richmond,NY,US,2019-12-16,,,,,,,general protesters,Against tuition hike for CUNY,0,protest,0,0,0,0,1,1,https://www.silive.com/news/2019/12/despite-protest-cuny-approves-wellness-fee-continued-tuition-hike.html,,,,,
Wilkes-Barre,outside US Representative Matt Cartwright's office,Luzerne,PA,US,2019-12-16,,,,,,,general protestors,pro-Trump; anti-impeachment,2,rally,0,0,0,0,1,1,https://wnep.com/2019/12/16/anti-impeachment-protest-in-wilkes-barre/,,,,,
Wilkes-Barre,outside US Representative Matt Cartwright's office,Luzerne,PA,US,2019-12-16,,,,,,,general protestors,anti-Trump; pro-impeachment,1,counter-protest,0,0,0,0,0,1,https://wnep.com/2019/12/16/anti-impeachment-protest-in-wilkes-barre/,,,,,
Wilkes-Barre,Intersection of East Market Street and Pennsylvania Avenue,Luzerne,PA,US,2019-12-16,,,,,,,general protesters,Against impeachment,2,protest,0,0,0,0,1,1,https://www.citizensvoice.com/news/protesters-on-both-sides-rally-in-wilkes-barre-ahead-of-trump-impeachment-vote-1.2572300,,,,,
Wilkes-Barre,Intersection of East Market Street and Pennsylvania Avenue,Luzerne,PA,US,2019-12-16,,,,,,,general protesters,Against impeachment,1,protest; counter-protest,0,0,0,0,1,1,https://www.citizensvoice.com/news/protesters-on-both-sides-rally-in-wilkes-barre-ahead-of-trump-impeachment-vote-1.2572300,,,,,
Akron,,Summit,OH,US,2019-12-17,na,7,,7,,,general protestors,pro-Trump,2,counter-protest,,,,,0,1,https://twitter.com/realdawnhoward/status/1207126269198028801,,,,,
Anacortes,12th Commercial Avenue,Skagit,WA,US,2019-12-17,na,10,,10,,,general protestors,pro-Trump,2,protest,,,,,0,1,https://twitter.com/mckaj5/status/1207129911866970113,,,,,
Beaver,,Beaver,PA,US,2019-12-17,~30-50,30,,50,,,general protestors,pro-Trump,2,counter-protest,,,,,0,1,https://twitter.com/lara_putnam/status/1207150184347648000,,,,,
Billings,Yellowstone County Courthouse lawn,Yellowstone ,MT,US,2019-12-17,na,2,,2,,,general protestors,pro-Trump,2,counter-protest,0,0,0,0,0,1,https://www.ktvq.com/news/local-news/dozens-rally-in-favor-of-impeaching-trump-in-billings,,,,,
Boise,Downtown Boise around Capitol Blvd and Front Street,Ada,ID,US,2019-12-17,about 15,15,,15,,,MAGA Girl,pro-Trump,2,counter-protest,0,0,0,0,0,1,https://www.idahostatesman.com/news/politics-government/state-politics/article238440158.html,,,,,
Bradenton,County Courthouse steps ,Manatee,FL,US,2019-12-17,lone,1,,1,,,general protestors,pro-Trump,2,counter-protest,0,0,0,0,0,1,https://www.bradenton.com/news/local/article238470728.html,,,,,
Burbank,Five Points Art Monument,Los Angeles,CA,US,2019-12-17,na,3,,3,,,general protestors,pro-Trump,2,counter-protest,0,0,0,0,0,1,https://twitter.com/myBurbankNEWS/status/1207117973514641408,https://twitter.com/JohnHeaner/status/1207126145545621504,,,,
Cape Coral,US Rep. Francis Rooney's Office,Lee,FL,US,2019-12-17,,,,,,,general protestors,pro-Trump,2,counter-protest,0,0,0,0,0,1,https://www.nbc-2.com/story/41465753/rally-to-impeach-president-trump-erupts-at-collier-county-courthouse,,,,,
Chico ,,Butte,CA,US,2019-12-17,,,,,,,general protestors,pro-Trump,2,counter-protest,,,,,0,1,https://twitter.com/StrikeNational/status/1207118986694934528,,,,,
Claremont ,Intersection of Foothill and Indian Hill Blvds,Los Angeles,CA,US,2019-12-17,about 10,10,,10,,,general protestors,pro-Trump,2,counter-protest,0,0,0,0,0,1,https://twitter.com/Ron_LaPierre/status/1207156526084833283,https://www.pe.com/2019/12/17/president-donald-trump-impeachment-supporters-foes-rally-in-inland-empire/,,,,
Claremore,,Rogers,OK,US,2019-12-17,,,,,,,general protestors,pro-Trump,2,counter-protest,,,,,0,1,https://twitter.com/therealwallbie/status/1207097667215597569,,,,,
Clovis,District Office of Devin Nunes,Fresno,CA,US,2019-12-17,about two dozen,24,,24,,,general protestors,pro-Trump,2,counter-protest,0,0,0,0,0,1,https://www.yourcentralvalley.com/news/local-news/impeachment-rally-in-clovis-nobody-is-above-the-law-2/,https://twitter.com/craftyme25/status/1207146786617298944,,,,
Corpus Christi,,Nueces,TX,US,2019-12-17,more than a dozen,12,,12,,,general protesters,Against city plans to submit desalination permits,1,protest,0,0,0,0,1,1,https://www.caller.com/story/news/local/2019/12/18/city-corpus-christi-seeking-desalination-permits-groups-protest/2662281001/,,,,,
Crystal Lake,"Across from ""The Pointe"" on the sidewalk ",McHenry ,IL,US,2019-12-17,na,3,,3,,,general protestors,pro-Trump,2,counter-protest,,,,,0,1,https://twitter.com/RU486ingFascism/status/1207112046678069249,,,,,
Elkton,,Cecil,MD,US,2019-12-17,,,,,,,general protesters,Against the Cecil County Sheriff's Office's agreement to screen for immigrant status,1,protest,0,0,0,0,1,1,https://www.myeasternshoremd.com/kent_county_news/news/regional/cecil-residents-protest-county-s-agreement-with-ice/article_0480da34-d5c3-51c5-81c6-ef0d203741ce.html,,,,,
Flint,city hall,Genesee,MI,US,2019-12-17,,,,,,,general protestors,pro-Trump,2,counter-protest,0,0,0,0,0,1,https://www.wnem.com/news/many-gather-at-impeachment-rally-in-mid-michigan/article_1c972832-2130-11ea-b2c3-336f4484bd18.html,,,,,
Glens Falls,,Warren,NY,US,2019-12-17,,,,,,,general protestors,pro-Trump,2,counter-protest,,,,,1,1,https://cbs6albany.com/news/local/protestors-for-and-against-impeachment-rally-in-glens-falls,,,,,
Greensburg,Westmoreland County Courthouse,Westmoreland,PA,US,2019-12-17,About 15,15,,15,,,general protestors,pro-Trump,2,counter-protest,0,0,0,0,0,1,https://triblive.com/local/westmoreland/westmoreland-county-impeachment-rally-draws-more-than-100/,,,,,
Irving,,Chautauqua,NY,US,2019-12-17,over 100,100,,100,,,1199SEIU United Healthcare Workers East,Against closure of TLC Lakeshore Hospital,0,protest,0,0,0,0,1,1,https://www.observertoday.com/news/page-one/2019/12/union-politicians-rally-to-fight-tlc-lakeshore-closure/,,,,,
Missoula,East Front Street,Missoula,MT,US,2019-12-17,,,,,,,general protestors,pro-Trump,2,counter-protest,0,0,0,0,0,1,https://nbcmontana.com/news/local/impeachment-rally-brings-parties-from-both-sides,,,,,
Modesto ,Corner of Briggsmore and McHenry Avenues,Stanislaus,CA,US,2019-12-17,about 20-25,20,,25,,,general protestors,pro-Trump,2,counter-protest,,,,,0,1,https://twitter.com/DawnGulick/status/1207121766209900545,,,,,
Napa,Veterans Park,Napa,CA,US,2019-12-17,na,25,,30,,,general protestors,pro-Trump,2,counter-protest,,,,,0,1,https://twitter.com/ghost_of_roger/status/1207128484356603905,https://twitter.com/pennypopken/status/1207140171990233088,,,,
Nashville,Metro Courthouse,Davidson,TN,US,2019-12-17,,,,,,,general protesters,Against cuts to Nashville's affordable housing funding ,0,protest,0,0,0,0,1,1,https://www.tennessean.com/story/news/2019/12/17/affordable-housing-barnes-housing-trust-fund-nashville-metro-budget/2679385001/,,,,,
New York,Manhattan,New York,NY,US,2019-12-17,,,,,,,general protesters,Against potential MTA police hires,0,protest,0,0,0,0,1,1,https://www.pix11.com/news/local-news/protesters-rally-against-potential-mta-police-hires,,,,,
Redding,Redding City Hall ,Shasta,CA,US,2019-12-17,,,,,,,general protestors,pro-Trump,2,counter-protest,,,,,0,1,https://www.redding.com/story/news/local/2019/12/16/against-trump-impeachment-theres-rally-you-redding/2666954001/,,,,,
Roanoke,,Roanoke,VA,US,2019-12-17,count video,2,,2,,,general protestors,pro-Trump,2,counter-protest,,,,,1,1,https://twitter.com/SWVAforPete/status/1207078242500464643,,,,,
Rochester,Parcel 5,Monroe,NY,US,2019-12-17,,,,,,,general protestors,pro-Trump,2,counter-protest,0,0,0,0,0,1,https://spectrumlocalnews.com/nys/rochester/news/2019/12/18/parcel-5-hosts--nobody-is-above-the-law--impeachment-rally,,,,,
Sequim,Four Corners of Sequim Ave and Washington Streets,Clallam,WA,US,2019-12-17,about 10,10,,10,,,general protestors,pro-Trump,2,protest,,,,,0,1,https://twitter.com/NomenNullus/status/1207140224855240704,,,,,
South Venice,Walmart Corner of US 41 and Jacaranda Blvd,Sarasota,FL,US,2019-12-17,na,20,,20,,,general protestors,pro-Trump,2,counter-protest,,,,,0,1,https://twitter.com/EnglewoodFLInd/status/1207102455210815489,,,,,
Spring Hill,,Hernando,FL,US,2019-12-17,a few dozen,36,,36,,,Bikers for 45,pro-Trump,2,protest,0,0,0,0,1,1,https://www.wfla.com/news/local-news/tale-of-two-rallies-people-come-out-for-and-against-president-trumps-impeachment/,,,,,
Tampa,Sam Gibbons United States Courthouse,Hillsborough,FL,US,2019-12-17,a couple,2,,2,,,general protestors,pro-Trump,2,counter-protest,0,0,0,0,0,1,https://www.wfla.com/news/local-news/tale-of-two-rallies-people-come-out-for-and-against-president-trumps-impeachment/,,,,,
Tucson,US District Court Building,Pima,AZ,US,2019-12-17,,,,,,,general protestors,pro-Trump,2,counter-protest,,,,,0,1,https://twitter.com/EricMillerFink/status/1207094139566714880,,,,,
Ukiah,Mendocino County Courthouse,Mendocino ,CA,US,2019-12-17,na,1,,1,,,general protestors,pro-Trump,2,counter-protest,,,,,0,1,https://twitter.com/chrispugh/status/1207117418130108416,,,,,
Virginia Beach,Fountain at Town Center,Virginia Beach City,VA,US,2019-12-17,,,,,,,general protestors,pro-Trump,2,counter-protest,0,0,0,0,0,1,https://wtkr.com/2019/12/17/impeachment-rallies-held-in-two-hampton-roads-cities/,,,,,
Wilkes Barre,East Market Street,Luzerne,PA,US,2019-12-17,,,,,,,general protestors,pro-Trump,2,protest,0,0,0,0,0,1,https://www.citizensvoice.com/news/protesters-on-both-sides-rally-in-wilkes-barre-ahead-of-trump-impeachment-vote-1.2572300,,,,,
Andover,South Elementary School,Essex,MA,US,2019-12-18,dozens,24,,24,,,general protesters,Against hostile work environment,0,protest; rally,0,0,0,0,1,1,https://www.eagletribune.com/news/merrimack_valley/teachers-rally-for-support-at-andover-school/article_28f2c807-fc13-521a-acc0-5953320e04a9.html,,,,,
Battle Creek,Kellogg Arena,Calhoun,MI,US,2019-12-18,thousands,2000,,2000,,,Trump campaign,"for President Trump, against impeachment",2,rally,0,0,0,0,1,1,https://www.freep.com/story/news/politics/2019/12/17/eve-impeachment-vote-crowds-gather-cities-across-state-nation/2677469001/,https://www.cbsnews.com/news/trump-rally-battle-creek-today-2020-campaign-kellogg-arena-live-stream-updates-2019-12-18/,https://www.freep.com/story/news/politics/elections/2019/12/18/president-donald-trump-battle-creek-impeachment-vote/2691833001/,feat. President Trump,https://www.clickondetroit.com/news/local/2019/12/19/president-trump-rallies-in-michigan-during-impeachment-heres-what-he-said/,https://apnews.com/article/nancy-pelosi-ap-top-news-mi-state-wire-michigan-donald-trump-df59970ad25ae98e8d0139fd24adcec1
Battle Creek,Outside Kellogg Center,Calhoun,MI,US,2019-12-18,,,,,,,Michigan Vape Shop Owners Association,against proposed restrictions on vaping and e-cigarettes,0,Protest,0,0,0,0,1,1,https://www.fox17online.com/news/local-news/kzoo-bc/calhoun/vape-rally-to-be-held-outside-trump-event-in-battle-creek,,,,,
Los Angeles,Hall of Justice,Los Angeles,CA,US,2019-12-18,,,,,,,Black Lives Matter LA,"against police brutality, for police accountability, Black Lives Matter, against District Attorney Jackie Lacey",1,protest,,,,,1,1,https://www.cnn.com/2020/07/10/us/jackie-lacey-la-da-black-lives-matter/index.html,https://www.newyorker.com/magazine/2020/11/16/after-years-of-protests-every-wednesday-la-activists-welcome-a-new-da,,,,
New Orleans,City Hall,Orleans Parish,LA,US,2019-12-18,,,,,,,Laborers' International Union of North America; Congress of Day Laborers; the New Orleans Democratic Socialists of America,Demanding justice for workers and families affected by Hard Rock Hotel collapse,0,Rally,0,0,0,0,1,1,https://www.nola.com/gambit/news/the_latest/article_be4956f0-1d1b-11ea-8b26-5b78f05793ec.html,,,,,
New York ,Manhattan,New York,NY,US,2019-12-18,around 250,250,,250,,,general protesters,Anti-Modi protest,0,protest,0,0,0,0,1,1,https://www.middleeasteye.net/news/story-palestinian-flag-anti-modi-protests-new-york-city,,,,,
Newton,Newton Green ,Sussex,NJ,US,2019-12-18,about 30,30,,30,,,MoveOn.org,Support impeachment,1,protest,0,0,0,0,1,1,https://www.njherald.com/news/20191219/impeach-and-remove-rally-brings-30-protesters-to-newton-green,,,,,
Niles,McKinely Memorial Museum,Trumbull,OH,US,2019-12-18,,,,,,,general protesters,Against annexation ,0,protest,0,0,0,0,1,1,https://www.tribtoday.com/news/local-news/2019/12/townships-protest-annexation-grab/,,,,,
Baltimore,City Hall,Baltimore,MD,US,2019-12-19,,,,,,,general protesters,Against expensive education reforms,0,protest,0,0,0,0,1,1,https://www.baltimoresun.com/politics/bs-md-pol-pilot-agreement-rally-20191219-i4fpxxzuhbg27kytw6jz6f6eja-story.html,,,,,
Chicago,Francis W. Parker School,Cook,IL,US,2019-12-19,,,,,,,general protesters,Against Francis Parker School's purchase of nearby condos,0,protest,0,0,0,0,1,1,https://chicago.cbslocal.com/2019/12/20/francis-parker-school-condos/,,,,,
Concord ,State House,Merrimack,NH,US,2019-12-19,,,,,,,general protesters,Against state labor contract stating housekeepers would work on Christmas day,0,protest,0,0,0,0,1,1,https://www.conwaydailysun.com/news/local/state-workers-protest-lack-of-contract-portray-sununu-as-scrooge/article_522e3548-22a3-11ea-979b-c720450599bc.html,,,,,
Pasadena,Kaiser's Southern California headquarters,Los Angeles,CA,US,2019-12-19,,,,,,,NUHW,Demand tougher oversight of their employer by state regulators at the Department of Managed Health Care,0,protest,0,0,0,0,1,1,https://www.dailyrepublic.com/all-dr-news/wires/kaiser-behavioral-health-workers-turn-up-heat-on-employer-in-rally-at-california-capitol-the-sacramento-bee/,,,,,
Sacramento ,State Capitol,Sacramento,CA,US,2019-12-19,roughly 300,300,,300,,,NUHW,Demand tougher oversight of their employer by state regulators at the Department of Managed Health Care,0,protest,0,0,0,0,1,1,https://www.dailyrepublic.com/all-dr-news/wires/kaiser-behavioral-health-workers-turn-up-heat-on-employer-in-rally-at-california-capitol-the-sacramento-bee/,,,,,
San Diego ,San Diego Administration Building,San Diego ,CA,US,2019-12-19,,,,,,,NUHW,Demand tougher oversight of their employer by state regulators at the Department of Managed Health Care,0,protest,0,0,0,0,1,1,https://www.dailyrepublic.com/all-dr-news/wires/kaiser-behavioral-health-workers-turn-up-heat-on-employer-in-rally-at-california-capitol-the-sacramento-bee/,,,,,
St. Paul,Mears Park,Ramsey,MN,US,2019-12-19,more than 200,200,,200,,,general protesters,Support Bethesda Rehabilitation Hospital,0,march,0,0,0,0,1,1,https://www.twincities.com/2019/12/19/health-care-workers-elected-officials-march-in-st-paul-to-save-bethesda-st-joes/,,,,,
Wilmington,Rodney Square,New Castle,DE,US,2019-12-19,about 50,50,,50,,,general protesters,Support increase in minimum wage of janitors,0,protest; march,0,0,0,0,1,1,https://www.phillytrib.com/news/state_and_region/minimum-wage-is-mantra-of-janitors-lawmakers-during-wilmington-march/article_1804b83a-9521-5a52-9be1-74c3828388b1.html,,,,,
Los Angeles,Los Angeles International Airport ,Los Angeles,CA,US,2019-12-20,arrested,6,,6,,,UNITE HERE Local 11 workers,Demand higher wages and expanded benefits,0,demonstration,6,0,0,0,1,1,https://losangeles.cbslocal.com/2019/12/20/lax-catering-workers-protest-travel-rush-picks-up/,,,,,
Los Angeles,,Los Angeles,CA,US,2019-12-20,about 100,100,,100,,,The Los Angeles Community Action Network; Services Not Sweeps,For more housing for homeless,0,rally; march,0,0,0,0,1,1,https://losangeles.cbslocal.com/2019/12/20/memorial-homeless-skid-row-rally/,,,,,
Washington ,Hart Senate Office Building,DC,DC,US,2019-12-20,arrested,138,,138,,,general protesters,Against climate inaction,1,protest; demonstration,138,0,0,0,1,1,https://www.washingtonpost.com/local/jane-fonda-may-turn-82-behind-bars-after-fifth-arrest-at-a-dc-climate-change-protest/2019/12/20/89978bc8-2367-11ea-a153-dce4b94e4249_story.html,,,,,
Charlotte,Outside the McCrorey YMCA,Mecklenburg,NC,US,2019-12-21,,,,,,,Stop Killing Our Children,Anti-violence,0,protest,0,0,0,0,1,1,https://www.wcnc.com/article/news/community/community-gathers-for-march-against-violence-in-charlotte/275-242c9c75-b66c-4cb5-9f7a-a9111b5f0e0d,,,,,
Fayetteville,Fayetteville Square,Washington,AR,US,2019-12-21,dozens,24,,24,,,general protesters,Anti-violence,0,protest,0,0,0,0,1,1,https://www.kark.com/news/local-news/demonstrators-march-against-violence-on-fayetteville-square/,,,,,
Las Vegas ,Chaparral High School,Clark,NV,US,2019-12-21,more than 2000,2000,,2000,,,general protesters,Support presidential candidate Bernie Sanders,1,rally,0,0,0,0,1,1,https://www.reviewjournal.com/news/politics-and-government/2000-attend-las-vegas-rally-for-bernie-sanders-1919640/,,,,,
Port Huron,,St. Clair,MI,US,2019-12-21,roughly two dozen,24,,24,,,general protesters,Supporting President Trump,2,rally,0,0,0,0,1,1,https://www.thetimesherald.com/story/news/2019/12/22/impeachment-news-inspires-rally-trump-downtown-port-huron/2720982001/,,,,,
Port Huron,,St. Clair,MI,US,2019-12-21,na,1,,1,,,general protesters,Against President Trump,1,counter-protest,0,0,0,0,1,1,https://www.thetimesherald.com/story/news/2019/12/22/impeachment-news-inspires-rally-trump-downtown-port-huron/2720982001/,,,,,
Rogers,Outside the Pinnacle Hills Promenade,Benton,AR,US,2019-12-21,about 40,40,,40,,,general protesters,Against Petland,0,protest,0,0,0,0,1,1,https://www.kark.com/news/local-news/dozens-of-demonstrators-protest-local-petland/,,,,,
Tallahassee,Florida A&M University,,FL,US,2019-12-21,dozens,24,,24,,,FAMU Dream Defenders; Tallahassee Community Action Committee,"in remembrance of Jamee Johnson, against police violence, for community control of police, Black Lives Matter",1,vigil,0,0,0,0,1,1,https://www.wctv.tv/content/news/Vigil-held-for-Jamee-Johnson-at-FAMU-following-officer-involved-shooting-566426351.html,https://www.instagram.com/p/B6WTQCvlGwg/,https://www.instagram.com/p/B6WTgSplpRt/,https://www.instagram.com/p/B6YZYIal_Y-/,,
Dallas,Dealey Plaza,Dallas,TX,US,2019-12-22,about 1000,1000,,1000,,,general protesters,Against Indian Citizenship Amendment Act,0,protest,0,0,0,0,1,1,http://www.fightbacknews.org/2019/12/25/large-protest-dallas-against-indian-citizenship-amendment-act,,,,,
Lexington ,Outside Senate Majority Leader Mitch Mcconnell's office,Fayette,KY,US,2019-12-23,,,,,,,MoveOn,Pro-impeachment,1,protest,0,0,0,0,1,1,https://www.wtvq.com/2019/12/23/group-holds-2nd-impeachment-rally-lexington/,,,,,
Omaha,Benson,Douglas,NE,US,2019-12-23,,,,,,,general protesters,Against the removal of the Benson bike corral,0,protest; demonstration,0,0,0,0,1,1,https://www.3newsnow.com/news/local-news/ghost-bikes-protest-benson-bike-corral-removal,,,,,
Elliston,Campsite off Yellow Finch Lane,Montgomery,VA,US,2019-12-25,about 12,12,,12,,,general protesters,Against the Mountain Valley Pipeline,0,protest,0,0,0,0,1,1,https://www.roanoke.com/news/local/pipeline-protesters-push-past-christmas/article_d0900c3d-d335-528f-851a-edcf3c94d603.html,,,,,
Los Angeles,Hall of Justice,Los Angeles,CA,US,2019-12-25,,,,,,,Black Lives Matter LA,"against police brutality, for police accountability, Black Lives Matter, against District Attorney Jackie Lacey",1,protest,,,,,1,1,https://www.cnn.com/2020/07/10/us/jackie-lacey-la-da-black-lives-matter/index.html,https://www.newyorker.com/magazine/2020/11/16/after-years-of-protests-every-wednesday-la-activists-welcome-a-new-da,,,,
Coitsville,Coitsville Township Administration Building,Mahoning,OH,US,2019-12-27,na,3,,3,,,general protesters,Support more oversight of injection wells,0,protest,0,0,0,0,1,1,https://www.wfmj.com/story/41500269/injection-well-protest-held-in-coitsville-friday,,,,,
Detroit,Masjid Mu'Ath Bin Jabil,Wayne,MI,US,2019-12-27,about 35,35,,35,,,general protesters,Against the expansion of a waste facility that is storing PFAS,0,protest,0,0,0,0,1,1,https://www.detroitnews.com/story/news/local/wayne-county/2019/12/27/state-lawmakers-protest-waste-plant-expansion-hamtramck/2756553001/,,,,,
Washington ,Capitol,DC,DC,US,2019-12-27,,,,,,,general protesters,Against climate change inaction,1,protest,,,,,1,1,https://thehill.com/blogs/in-the-know/in-the-know/475913-jane-fonda-to-be-joined-by-lily-tomlin-at-weekly-climate,,,,,
Bourne,Bourne Rotary,Barnstable,MA,US,2019-12-28,,,,,,,general protestors,pro-Trump,2,rally,,,,,1,1,https://www.capecodtimes.com/news/20191217/cape-protesters-make-their-case-before-impeachment-vote,,,,,
Milwaukee,,Milwaukee,WI,US,2019-12-29,,,,,,,general protestors,for Homicide Victims in Milwaukee,0,vigil,,,,,1,1,https://twitter.com/KimShineCBS58/status/1211404126715858945,,,,,
New York,Grand Army Plaza; Brooklyn,Kings,NY,US,2019-12-29,hundreds,200,,200,,,Jews for Racial and Economic Justice,against anti-Semitism; solidarity with Monsey,0,rally,,,,,1,1,https://www.facebook.com/events/2535258296760213/,https://twitter.com/JFREJNYC/status/1211320613597433856,https://twitter.com/jewishaction/status/1211413289823019008,,,
New York,Jewish Community Center; Manhattan,New York,NY,US,2019-12-29,,,,,,,general protestors,against anti-Semitism; solidarity with Monsey,0,vigil,,,,,0,1,https://twitter.com/JamaalBowmanNY/status/1211426223324307458,,,,,
Skokie,Westfield Old Orchard Shopping Center,Cook,IL,US,2019-12-29,,,,,,,general protestors,against anti-Semitism; solidarity with Monsey,0,vigil,,,,,1,1,https://twitter.com/repymkalish/status/1211426003471491074,https://chicago.cbslocal.com/2019/12/29/new-york-brooklyn-monsey-anti-semitic-attacks-skokie-vigil/?taid=5e09291fb1b45600018089a9&utm_campaign=trueAnthem%3A+Trending+Content&utm_medium=trueAnthem&utm_source=twitter,,,,
West Hartford,Beth El Synagogue,Hartford,CT,US,2019-12-30,several hundred,300,,300,,,general protestors,against anti-Semitism; solidarity with Monsey,0,rally,0,0,0,0,1,1,https://we-ha.com/community-and-faith-leaders-come-together-in-west-hartford-to-rally-against-hate/?fbclid=IwAR14CX4POr0yJaxYktj9x1rthT2RVV90gpcJzuQVN_JAJdX4jM37TxeM57I,,,,,
New York,Grand Army Plaza; Brooklyn,Kings,NY,US,2019-12-31,,,,,,,general protestors,against anti-Semitism; solidarity with Monsey,0,rally,,,,,1,1,https://twitter.com/HeyItsMurad/status/1211720605764145156,https://twitter.com/HeyItsMurad/status/1212121458404712449,,,,
New York,201 Varick Street; Manhattan,New York,NY,US,2019-12-31,,,,,,,New Sanctuary Coalition,solidarity with people in immigration custody,1,demonstration,,,,,0,1,https://twitter.com/JaniceGinger1/status/1212021622250577920,,,Jericho Walk; Light A Candle,,
Denver,,Denver,CO,US,2019-12-19,,,,,,,general protesters,For first amendment right to remain seated during the Pledge of Allegiance,1,Protest,0,0,0,0,1,1,https://denver.cbslocal.com/2020/01/01/tay-anderson-sit-pledge-of-allegiance-denver-school-board-member-protest/,,,,,
Worcester,,Worcester,MA,US,2019-12-07,,,,,,,general protesters,Against climate change inaction ,1,protest,0,0,0,0,1,1,https://www.worcestermag.com/entertainmentlife/20191231/in-on-action-how-worcester-activists-protest-regional-fossil-fuel-infrastructure,,,,,
Worcester,El Basha Restaurant,Worcester,MA,US,2019-12-10,,,,,,,Mothers Out Front Worcester; 350 Central Mass; Renewable Energy Worcester,Against climate change inaction ,1,protest,0,0,0,0,1,1,https://www.worcestermag.com/entertainmentlife/20191231/in-on-action-how-worcester-activists-protest-regional-fossil-fuel-infrastructure,,,,,
Worcester,Green Island,Worcester,MA,US,2019-12-28,arrested,10,,10,,,Climate Disobedience Center,Against climate change inaction ,1,protest,10,0,0,0,1,1,https://www.worcestermag.com/entertainmentlife/20191231/in-on-action-how-worcester-activists-protest-regional-fossil-fuel-infrastructure,,,,,
Chico,,Butte,CA,US,2019-12-30,about a dozen,12,,12,,,general protesters,Against PG&E,0,protest,0,0,0,0,1,1,https://www.actionnewsnow.com/content/news/Camp-Fire-survivors-protest-against-PGE-in-Chico-566572461.html,,,,,
West Nyack,Jewish Community Campus,Rockland,NY,US,2019-12-30,more than 700,700,,700,,,general protesters,Against hate towards Jewish community,0,protest; vigil ,0,0,0,0,1,1,https://www.lohud.com/story/news/local/rockland/2019/12/30/rockland-jews-rally-following-heinous-monsey-knife-attack/2776964001/,,,,,
New York,Grand Army Plaza; Brooklyn,Kings,NY,US,2019-12-31,some 150,150,,150,,,general protesters,Against hate crimes targeted at Jewish communities,0,protest,0,0,0,0,1,1,https://www.nydailynews.com/new-york/ny-rally-against-hate-anti-semitism-20200101-jvkz4cmgojhz5gwsx4pohahayi-story.html,,,,,
Bradenton,,Manatee,FL,US,2019-12-31,,,,,,,general protesters,Against violent act against woman,0,protest; rally,0,0,0,0,1,1,https://www.abcactionnews.com/news/region-sarasota-manatee/supporters-rally-for-70-year-old-woman-tased-in-her-home-by-manatee-county-deputy,,,,,
Milford,,Hillsborough ,NH,US,2019-12-29,,,,,,,general protesters,Against presidential candidate Joe Biden ,0,Protest,0,0,0,0,1,1,https://www.washingtontimes.com/news/2019/dec/30/joe-biden-scolds-heckler-in-new-hampshire-this-not/,,,,,
West Hartford,Beth El Temple,Hartford,CT,US,2019-12-30,,,,,,,general protesters,Against hate,0,Protest,0,0,0,0,1,1,https://www.courant.com/news/connecticut/hc-news-connecticut-anti-semitism-rally-20191231-fp64257ygrdjdofqhta5zfrjj4-story.html,,,,,
Charlotttesville,Downtown Mall,Charlottesville City,VA,US,2019-12-30,,,,,,,Monumental Justice Virginia Campaign,Against Confederate monuments,0,Protest,0,0,0,0,1,1,https://www.nbc29.com/2019/12/30/monumental-justice-virginia-campaign-rally-held-free-speech-wall-charlottesville/,,,,,
Stony Point,,Rockland,NY,US,2019-12-29,,,,,,,general protesters,Against reforms that mandate no bail for misdemeanors and certain felonies,0,protest; strike,,,,,1,1,https://www.lohud.com/story/news/local/rockland/2019/12/28/rally-planned-stony-point-mother-killed-christmas-eve-hit-and-run/2765506001/,,,,,
Monsey,,Rockland,NY,US,2019-12-29,about 300,300,,300,,,members of the Ohr Hachaim synagogue,Against violence towards Jewish individuals; Jewish pride,0,protest; strike,0,0,0,0,1,1,https://www.lohud.com/story/news/local/rockland/monsey/2019/12/29/monsey-stabbing-torah-procession-sunday-show-solidarity-grafton-thomas/2769149001/,,,,,
Skokie,Westfield Old Orchard Shopping Center,Cook,IL,US,2019-12-29,,,,,,,general protesters,Against violence towards Jewish individuals; Jewish pride,0,protest; strike,0,0,0,0,1,1,https://www.lohud.com/story/news/local/rockland/monsey/2019/12/29/monsey-stabbing-torah-procession-sunday-show-solidarity-grafton-thomas/2769149001/,,,,,
South Sacramento,,Sacramento,CA,US,2019-12-27,almost 50,50,,50,,,general protesters,Against a prominent Sikh preacher,0,protest,0,0,0,0,1,1,https://sacramento.cbslocal.com/2019/12/27/protest-south-sacramento-sikh-temple-elk-grove-florin/,,,,,
St. Clairsville,,Belmont,OH,US,2019-12-27,almost 10 ,10,,10,,,general protesters,In support of police,0,protest,0,0,0,0,1,1,https://www.timesleaderonline.com/news/local-news/2019/12/small-rally-held-to-support-st-c-police/,,,,,
Arcadia,Santa Anita Park,Los Angeles,CA,US,2019-12-28,,,,,,,general protesters,Against deaths of horses at Arcadia track ,0,protest,0,0,0,0,1,1,https://www.fox29.com/news/santa-anita-park-begins-winter-racing-season-amid-protest,,,,,
Satellite Beach,,Brevard,FL,US,2019-12-28,more than 50,50,,50,,,general protesters,In support of better crosswalk safety,0,protest,0,0,0,0,1,1,https://www.clickorlando.com/news/local/2019/12/29/dozens-protest-for-better-crosswalk-safety-in-brevard-county/,,,,,
Olympia,Outside the Thurston County Superior Court,Thurston ,WA,US,2019-12-30,,,,,,,general protesters,In support of $30 tabs,0,rally,,,,,1,1,https://www.kxly.com/youre-gonna-love-it-activist-tim-eyman-to-host-car-tab-lawsuit-rally-in-olympia/,,,,,
Rifle,Ute Theater,Garfield,CO,US,2019-12-10,,,,,,,general protesters,support oil and gas industry,0,rally,,,,,1,1,https://www.coloradopolitics.com/news/premium/industry-plans-rallies-in-loveland-rifle-ahead-of-rulemaking-on/article_9779da22-1154-11ea-8189-cfa765e9d85c.html,Future.,,,,
Loveland,,Larimer,CO,US,2019-12-16,,,,,,,general protesters,support oil and gas industry,0,rally,,,,,1,1,https://www.coloradopolitics.com/news/premium/industry-plans-rallies-in-loveland-rifle-ahead-of-rulemaking-on/article_9779da22-1154-11ea-8189-cfa765e9d85c.html,Future.,,,,