CityTown,Location,County,StateTerritory,Country,Date,EstimateText,EstimateLow,BestGuess,EstimateHigh,AdjustedLow,AdjustedHigh,Actor,Claim,Pro(2)/Anti(1),EventType,ReportedArrests,ReportedParticipantInjuries,ReportedPoliceInjuries,ReportedPropertyDamage,TownsCities,Events,Source1,Source2,Source3,Misc.,Source4
Austin,W Hotel,Travis,TX,US,2020-03-01,,,,,,,Take Back Austin,"against mayor's response to homelessness, for recalling Mayor Adler",0,protest,0,0,0,0,1,1,https://www.kvue.com/article/news/local/austin-mayor-homeless-protest-land-development-code-city-council/269-24e7cb79-2987-4467-8b68-512c12537708,,,,
Bossier City,Bossier Church of Christ,Bossier,LA,US,2020-03-01,more than two dozen,24,,24,,,LGBTQ activists,opposed to LGBTQ discrimination,1,protest,0,0,0,0,1,1,https://www.arklatexhomepage.com/news/local-news/anto-gay-sign-in-pastors-yard-sparks-protest-outside-bossier-city-church/,,,,
Minneapolis,St. Louis Park High School,Hennepin,MN,US,2020-03-01,,,,,,,Klobuchar campaign,for Amy Klobuchar for president,1,rally,0,0,0,0,1,1,https://apnews.com/356d8c827e339c0471ed063c1d6a69a6,,,,
Minneapolis,St. Louis Park High School,Hennepin,MN,US,2020-03-01,dozens,24,,24,,,general protestors,"against Amy Klobuchar for president, Black Lives Matter",1,counter-protest,0,0,0,0,1,1,https://apnews.com/356d8c827e339c0471ed063c1d6a69a6,,,,
New York,Clinton Park Stables,New York,NY,US,2020-03-01,,,,,,,NYCLASS; animal rights advocates,"against carriage horses, against animal cruelty",0,protest,0,0,0,0,1,1,https://www.pix11.com/news/local-news/manhattan/central-park-carriage-horse-collapse-euthanization-sparks-protest,,,,
Philadelphia,outside Constitution Health Plaza,Philadelphia,PA,US,2020-03-01,hundreds,200,,200,,,Stand Up South Philly; Take Our Streets Back,against plan to open supervised drug injection site in Philadelphia,0,protest,0,0,0,0,1,1,https://philadelphia.cbslocal.com/2020/03/01/safe-injection-site-safehouse-stand-up-south-philly-rally/,,,,
Seattle,Cal Anderson Park,King,WA,US,2020-03-01,,,,,,,Tax Amazon,for higher taxes on Amazon and other big businesses,1,protest,0,0,0,0,1,1,https://www.capitolhillseattle.com/event/tax-amazon-march-on-march-1/,,,,
Selma,Edmund Pettus Bridge,Dallas,AL,US,2020-03-01,thousands,2000,,2000,,,general protesters,"in commemoration of Bloody Sunday, for civil rights and racial justice",1,march; rally,0,0,0,0,1,1,https://www.selmatimesjournal.com/2020/03/03/presidential-hopefuls-attend-services-march-during-annual-jubilee/,,,,
Auburndale,Office of Rep. Josie Tomkow,Polk,FL,US,2020-03-02,about 25,25,,25,,,AFL-CIO; Polk Education Association; other labor unions,anti-HB1 bill on public-sector union membership,0,protest,0,0,0,0,1,1,https://www.theledger.com/news/20200303/fight-over-hb-1-polk-union-demonstrators-call-bill-unnecessary,,,,
Belmont,Notre Dame de Namur University,San Mateo,CA,US,2020-03-02,about 100,100,,100,,,students and professors,against closure of Notre Dame de Namur University,0,protest,0,0,0,0,1,1,https://www.sfchronicle.com/bayarea/article/Students-at-Notre-Dame-de-Namur-protest-to-save-15099919.php,,,,
Bettendorf,Bettendorf Middle School to Bettendorf High School,Scott,IA,US,2020-03-02,about 30,30,,30,,,school district parents,against school district administration's handling of bullying and violence,0,protest,0,0,0,0,1,1,https://qctimes.com/news/local/rick-s-six-coronavirus-in-illinois-parents-protest-at-school/article_0768b698-5c8f-11ea-bf91-27484e70053e.html,,,,
Charlotte,Bojangles Coliseum,,NC,US,2020-03-02,thousands,2000,,2000,,,Trump campaign,for President Trump,2,rally,0,0,0,0,1,1,https://www.cbsnews.com/news/trump-holds-maga-rally-charlotte-north-carolina-watch-live-stream-today-03-02-2020/,https://abc11.com/trump-rally-charlotte-north-carolina-time-bojangles-coliseum-capacity/5979732/,https://www.wsoctv.com/news/local/president-trump-speak-bojangles-coliseum-day-before-super-tuesday/5B4ZZJFCZRHU3LPF4OKUZOJVGY/,feat. President Trump,https://www.wect.com/2020/03/03/president-trump-holds-keep-america-great-rally-charlotte-nc/
Charlottesville,City Hall,Charlottesville,VA,US,2020-03-02,about two dozen,24,,24,,,firefighters; police,for more funds and hiring for police and firefighters,0,protest,0,0,0,0,1,1,https://www.dailyprogress.com/news/local/charlottesville-firefighters-police-community-members-rally-for-more-funds/article_1fafe8d1-8500-5899-a4ea-3f1a55161db4.html,,,,
Cleveland,Cuyahoga County Juvenile Justice Center,Cuyahoga,OH,US,2020-03-02,,,,,,,Justice Center workers,seek better juvenile detention conditions,0,protest,0,0,0,0,1,1,https://www.wkyc.com/article/news/local/cleveland/protest-cuyahoga-county-juvenile-justice-center/95-eb79fa69-1c6f-4fc2-b75d-0c17151e5611,,,,
Des Moines,State Capitol rotunda,Des Moines,IA,US,2020-03-02,approximately 150,150,,150,,,Republican legislators,against abortion rights,2,rally,0,0,0,0,1,1,https://www.desmoinesregister.com/story/news/politics/2020/03/02/iowa-legislature-anti-abortion-amendment-applauded-activists-iowa-capitol-rally/4905664002/,,,,
Des Moines,State Capitol rotunda,Des Moines,IA,US,2020-03-02,count pic,4,,4,,,general protestors,for abortion rights,1,protest,0,0,0,0,0,1,https://www.desmoinesregister.com/story/news/politics/2020/03/02/iowa-legislature-anti-abortion-amendment-applauded-activists-iowa-capitol-rally/4905664002/,,,,
Joliet,Larkin Ave and Jefferson St,Will,IL,US,2020-03-02,about seven,7,,7,,,Trump supporters,for President Trump,2,rally,0,0,0,0,1,1,https://www.theherald-news.com/lists/2020/03/02/089035aefd424ad895a4a81dd096ab26/index.xml?page=5,,,,
Los Angeles,"Fowler Amphitheater, UCLA campus",Los Angeles,CA,US,2020-03-02,more than 100,100,,100,,,UCLA students,against dismissal of teacher's assistant,0,march,0,0,0,0,1,1,https://dailybruin.com/2020/03/02/ucla-graduate-students-to-stage-protest-in-support-of-recently-fired-ucsc-tas/,,,,
Los Angeles,Dist. Atty. Jackie Lacey's house,Los Angeles,CA,US,2020-03-02,about 30,30,,30,,,Black Lives Matter activists,"Black Lives Matter, for racial equality",1,protest,0,0,0,0,0,1,https://www.latimes.com/california/story/2020-03-02/police-called-to-jackie-laceys-home-in-response-to-protesters-outside,,,,
Norfolk,Azalea Inn,Norfolk,VA,US,2020-03-02,dozens,24,,24,,,business owners,"against ban on skilled gaming machines, for legalized gambling",0,protest,0,0,0,0,1,1,https://www.wtkr.com/dozens-gather-in-norfolk-to-protest-proposed-ban-on-skilled-gaming-machines,,,,
Redding,Redding Civic Auditorium to Redding Sheraton Hotel,Shasta,CA,US,2020-03-02,more than 100,100,,100,,,Native Americans,"opposed to Delta tunnel project, for environmental protection, for native people's rights",0,protest,0,0,0,0,1,1,https://www.redding.com/story/news/2020/03/03/delta-tunnel-california-plan-draws-strong-protest-native-americans/4932251002/,,,,
Richmond,State Capitol,Richmond,VA,US,2020-03-02,dozens,24,,24,,,general protestors,against vaccine mandate for school children,2,protest,0,0,0,0,1,1,https://www.wtvr.com/news/virginia-politics/opponents-protest-bill-that-would-increase-required-vaccines-for-students,,,,
Albany,State Capitol,Albany,NY,US,2020-03-03,,,,,,,Bring It Home coalition,increase funds for mental health housing,0,rally,,,,,1,1,https://www.news10.com/news/wednesday-rallies-demanding-greater-funding-for-mental-health-services/,,,,
Albany,State Capitol,Albany,NY,US,2020-03-03,more than 500,500,,500,,,union members and education activists,for higher taxes on the wealthy,1,protest,0,0,0,0,0,1,https://www.nysut.org/news/2020/march/media-release-rally,,,,
Boise,Capitol,Ada,ID,US,2020-03-03,about 200,200,,200,,,ACLU of Idaho,pro-transgender rights,1,protest,0,0,0,0,1,1,https://www.idahopress.com/news/local/some-of-the-damage-has-already-been-done-chris-mosier/article_aaf11186-cea2-52b2-b7aa-735d592ed5ed.html,https://www.kivitv.com/news/aclu-of-idaho-fun-run-walk-and-rally,,,
Bozeman,Cherry River Fishing Access,Gallatin,MT,US,2020-03-03,count pic,11,,11,,,Montana Wilderness Association,"pro Land and Water Conservation Fund, for environmental protection",2,rally,0,0,0,0,1,1,https://www.bozemandailychronicle.com/news/as-trump-signals-support-rally-urges-gianforte-to-endorse-full/article_eea10818-a24c-56de-a281-04b38350df2b.html,,,,
Charlottesville,through downtown Charlottesville to Senator Creigh Deeds' Office,Charlottesville,VA,US,2020-03-03,hundreds,200,,200,,,general protestors,for allowing undocumented immigrants to get drivers licenses,1,march,0,0,0,0,1,1,https://www.nbc29.com/2020/03/04/hundreds-charlottesville-march-drivers-licenses-undocumented-immigrants/,,,,
Chesterfield,schools across the county,Chesterfield,VA,US,2020-03-03,,,,,,,teachers,for higher pay for teachers,0,walk-out,0,0,0,0,1,1,https://www.nbc12.com/2020/03/04/chesterfield-teachers-walk-out-protest-pay-increase/,,,,
Chula Vista,Sweetwater Union High School Union office,San Diego,CA,US,2020-03-03,,,,,,,parents,oppose school budget cuts,0,protest,0,0,0,0,1,1,https://www.sandiegouniontribune.com/communities/san-diego/story/2020-03-03/students-walk-out-of-sweetwater-schools-to-protest-cuts,,,,
Chula Vista,Eastlake High School; Otay Ranch High School; Castle Park High School; Hilltop Senior High School; Palomar High School,San Diego,CA,US,2020-03-03,hundreds,200,,200,,,students,oppose school budget cuts,0,walk-out,0,0,0,0,0,1,https://www.sandiegouniontribune.com/communities/san-diego/story/2020-03-03/students-walk-out-of-sweetwater-schools-to-protest-cuts,,,,
Cortland,"Corey Union, SUNY Cortland campus",Cortland,NY,US,2020-03-03,about 40,40,,40,,,United University Professions,greater funding for higher education,0,rally,0,0,0,0,1,1,https://cortlandstandard.net/2020/03/04/suny-rally-backs-more-aid/,,,,
Los Angeles,,Los Angeles,CA,US,2020-03-03,,,,,,,Biden campaign,for Joe Biden for president,1,rally,0,0,0,0,1,1,https://www.usatoday.com/story/news/politics/elections/2020/03/03/super-tuesday-protester-tries-rush-stage-during-joe-biden-speech/4948370002/,,,,
Los Angeles,,Los Angeles,CA,US,2020-03-03,,2,,2,,,Direct Action Everywhere,"for animal rights, let dairy die",0,counter-protest,0,0,0,0,0,1,https://www.usatoday.com/story/news/politics/elections/2020/03/03/super-tuesday-protester-tries-rush-stage-during-joe-biden-speech/4948370002/,,,,
National City,Sweetwater High School,San Diego,CA,US,2020-03-03,,,,,,,students,oppose school budget cuts,0,walk-out,0,0,0,0,1,1,https://www.sandiegouniontribune.com/communities/san-diego/story/2020-03-03/students-walk-out-of-sweetwater-schools-to-protest-cuts,,,,
Pine Prarie,Pine Prarie ICE Processing Center,,LA,US,2020-03-03,,43,,43,,,detainees,"against poor conditions in ICE facility, against broken asylum process",0,hunger strike,0,0,0,0,1,1,https://perilouschronicle.com/2020/03/03/asylum-seekers-from-cameroon-launch-hunger-strike-in-ice-detention/,,,,
San Diego,Mar Vista High School; Montgomery High School,San Diego,CA,US,2020-03-03,,,,,,,students,oppose school budget cuts,0,walk-out,0,0,0,0,1,1,https://www.sandiegouniontribune.com/communities/san-diego/story/2020-03-03/students-walk-out-of-sweetwater-schools-to-protest-cuts,,,,
San Francisco,Tartine Manufactory,San Francisco,CA,US,2020-03-03,,,,,,,bakery employees,for collective bargaining rights,0,rally,0,0,0,0,1,1,https://www.sfchronicle.com/food/article/Bay-Area-Tartine-Bakery-workers-accuse-owners-of-15102900.php#photo-19122735,,,,
Saratoga Springs,Saratoga Springs Post Office,Saratoga,NY,US,2020-03-03,count pic,3,,3,,,#MeToo activists,"pro-#MeToo; anti-Harvey Weinstein, for women's rights, against sexual assault",1,rally,0,0,0,0,1,1,https://www.saratogian.com/news/snapshot-local-metoo-members-rally-to-thank-women-who-fought/article_da5a4814-5cdf-11ea-bc58-bf78d6163c97.html,,,,
Sun City Center,community hall,Hillsborough,FL,US,2020-03-03,more than 20,20,,20,,,community protestors,anti-social services cuts,1,protest,0,0,0,0,1,1,https://www.wmnf.org/bill-barr-unveils-elder-fraud-hotline-protesters-greet-him-and-kellyanne-conway/,,,,
Tallahassee,Florida House of Representatives,Leon,FL,US,2020-03-03,,,,,,,union members,"for unions, for collective bargaining rights",1,protest,0,0,0,0,1,1,https://www.wtxl.com/news/local-news/workers-rally-against-union-bill-proposed-in-florida-house,,,,
Albany,Convention Center,Albany,NY,US,2020-03-04,,,,,,,New York State Nurses Association,for safer staffing ratios and stronger healthcare programs,0,rally,0,0,0,0,1,1,https://www.news10.com/news/albany-county/new-york-nurses-to-rally-for-healthcare-on-tuesday/,https://www.facebook.com/nynurses/posts/10157643786091690?__tn__=-R,,,
Annapolis,State Capitol,Anne Arundel,MD,US,2020-03-04,"more than 1,000",1000,,1000,,,students,for more funding for the BOOST school scholarship program,0,protest,0,0,0,0,1,1,https://www.wbaltv.com/article/maryland-nonpublic-school-students-rally-in-annapolis-for-more-education-money/31228754,,,,
Chula Vista,Eastlake High School,San Diego,CA,US,2020-03-04,,,,,,,Sweetwater Union High School District teachers,oppose teacher layoff,0,rally,0,0,0,0,1,1,https://www.10news.com/news/local-news/south-bay-news/teachers-to-rally-at-eastlake-high-school-in-chula-vista-against-sweetwater-districts-layoff-plan,,,,
Columbia,South Carolina Statehouse,,SC,US,2020-03-04,thousands,2000,,2000,,,general protestors; SC for Ed teacher advocacy group,for greater teacher benefits,0,protest,0,0,0,0,1,1,https://www.postandcourier.com/news/sc-for-ed-calls-for-a-nd-major-protest-at/article_b890a13a-5fb2-11ea-9cd0-a7aa7519f238.html,,,,
Detroit,Detroit Metro Airport's McNamara Terminal,Wayne,MI,US,2020-03-04,about 100,100,,100,,,SEIU,for higher pay for airline workers,0,rally,0,0,0,0,1,1,https://www.michiganadvance.com/2020/03/05/union-rallies-to-secure-15-wage-for-detroit-airport-workers/,,,,
Hackensack,Bergen County courthouse,Bergen,NJ,US,2020-03-04,about 25,25,,25,,,general protestors,anti-ICE; pro-criminal justice reform,1,rally,0,0,0,0,1,1,https://www.northjersey.com/story/news/new-jersey/2020/03/04/advocates-rally-around-three-men-detained-ice-bergen-jail/4648439002/,,,,
Los Angeles,Hall of Justice,Los Angeles,CA,US,2020-03-04,,,,,,,Black Lives Matter LA,"against police brutality, for police accountability, Black Lives Matter, against District Attorney Jackie Lacey",1,protest,,,,,1,1,https://www.cnn.com/2020/07/10/us/jackie-lacey-la-da-black-lives-matter/index.html,https://www.newyorker.com/magazine/2020/11/16/after-years-of-protests-every-wednesday-la-activists-welcome-a-new-da,,,
New York,"City Hall, Manhattan",,NY,US,2020-03-04,hundreds,200,,200,,,taxi drivers,seek reimbursement for loaned taxi medallions,0,protest,0,0,0,0,1,1,https://www.pix11.com/news/local-news/nyc-taxi-drivers-rally-in-favor-of-bailout-over-medallions,,,,
New Orleans,downtown office building due to rain-out,New Orleans,LA,US,2020-03-04,about 50,50,,50,,,general protestors,pro-abortion rights,1,rally,0,0,0,0,1,1,https://www.nola.com/news/healthcare_hospitals/article_3614d854-5e48-11ea-90c6-6713593ba928.html,,,,
Springfield,State Capitol Rotunda,Sangamon,IL,US,2020-03-04,hundreds,200,,200,,,general protestors,"pro-Clean Energy Jobs Act, for climate action",1,protest,0,0,0,0,1,1,https://www.dailyherald.com/business/20200305/many-interests-at-play-in-energy-overhaul-discussions-at-state-capitol,,,,
Washington,Supreme Court,DC,DC,US,2020-03-04,around 3500 to 4000,3500,,4000,,,Center for Reproductive Rights; general protestors,pro-abortion rights,1,rally,0,0,0,0,1,1,https://www.nbcnews.com/politics/supreme-court/pro-abortion-demonstrators-rally-outside-supreme-court-major-case-heard-n1149966,,,,
Washington,Supreme Court,DC,DC,US,2020-03-04,,,,,,,Louisiana Right to Life,anti-abortion,2,counter-protest,0,0,0,0,0,1,https://www.nbcnews.com/politics/supreme-court/pro-abortion-demonstrators-rally-outside-supreme-court-major-case-heard-n1149966,,,,
Augusta,State House,Kennebec,MA,US,2020-03-05,a few dozen,36,,36,,,general protestors,greater access to dental care,0,rally,0,0,0,0,1,1,https://www.wabi.tv/content/news/Folks-rally-at-the-State-House-for-lawmakers-to-support-expanded-dental-care-568535231.html,,,,
Berkeley,Sproul Plaza to the Campanile to Doe Library to California Hall,,CA,US,2020-03-05,more than 1100,1100,,1100,,,UC Berkeley students,for higher pay for graduate student workers,0,protest,0,0,0,0,1,1,https://www.dailycal.org/2020/03/06/united-we-bargain-more-than-1000-students-protest-in-support-of-cola/,,,,
Boston,Northeastern University campus,,MA,US,2020-03-05,,,,,,,Holi Against Hindutva chapter,against India Prime Minister Narendra Modi,0,protest,0,0,0,0,1,1,https://www.americanbazaaronline.com/2020/03/02/21-us-universities-to-protest-against-violence-in-india-on-march-5/,,,,
Boston,from site of Boston Massacre to Faneuil Hall,,MA,US,2020-03-05,,,,,,,Black and Native American groups,"for renaming Faneuil Hall after Crispus Attucks, for changing state flag and seal, against racism, for native peoples' rights",1,protest,0,0,0,0,0,1,https://www.gloucestertimes.com/news/local_news/tributes-protest-mark-th-anniversary-of-boston-massacre/article_cb7950b9-8202-5fa6-a25c-0f0f7445664b.html,,,,
Cambridge,Harvard Yard,Middlesex,MA,US,2020-03-05,count pic,10,,10,,,Students Against Hindutva,against India Prime Minister Narendra Modi,0,protest,0,0,0,0,1,1,https://religionnews.com/2020/03/06/we-are-reclaiming-holi-college-students-protest-hindu-nationalism-with-a-blackout-holi/,,,,
Chicago,University of Chicago campus,Cook,IL,US,2020-03-05,,,,,,,Holi Against Hindutva chapter,against India Prime Minister Narendra Modi,0,protest,0,0,0,0,1,1,https://www.americanbazaaronline.com/2020/03/02/21-us-universities-to-protest-against-violence-in-india-on-march-5/,,,,
Claremont,Pomona College campus; Scripps College campus; Claremont McKenna campus; Harvey Mudd College campus; Pitzer College campus,,CA,US,2020-03-05,,,,,,,Holi Against Hindutva chapter,against India Prime Minister Narendra Modi,0,protest,0,0,0,0,1,1,https://www.americanbazaaronline.com/2020/03/02/21-us-universities-to-protest-against-violence-in-india-on-march-5/,,,,
Davis,UC Davis campus,Yolo,CA,US,2020-03-05,,,,,,,Holi Against Hindutva chapter,against India Prime Minister Narendra Modi,0,protest,0,0,0,0,1,1,https://www.americanbazaaronline.com/2020/03/02/21-us-universities-to-protest-against-violence-in-india-on-march-5/,,,,
Denver,State Capitol,Denver,CO,US,2020-03-05,dozens,24,,24,,,school-kids; Dream Tank; Plastic Free Colorado; Fairview High School,"for banning plastics, for environmental protection",1,protest,0,0,0,0,1,1,https://www.coloradopolitics.com/legislature/youth-pollution-learning-and-lobbying-day-draws-dozens-of-school/article_eba96dd2-5f1b-11ea-9113-67f3443143ba.html,,,,
Durham,Duke University campus,Durham,NC,US,2020-03-05,,,,,,,Holi Against Hindutva chapter,against India Prime Minister Narendra Modi,0,protest,0,0,0,0,1,1,https://www.americanbazaaronline.com/2020/03/02/21-us-universities-to-protest-against-violence-in-india-on-march-5/,,,,
East Lansing,Michigan State campus,Ingham,MI,US,2020-03-05,,,,,,,Holi Against Hindutva chapter,against India Prime Minister Narendra Modi,0,protest,0,0,0,0,1,1,https://www.americanbazaaronline.com/2020/03/02/21-us-universities-to-protest-against-violence-in-india-on-march-5/,,,,
Great Barrington,Bard College at Simon's Rock campus,Berkshire,MA,US,2020-03-05,,,,,,,Holi Against Hindutva chapter,against India Prime Minister Narendra Modi,0,protest,0,0,0,0,1,1,https://www.americanbazaaronline.com/2020/03/02/21-us-universities-to-protest-against-violence-in-india-on-march-5/,,,,
Hanover,Dartmouth University campus,Grafton,NH,US,2020-03-05,,,,,,,Holi Against Hindutva chapter,against India Prime Minister Narendra Modi,0,protest,0,0,0,0,1,1,https://www.americanbazaaronline.com/2020/03/02/21-us-universities-to-protest-against-violence-in-india-on-march-5/,,,,
Ithaca,Cornell University,Tompkins,NY,US,2020-03-05,,,,,,,Holi Against Hindutva chapter,against India Prime Minister Narendra Modi,0,protest,0,0,0,0,1,1,https://www.americanbazaaronline.com/2020/03/02/21-us-universities-to-protest-against-violence-in-india-on-march-5/,,,,
Laredo,Texas A&M International University campus,Webb,TX,US,2020-03-05,,,,,,,League of Empowered Women; Club de Espanol Siglo XXI,for women's rights,1,march,0,0,0,0,1,1,https://www.lmtonline.com/local/article/TAMIU-holds-feminist-March-for-Women-s-Day-15117474.php,,,,
Los Angeles,UCLA campus,Los Angeles,CA,US,2020-03-05,,,,,,,Holi Against Hindutva chapter,against India Prime Minister Narendra Modi,0,protest,0,0,0,0,1,1,https://dailybruin.com/2020/03/06/students-gather-on-campus-to-protest-indias-citizenship-amendment-act/,,,,
New Brunswick,Rutgers University campus,Middlesex,NJ,US,2020-03-05,,,,,,,Holi Against Hindutva chapter,against India Prime Minister Narendra Modi,0,protest,0,0,0,0,1,1,https://www.americanbazaaronline.com/2020/03/02/21-us-universities-to-protest-against-violence-in-india-on-march-5/,,,,
New Haven,Yale University,New Haven,CT,US,2020-03-05,,,,,,,Holi Against Hindutva chapter,against India Prime Minister Narendra Modi,0,protest,0,0,0,0,1,1,https://www.americanbazaaronline.com/2020/03/02/21-us-universities-to-protest-against-violence-in-india-on-march-5/,,,,
New York,Hachette Book Store offices,Bronx,NY,US,2020-03-05,,,,,,,"staff at Little, Brown, and Co. ",against publication of Woody Allen memoir; #MeToo,1,walkout,0,0,0,0,1,1,https://www.tri-cityherald.com/entertainment/article240940291.html,,,,
New York,Columbia University campus,New York,NY,US,2020-03-05,,,,,,,Holi Against Hindutva chapter,against India Prime Minister Narendra Modi,0,protest,0,0,0,0,0,1,https://www.americanbazaaronline.com/2020/03/02/21-us-universities-to-protest-against-violence-in-india-on-march-5/,,,,
Norristown,Montgomery County Courthouse,Montgomery,PA,US,2020-03-05,about 125,125,,125,,,general protestors,pro-ciminal justice reform,1,protest,0,0,0,0,1,1,https://www.pottsmerc.com/news/fired-montco-public-defenders-draw-support-at-rally-and-commissioners/article_f5dc72fa-5f1f-11ea-a0f0-e7d356345f67.html,,,,
Philadelphia,UPenn campus,Philadelphia,PA ,US,2020-03-05,,,,,,,Holi Against Hindutva chapter,against India Prime Minister Narendra Modi,0,protest,0,0,0,0,1,1,https://www.americanbazaaronline.com/2020/03/02/21-us-universities-to-protest-against-violence-in-india-on-march-5/,,,,
Phoenix,Arizona Veterans Memorial Coliseum,Maricopa,AZ,US,2020-03-05,hundreds,200,,200,,,general protesters,"for Bernie Sanders for president, for universal healthcare, for collective bargaining rights",1,rally,0,0,0,0,1,1,https://www.azcentral.com/story/news/politics/elections/2020/03/05/bernie-sanders-hosts-1st-phoenix-rally-2020-election-season/4958334002/,,,,
Phoenix,Arizona Veterans Memorial Coliseum,Maricopa,AZ,US,2020-03-05,about a dozen,12,,12,,,Trump supporters,"against Bernie Sanders for president, for President Trump, for Nazis",2,counter-protest,0,0,0,0,0,1,https://www.azcentral.com/story/news/politics/elections/2020/03/05/bernie-sanders-hosts-1st-phoenix-rally-2020-election-season/4958334002/,,,One of the anti-Sanders supporters displayed a Nazi flag,
Phoenix,Arizona Veterans Memorial Coliseum,Maricopa,AZ,US,2020-03-05,a handful,5,,5,,,general protesters,against abortion,2,counter-protest,0,0,0,0,0,1,https://www.azcentral.com/story/news/politics/elections/2020/03/05/bernie-sanders-hosts-1st-phoenix-rally-2020-election-season/4958334002/,,,,
Princeton,Princeton University campus,Mercer,NJ,US,2020-03-05,,,,,,,Holi Against Hindutva chapter,against India Prime Minister Narendra Modi,0,protest,0,0,0,0,1,1,https://www.americanbazaaronline.com/2020/03/02/21-us-universities-to-protest-against-violence-in-india-on-march-5/,,,,
Providence,Brown University campus,Providence,RI,US,2020-03-05,,,,,,,Holi Against Hindutva chapter,against India Prime Minister Narendra Modi,0,protest,0,0,0,0,1,1,https://www.americanbazaaronline.com/2020/03/02/21-us-universities-to-protest-against-violence-in-india-on-march-5/,,,,
San Diego,UC San Diego campus,San Diego,CA,US,2020-03-05,,,,,,,Holi Against Hindutva chapter,against India Prime Minister Narendra Modi,1,protest,0,0,0,0,1,1,https://www.americanbazaaronline.com/2020/03/02/21-us-universities-to-protest-against-violence-in-india-on-march-5/,,,,
Santa Barbara,Storke Plaza,Santa Barbara,CA,US,2020-03-05,,,,,,,California Public Interest Research Group students,"anti-oil drilling; anti-fracking, for environmental protection",1,protest,0,0,0,0,1,1,https://newspress.com/local/2020/ucsb-students-protest-oil-drilling-fracking/,,,,
Santa Cruz,Family Student Housing,Santa Cruz,CA,US,2020-03-05,,,,,,,UC Santa Cruz students,for higher pay for graduate student workers,0,protest,0,0,0,0,1,1,https://www.santacruzsentinel.com/2020/03/05/ucsc-cancels-classes-shutters-services-as-demonstrators-block-roadways/,,,,
Scranton,Scranton Cultural Center,Lackawanna,PA,US,2020-03-05,,,,,,,Trump supporters,for President Trump,2,rally,0,0,0,0,1,1,https://www.timesleader.com/news/775224/anti-trump-protesters-line-up-streets,,,,
Scranton,Scranton Cultural Center,Lackawanna,PA,US,2020-03-05,dozens,24,,24,,,anti-Trump protesters,against President Trump,1,counter-protest,0,0,0,0,0,1,https://www.timesleader.com/news/775224/anti-trump-protesters-line-up-streets,,,,
Saint Paul,InterContinental Saint Paul Riverfront,Ramsey County,MN,US,2020-03-05,,,,,,,Anti-War Committee; Climate Justice Committee,anti-Mike Pence; anti-bigotry,1,protest,0,0,0,0,1,1,http://www.fightbacknews.org/2020/3/4/minnesota-protest-vice-president-pence-appearance,,,,
Syracuse,Syracuse University,Onondanga,NY,US,2020-03-05,about 100,100,,100,,,Faculty Action Collective,"in solidarity with #NotAgainSU, against racism and homophobia and antisemitism at Syracuse University, for resignation of university leadershi",1,march,0,0,0,0,1,1,http://ftp.dailyorange.com/2020/03/faculty-students-march-across-campus-support-notagainsu/,,,,
Urbana-Champaign,University of Illinois campus,Champaign,IL,US,2020-03-05,,,,,,,Holi Against Hindutva chapter,against India Prime Minister Narendra Modi,0,protest,0,0,0,0,1,1,https://www.americanbazaaronline.com/2020/03/02/21-us-universities-to-protest-against-violence-in-india-on-march-5/,,,,
Washington,American University campus,DC,DC,US,2020-03-05,,,,,,,Holi Against Hindutva chapter,against India Prime Minister Narendra Modi,0,protest,0,0,0,0,1,1,https://www.americanbazaaronline.com/2020/03/02/21-us-universities-to-protest-against-violence-in-india-on-march-5/,,,,
Wellesley,Wellesley College campus,Norfolk,MA,US,2020-03-05,,,,,,,Holi Against Hindutva chapter,against India Prime Minister Narendra Modi,0,protest,0,0,0,0,1,1,https://www.americanbazaaronline.com/2020/03/02/21-us-universities-to-protest-against-violence-in-india-on-march-5/,,,,
West Lafayette,Purdue University campus,Tippencanoe,IN,US,2020-03-05,,,,,,,Holi Against Hindutva chapter,against India Prime Minister Narendra Modi,0,protest,0,0,0,0,1,1,https://www.americanbazaaronline.com/2020/03/02/21-us-universities-to-protest-against-violence-in-india-on-march-5/,,,,
Albuquerque,Eldorado High School,Bernalillo,NM,US,2020-03-06,,,,,,,general protestors,anti-abortion,2,protest,0,0,0,0,1,1,https://www.krqe.com/news/albuquerque-metro/police-called-after-pro-life-protesters-show-up-outside-eldorado-high-school/,,,,
Chicago,Nichols Park Fieldhouse to the Office of Rep. Curtis Tarver II,Cook,IL,US,2020-03-06,,,,,,,Lift the Ban coalition,pro-rent control,0,protest,0,0,0,0,1,1,https://twitter.com/CPDAction/status/1236029609478680576,,,,
Clinton,Buttrick Hall at Hamilton College,Madison,NY,US,2020-03-06,about 50,50,,50,,,students,for climate action,1,rally,0,0,0,0,1,1,https://madisoncountycourier.com/?p=111506,,,,
Detroit,TCF Center,Wayne,MI,US,2020-03-06,,,,,,,Detroit Voice for School Choice,pro-charter schools; ant-Bernie Sanders,2,protest,0,0,0,0,1,1,https://www.thecentersquare.com/michigan/charter-school-advocates-plan-protest-of-sen-sanders-detroit-appearance/article_d2d2a99c-5f2d-11ea-9c35-6b20c74eb26c.html,,,,
Duncan,Duncan High School,Comanche,OK,US,2020-03-06,dozens,24,,24,,,high school students,anti-sexual harassment,0,protest,0,0,0,0,1,1,https://www.swoknews.com/news/no-means-no-duncan-students-walkout-of-class-to-protest/article_f5a43797-f25c-59ac-ae72-9962474740ed.html,,,,
Great Falls,US District Court,Cascade,MT,US,2020-03-06,dozens,24,,24,,,general protestors,"anti-Keystone pipeline, for environmental protection",1,protest,0,0,0,0,1,1,https://www.greatfallstribune.com/story/news/2020/03/06/protesters-rally-against-keystone-pipeline-ahead-court-hearing-great-falls/4973897002/,,,,
Huntley,Huntley High School,McHenry,IL,US,2020-03-06,dozens; more than 50,24,,50,,,high school students,protest teacher dismissal,0,protest,0,0,0,0,1,1,https://www.nwherald.com/2020/03/06/huntley-high-school-students-conduct-peaceful-protest-in-support-of-coach-woo/autdsls/,,,,
Irvine,1900 Main Street,Orange,CA,US,2020-03-06,about 200,200,,200,,,custodial workers; Service Employees International Union United Service Workers West,anti-sexual assault,0,march,0,0,0,0,1,1,https://www.latimes.com/california/story/2020-03-06/irvine-march-sexual-assault-female-janitors,,,,
Los Angeles,GEO Group,Los Angeles,CA,US,2020-03-06,about two dozen,24,,24,,,Never Again Action,anti ICE; free immigrants from detainee camps,1,demonstration,0,0,0,0,1,1,https://hyperallergic.com/546892/never-again-action-purim-spiel-geo-group-protest/,,,,
Missoula,Caras Park,Missoula,MT,US,2020-03-06,approximately 70,70,,70,,,general protestors,"anti-Keystone pipeline, for environmental protection",1,protest,0,0,0,0,1,1,http://www.montanakaimin.com/news/demonstrators-protest-keystone-xl-pipeline-at-caras-park/article_a73d4762-6304-11ea-86c2-9b1d643c606b.html,,,,
New York,Foley Square,New York,NY,US,2020-03-06,,,,,,,general protestors,pro-immigrant; anti-ICE,1,protest,0,0,0,0,1,1,https://twitter.com/NewSanctuaryNYC/status/1235548734928424960,,,,
Newburgh,corner of Liberty Street and Broadway,Orange,NY,US,2020-03-06,about 100,100,,100,,,Newburgh residents,pro-police,2,rally,0,0,0,0,1,1,https://midhudsonnews.com/2020/03/07/community-rallies-in-support-of-newburgh-city-cops-firefighters/,,,,
Rexburg,BYU-Idaho campus,Madison,ID,US,2020-03-06,about 50,50,,50,,,student protestors,pro-LGBTQ rights,1,protest,0,0,0,0,1,1,https://www.eastidahonews.com/2020/03/lgbtq-supporters-protest-on-byu-idaho-campus-after-honor-code-clarification-fuels-anger/,,,,
Salt Lake City,from Temple Square to City Creek Park,Salt Lake,UT,US,2020-03-06,hundreds; more than 500,200,,500,,,BYU students; LGBTQ allies,pro-LGBTQ rights,1,protest,0,0,0,0,1,1,https://www.ksl.com/article/46726678/hundreds-protest-in-front-of-church-office-building-in-light-of-byu-clarifying-honor-code-changes,https://www.sltrib.com/news/2020/03/06/rally-by-lgbtq-students/,https://www.deseret.com/faith/2020/3/6/21167942/lgbt-byu-honor-code-students-rally-mormon-lds-salt-lake,,
San Diego,Sweetwater Union High School District,San Diego,CA,US,2020-03-06,,,,,,,students,against school budget cuts,0,protest,0,0,0,0,1,1,https://www.cbs8.com/article/news/education/students-in-sweetwater-union-high-school-district-to-hold-walkouts-to-protest-budget-cuts/509-164b04aa-8c66-486f-9d2d-5e859ce2d4ff,,,,
Washington,HUD,DC,DC,US,2020-03-06,over 100,100,,100,,,Housing Justice National Platform,for housing justice,1,protest,0,0,0,0,1,1,https://twitter.com/CPDAction/status/1235632775153106944,https://atlantadailyworld.com/2020/03/06/100-housing-activists-protest-trumps-racist-hud-actions/,,,
Wilmington,Warren Energy&Power to Peppertree Plaza near City Hall,Los Angeles,CA,US,2020-03-06,some 300,300,,300,,,Greenpeace USA; Fire Drill Fridays,for climate action,1,protest,0,0,0,0,1,1,https://www.dailybreeze.com/2020/03/06/jane-fonda-leads-celebrity-environmental-rally-from-san-pedro-to-wilmington/,,,,
Burlington,UVM Medical Center to Dartmouth Green,Chittenden,VT,US,2020-03-07,,,,,,,Medicaid recipients and supporters,against privatization of health care,1,protest,0,0,0,0,1,1,https://www.wcax.com/content/news/Medicaid-recipients-supporters-to-rally--568589111.html,,,,
Catskill,,,,US,2020-03-07,,,,,,,community members,pro racial diversity and inclusion,1,march,,,,,,,https://www.hudsonvalley360.com/news/greenecounty/catskill-to-march-for-diversity/article_8ff38071-b5a8-52bc-94b8-d0aa1ef427f5.html,,,,
Chapel Hill,Peace and Justice Plaza,Orange,NC,US,2020-03-07,NA,1,,1,,,general protesters,"against removal of Confederate statue on University of North Carolina campus, against communism",2,protest,0,0,0,0,1,1,https://www.dailytarheel.com/article/2020/03/peaceandjustice-demonstration-0307,,,,
Chapel Hill,Peace and Justice Plaza,Orange,NC,US,2020-03-07,about 40,40,,40,,,students,"for removal of Confederate statue on University of North Carolina campus, against racism",1,counter-protest,0,0,0,0,0,1,https://www.dailytarheel.com/article/2020/03/peaceandjustice-demonstration-0307,,,,
Cheyenne,Wyoming Supreme Court Building,Laramie,WY,US,2020-03-07,around 50,50,,50,,,women protestors; Zonta Club; Grace Union Methodist Church,anti domestic violence,0,rally,0,0,0,0,1,1,https://www.wyomingnews.com/news/local_news/domestic-violence-rally-speakers-focus-on-women-of-color-during/article_64800b8c-252b-56c1-a53b-0a6331b1af1a.html,,,,
Corpus Christi,downtown,Nueces,TX,US,2020-03-07,more than a hundred,100,,100,,,general protestors,pro-women's rights,1,march,0,0,0,0,1,1,https://www.caller.com/story/news/local/2020/03/07/corpus-christi-marches-celebrate-100-years-women-voting/4986688002/,,,,
Grand Island,Fantasy Island Park,Hall,NY,US,2020-03-07,,,,,,,former Fantasy Island workers,protest amusement park closure,0,protest,0,0,0,0,1,1,https://www.wivb.com/news/local-news/former-fantasy-island-workers-protest-parks-closure/,,,,
Grays Creek,outside Chemours Chemical Plant,Cumberland; Bladen,NC,US,2020-03-07,about 30,30,,30,,,local activists,anti-chemical plant; pro-clean water; for environmental protection,1,protest,0,0,0,0,1,1,https://www.fayobserver.com/news/20200307/anti-genx-chemical-protesters-demand-clean-water,,,,
Jefferson City,State Capitol,Cole,MO,US,2020-03-07,hundreds,200,,200,,,drag performers; LGBTQ allies,"protest bill banning drag performers in libraries, for LGBTQ+ rights",1,protest,0,0,0,0,1,1,https://www.columbiamissourian.com/news/local/hundreds-show-up-to-capitol-to-protest-and-praise-library/article_30158b80-60c6-11ea-98d1-17b7dead5d79.html,,,,
Jefferson City,State Capitol,Cole,MO,US,2020-03-07,about a dozen,12,,12,,,general protestors,"support anti-drag bill, against LGBTQ+ rights",2,counter-protest,0,0,0,0,0,1,https://www.columbiamissourian.com/news/local/hundreds-show-up-to-capitol-to-protest-and-praise-library/article_30158b80-60c6-11ea-98d1-17b7dead5d79.html,,,,
Kansas City,World War I Memorial,Jackson,MO,US,2020-03-07,at least 1000 ,1000,,1000,,,Biden campaign,for Joe Biden for president,1,rally,0,0,0,0,1,1,https://www.columbiamissourian.com/news/elections/as-biden-preaches-unity-in-kansas-city-protesters-criticize-housing/article_0d64dae4-60d7-11ea-8109-ef563f864373.html,,,,
Kansas City,World War I Memorial,Jackson,MO,US,2020-03-07,,,,,,,Bernie supporters,"against Biden for president, for Bernie Sanders for president",1,counter-protest,0,0,0,0,0,1,https://www.columbiamissourian.com/news/elections/as-biden-preaches-unity-in-kansas-city-protesters-criticize-housing/article_0d64dae4-60d7-11ea-8109-ef563f864373.html,,,,
New York,Manhattan temple of the Church of Jesus Christ of Latter-day Saints,New York,NY,US,2020-03-07,50 to 60,50,,60,,,NYC students ,pro-LGBTQ rights,1,protest,0,0,0,0,1,1,https://www.sltrib.com/news/2020/03/08/new-yorkers-rally-support/,,,,
Owosso,Owosso City Hall,Shiawassee,MI,US,2020-03-07,30 to 40,30,,40,,,Bernie supporters,for Bernie Sanders for president,1,rally,0,0,0,0,1,1,https://www.argus-press.com/news/community/owosso/article_cbc1202c-81f0-54ae-b77a-441cae282acf.html,,,,
Roanoke,downtown,Roanoke,VA,US,2020-03-07,hundreds,200,,200,,,general protestors,pro-women's rights,1,march,0,0,0,0,1,1,https://www.wdbj7.com/content/news/Roanoke-community-celebrates-International-Women-568596881.html,,,,
Roseburg,Douglas County Fairgrounds Community Conference Hall,Douglas County,OR,US,2020-03-07,,,,,,,Greater Idaho Project,"for Greater Idaho, for conservative values",2,rally,0,0,0,0,1,1,https://www.nrtoday.com/news/elections/greater-idaho-supporters-to-rally-at-fairgrounds-saturday/article_d09230c6-ae66-50e3-a7b0-1cda5cbcbeac.html,,,,
San Antonio,San Antonio Housing Authority,Bexar,TX,US,2020-03-07,NA,20,,20,,,tenants,protest landlord and living conditions,0,protest,0,0,0,0,1,1,https://www.kens5.com/article/news/local/saha-protest/273-c40ecf47-edfc-4217-b103-48a09c5a900e,,,,
South Bend,First United Methodist Church to County City Building,St. Joseph,IN,US,2020-03-07,,,,,,,Faith in Indiana,"for police accountability, against police violence, for justice for Eric Logan, Black Lives Matter",1,rally,0,0,0,0,1,1,https://www.wndu.com/content/news/Faith-community-holds-rally--568601291.html,,,,
St. Louis,,St. Louis,MO,US,2020-03-07,,,,,,,Biden campaign,for Joe Biden for president,1,rally,0,0,0,0,1,1,https://www.bnd.com/news/politics-government/election/article240992571.html,,,,
St. Louis,,St. Louis,MO,US,2020-03-07,,,,,,,dairy protestors,pro-animal rights,1,counter-protest,0,0,0,0,0,1,https://www.bnd.com/news/politics-government/election/article240992571.html,,,,
St. Louis,outside Planned Parenthood to Gateway Arch,St. Louis,MO,US,2020-03-07,,,,,,,abortion protestors,anti-abortion,2,protest,0,0,0,0,0,1,https://www.kmov.com/news/abortion-opponents-rally-outside-planned-parenthood-in-st-louis/article_4fd77284-60ef-11ea-a906-633a9106f59f.html,,,,
Walla-Walla,Market Station Transit Center to Main Street,Walla Walla,WA,US,2020-03-07,hundreds,200,,200,,,general protestors,pro-women's rights,1,march,0,0,0,0,1,1,https://www.union-bulletin.com/things_to_do/women-s-march-forges-ahead-saturday-despite-virus-concerns/article_d554fb41-fcc3-5c9a-ad10-35451dcebcb6.html,https://www.union-bulletin.com/photos_video/women-s-march/image_8ae6a45f-9aeb-59d2-908f-e07b000f3623.html,,,
Winston-Salem,Forsyth County Central Library,Forsyth County,NC,US,2020-03-07,,,,,,,behavioral-health advocates,pro-disability benefits,0,rally,0,0,0,0,1,1,https://www.journalnow.com/news/local/advocates-plan-rally-to-raise-awareness-of-waiting-list-for/article_e4c355c2-b621-5de5-bdbe-35996f13025e.html,,,,
Baltimore,City Hall,Baltimore,MD,US,2020-03-08,,,,,,,minority construction contractors,oppose bill that would give unions more power in construction industry,0,protest,0,0,0,0,1,1,https://www.baltimoresun.com/politics/bs-md-ci-project-labor-agreement-bill-protest-20200309-lftfe3spgbfp3i4y6ukk4cspom-story.html,,,,
Detroit,Detroit Renaissance,Wayne,MI,US,2020-03-08,about 25,25,,25,,,Bernie supporters,pro-Green New Deal; anti-NAFTA,1,protest,0,0,0,0,1,1,https://www.fox29.com/news/nafta-green-new-deal-protesters-disrupt-joe-biden-detroit-rally,,,,
Geneva,574 S. Main St. to Bicentennial Park,Ontario County,NY,US,2020-03-08,,,,,,,general protestors,pro-women's rights,1,march,0,0,0,0,1,1,https://www.fltimes.com/news/geneva-women-s-assembly-to-march-rally-sunday/article_231e8407-1deb-5e9e-b87b-0039891dd025.html,,,,
Guilderland,Crossgates Mall,Albany,NY,US,2020-03-08,,,,,,,Justice for the Hundred,pro-animal rights,0,protest,0,0,0,0,1,1,https://www.news10.com/news/peaceful-protest-planned-to-expose-pet-zone/,,,,
New Orleans,New Orleans City Hall,Orleans,LA,US,2020-03-08,,,,,,,New Orleans Hospitality Workers Alliance; New Orleans Peoples Assembly,for higher pay for women,1,protest,0,0,0,0,1,1,https://www.wdsu.com/article/group-holds-rally-and-march-supporting-higher-pay-for-women/31274666,,,,
Oil City,Christ Episcopal Church parish hall,Venango,PA,US,2020-03-08,over 200,200,,200,,,Oil City YWCA; Oil City-Franklin Zonta Club,pro women's empowerment,1,rally,0,0,0,0,1,1,http://clarionextra.com/family-themed-rally-will-feature-several-speakers,https://www.thederrick.com/free/empowering-women/article_1f22d986-65ee-11ea-90bc-87c74612a2e6.html,,,
Richmond,State Capitol,Richmond,VA,US,2020-03-08,hundreds,200,,200,,,ERA supporters,pro-Equal Rights Amendment,1,march,0,0,0,0,1,1,https://www.wtvr.com/news/local-news/era-supporters-march-to-virginia-capitol-on-international-womens-day,,,,
Salem,Oregon State Capitol,Marion,OR,US,2020-03-08,,700,,700,,,general marchers,pro-gender equality; International Women's Day,0,march,0,0,0,0,1,1,https://www.kptv.com/news/hundreds-attend-women-s-march-in-salem-on-international-women/article_4084b9b8-61a8-11ea-8fb4-5fa8a0fe2308.html,https://www.statesmanjournal.com/story/news/holdingcourt/2020/03/04/womens-march-40-days-life-rally-set-salem-events-holding-court/4903857002/,,,
Salem,Planned Parenthood,Marion,OR,US,2020-03-08,,,,,,,40 Days for Life,anti-abortion,2,demonstration,0,0,0,0,0,1,https://www.keizertimes.com/posts/1253/pro-life-rally-planned-in-salem-march-8,,,,
San Diego,Kennedy Neighborhood Park; Euclid and Logan,San Diego,CA,US,2020-03-08,hundreds,200,,200,,,black women,pro-women's rights; anti-police brutality; anti Black incarceration,1,march,0,0,0,0,1,1,https://www.sandiegouniontribune.com/communities/san-diego/story/2020-03-08/third-annual-march-for-black-women-focuses-in-violence-economic-justice,,,,
Tempe,Tempe Beach Park,Maricopa,AZ,US,2020-03-08,,,,,,,general protestors,pro-women's rights,1,march,0,0,0,0,1,1,https://www.azcentral.com/story/entertainment/events/2020/03/07/international-womens-day-2020-events-phoenix/4980193002/,,,,
Boston,state transportation offices,Suffolk,MA,US,2020-03-09,at least 100,100,,100,,,MBTA workers,anti-privatization; protest public transit staff cuts,0,protest,0,0,0,0,1,1,https://www.bostonglobe.com/2020/03/09/metro/mbta-workers-protest-maintenance-staffing-shortfalls/,,,,
New York City,Flatbush restaurant,Kings,NY,US,2020-03-09,more than a dozen,12,,12,,,community protestors,anti-ICE,1,protest,0,0,0,0,1,1,https://www.pix11.com/news/local-news/brooklyn/sister-of-brooklyn-restaurant-employee-detained-by-ice-officers-pleads-for-workers-release,,,,
Charleston,TransCanada Energy building,Kanawha,WV,US,2020-03-09,about three dozen,36,,36,,,Appalachians Against Pipelines,anti-pipeline; pro-indigenous people rights; for environmental protection,0,protest,0,0,0,0,1,1,https://kobi5.com/news/protesters-rally-against-west-virginia-pipeline-123459/,,,,
El Paso,Bowie High School; Chamizal National Memorial,El Paso,TX,US,2020-03-09,about 70,70,,70,,,Border Network for Human Rights; Familias Unidas del Chamizal; Centro Sin Fronteras; La Mujer Obrera,against violence against Mexican women; pro-immigration,1,protest,0,0,0,0,1,1,https://www.elpasotimes.com/story/news/local/el-paso/2020/03/10/el-paso-demand-justice-womens-murders-juarez-mexico/4974401002/,,,,
Harrisburg,State Capitol,Dauphin,PA,US,2020-03-09,,,,,,,environmental activist groups,"anti-natural gas; anti corporate tax breaks, for environmental protection",0,protest,0,0,0,0,1,1,https://www.timesonline.com/news/20200309/groups-rally-against-tax-breaks-for-petrochemical-manufacturers,https://www.penncapital-star.com/energy-environment/what-two-rallies-say-about-the-fight-over-a-natural-gas-tax-credit-analysis/,,,
Hartford,State Supreme Court,Hartford,CT,US,2020-03-09,about 50,50,,50,,,Connecticut Immigrant Rights Alliance,pro-immigrant; anti-ICE,1,protest,0,0,0,0,1,1,https://www.facebook.com/events/644681983016463/,https://www.ctinsider.com/local/ctpost/article/Fifty-protest-ICE-tactics-in-state-courts-15118208.php,,,
Lake Havasu City,Telesis Academy of Science and Math,Mohave,AZ,US,2020-03-09,approximately 50,50,,50,,,student protestors,protest dismissal of teacher,0,protest,0,0,0,0,1,1,https://www.havasunews.com/news/students-suspended-for-protest-of-telesis-teacher-s-dismissal/article_f546cfbe-629b-11ea-aff6-d7a61aa21860.html,,,,
Norman,University of Oklahoma South Oval,Cleveland,OK,US,2020-03-09,count pic,6,,6,,,student protestors,"protest gender-based violence, for women's rights",0,demonstration,0,0,0,0,1,1,www.oudaily.com/news/demonstrators-on-south-oval-protest-violence-against-women/article_ecf9a538-621f-11ea-a939-2334b9a8aa61.html,,,,
Palo Alto,Stanford University campus,Santa Clara,CA,US,2020-03-09,count pic,9,,9,,,Students Against War; Multo Collective,against war,1,demonstration,0,0,0,0,1,1,https://www.stanforddaily.com/2020/03/10/students-curse-condoleezza-rice-at-hoover-demonstration/,,,,
Rexburg,near BYU-Idaho campus,Madison,ID,US,2020-03-09,small handful; count pic,5,,5,,,student protestors,"anti-same sex marriage, against LGBTQ+ rights",2,counter-protest,0,0,0,0,1,1,https://www.eastidahonews.com/2020/03/counter-protesters-join-demonstrations-near-byu-idaho/,,,,
Rexburg,near BYU-Idaho campus,Madison,ID,US,2020-03-09,dozens,24,,24,,,student protestors,pro-LGBTQ rights,1,protest,0,0,0,0,0,1,https://www.eastidahonews.com/2020/03/counter-protesters-join-demonstrations-near-byu-idaho/,,,,
Albany,Albany Capital Center,Albany,NY,US,2020-03-10,,,,,,,Families Together of New York,awareness for children's mental health issues,0,demonstration,0,0,0,0,1,1,https://www.news10.com/health/families-plan-demonstration-to-support-childrens-mental-health-programs/,,,,
Albany,Capitol,Albany,NY,US,2020-03-10,,,,,,,prisoners' rights advocates,pro-inmate rights; anti NY inmate labor,1,protest,0,0,0,0,0,1,https://news.wbfo.org/post/inmate-rights-groups-protest-use-prison-labor-states-new-hand-sanitizer,,,,
Frankfort,State Capitol,Franklin,KY,US,2020-03-10,,,,,,,"business, industry, and government leaders",raise state gas tax,0,protest,0,0,0,0,1,1,https://www.wdrb.com/in-depth/industry-group-rallies-for-higher-kentucky-gas-tax/article_320fa45a-62fd-11ea-9d2f-b7ae17cbd1b6.html,,,,
Frankfort,State Capitol,Franklin,KY,US,2020-03-10,,,,,,,general protestors,anti-gas tax hike,0,counter-protest,0,0,0,0,0,1,https://www.wdrb.com/in-depth/industry-group-rallies-for-higher-kentucky-gas-tax/article_320fa45a-62fd-11ea-9d2f-b7ae17cbd1b6.html,,,,
Kaimuki,Honolulu Hale,Honolulu,HI,US,2020-03-10,,,,,,,general protestors,anti-construction project,0,protest,0,0,0,0,1,1,https://www.kitv.com/story/41876340/kaimuki-businesses-protest-delay-in-parking-lot-construction,,,,
Minneapolis,State Capitol,Hennepin,MN,US,2020-03-10,hundreds,200,,200,,,disability advocates,pro-disability benefits,0,rally,0,0,0,0,1,1,https://minnesota.cbslocal.com/2020/03/10/hundreds-of-disability-advocates-rally-at-state-capitol/,,,,
Olympia,State Capitol,Thurston,WA,US,2020-03-10,about 50,50,,50,,,Protectors of the Salish Sea,pro-climate change legislation,1,protest,2,0,0,0,1,1,https://www.seattletimes.com/seattle-news/state-patrol-takes-power-tools-to-indigenous-structures-arrests-two-in-olympia-climate-protest/,,,,
Portland,Monument Square,Jay,OR,US,2020-03-10,about 15,15,,15,,,Tibetan community members,pro-TIbetan Independence,0,protest,0,0,0,0,1,1,https://www.pressherald.com/2020/03/11/area-protesters-mark-tibetan-uprising-day-in-portland/,,,,
Raleigh,at RPD chief's house,Wake,NC,US,2020-03-10,hundreds,200,,200,,,general protestors,"against racism, against police violence",1,protest,0,0,0,0,1,1,https://twitter.com/delaneypv15/status/1237565654917468161,http://www.newsminer.com/news/national/hundreds-protest-in-downtown-raleigh-after-man-shot-by-city/article_93d7fcb2-63bd-11ea-b20f-278000287348.html,https://www.nydailynews.com/news/ny-man-charged-after-police-shoot-him-20200311-mjlp64lunrgfxj6dpwxpnrh2fq-story.html,,
Saint Paul,"Bishop Henry Whipple Building, 1 Federal Dr",,MN,US,2020-03-10,,,,,,,Interfaith Coalition on Immigration,"in solidarity with migrant detainees, against inhumane detention practices",1,vigil,,,,,1,1,https://mnicom.org/programs/vigils/,https://mnicom.org/2020/02/12/march-2020-vigil/,,second Tuesday of every month,
Salt Lake City,Capitol,Salt Lake,UT,US,2020-03-10,,,,,,,Tibetan community members,pro-TIbetan Independence,0,march,0,0,0,0,1,1,https://www.deseret.com/utah/2020/3/10/21173325/utahs-tibetans-1959-uprising-march-salt-lake-city,,,,
Shenectady,County Legislature,Schenectady,NY,US,2020-03-10,,,,,,,community organizers,protest dismissal of Executive Director of county Human Rights Commission,0,protest,0,0,0,0,1,1,https://dailygazette.com/article/2020/03/06/questions-swirl-over-axed-human-rights-leader-as-county-seeks-replacement,,,,
Topeka,Kansas Senate,Shawnee,KS,US,2020-03-10,,,,,,,community protestors,seek Medicaid expansion; anti-abortion,2,protest,0,0,0,0,1,1,https://www.kansas.com/news/politics-government/article241069446.html,,,,
Wilkes-Barre,Best Western Plus Genetti Hotel and Conference Center,Luzerne,PA,US,2020-03-10,about 200,200,,200,,,laborers; business leaders; elected officials,pro-trade job expansion; pro-US manufacturing,0,protest,0,0,0,0,1,1,https://www.citizensvoice.com/news/yudichak-kaufer-rally-for-bill-to-establish-energy-and-fertilizer-manufacturing-tax-credit-1.2606001,,,,
Altoona,City Council,Blair,PA,US,2020-03-11,NA,15,,15,,,electricians,oppose relaxation of licensing qualifications for electricians,0,protest,0,0,0,0,1,1,https://www.altoonamirror.com/news/local-news/2020/03/licensing-proposal-sparks-protest/,,,,
Cheshire,offices of Connecticut Interscholastic Athletic Conference,New Haven,CT,US,2020-03-11,about 400,400,,400,,,student athletes,protest cancellation of school athletic tournaments due to coronavirus pandemic,0,protest,0,0,0,0,1,1,https://www.gametimect.com/hundreds-protest-ciac-decision-to-cancel-remaining-winter-tournaments/,,,,
Dayton,Dayton University campus,Montgomery,OH,US,2020-03-11,hundreds,200,,200,,,Dayton students,protest school closure due to coronavirus pandemic,0,protest,0,0,0,0,1,1,https://www.cleveland.com/metro/2020/03/ohio-coronavirus-update-college-students-in-dayton-protest-sudden-campus-closing.html,,,"while no injuries, police launched ""pepper balls"" to disperse",
Duluth,Central Presbyterian Church to State Capital,St. Louis,MN,US,2020-03-11,,,,,,,Minnesota Coalition for the Homeless,pro support for homeless people,0,protest,0,0,0,0,1,1,https://www.duluthnewstribune.com/news/government-and-politics/4986912-Bus-from-Duluth-to-take-group-to-homelessness-rally-in-St.-Paul,https://hmismn.org/2020-homeless-day-on-the-hill-the-basics-of-advocacy-and-why-is-it-important/,,,
Hayward,St. Rose Hospital,Alameda,CA,US,2020-03-11,,,,,,,California Nurses Association; National Nurses United,"for stronger containment measures against COVID-19 in hospitals, against relaxed CDC guidelines",0,protest,0,0,0,0,1,1,https://sanfrancisco.cbslocal.com/2020/03/11/nurses-hold-day-of-action-to-protest-cdcs-coronavirus-containment-measures/,,,,
Hopkinsville,Christian Fiscal Court,Christian,KY,US,2020-03-11,,,,,,,"""Resign Rick"" community acitivists",oppose commonwealth attorney,0,protest,0,0,0,0,1,1,https://www.kentuckynewera.com/news/article_1e6c3461-7dd4-539c-9384-e6d44ede02bf.html,,,,
Los Angeles,USC Keck Hospital,Los Angeles,CA,US,2020-03-11,,,,,,,California Nurses Association; National Nurses United,"for stronger containment measures against COVID-19 in hospitals, against relaxed CDC guidelines",0,protest,0,0,0,0,1,1,https://abc7.com/6004155/,,,,
Los Angeles,Hall of Justice,Los Angeles,CA,US,2020-03-11,,,,,,,Black Lives Matter LA,"against police brutality, for police accountability, Black Lives Matter, against District Attorney Jackie Lacey",1,protest,,,,,1,1,https://www.cnn.com/2020/07/10/us/jackie-lacey-la-da-black-lives-matter/index.html,https://www.newyorker.com/magazine/2020/11/16/after-years-of-protests-every-wednesday-la-activists-welcome-a-new-da,,,
Lowell,corner of Nesmith and Andover,Middlesex,MA,US,2020-03-11,,,,,,,community voters,support embattled state Representative,0,protest,0,0,0,0,1,1,https://www.lowellsun.com/2020/03/11/nangle-supporters-hold-street-corner-rally-for-indicted-rep/,,,,
Martinez,Contra Costa County Medical Center,Contra Costa,CA,US,2020-03-11,,,,,,,California Nurses Association; National Nurses United,"for stronger containment measures against COVID-19 in hospitals, against relaxed CDC guidelines",0,protest,0,0,0,0,1,1,https://sanfrancisco.cbslocal.com/2020/03/11/nurses-hold-day-of-action-to-protest-cdcs-coronavirus-containment-measures/,,,,
Montpelier,Statehouse,Orange,VT,US,2020-03-11,,,,,,,Essex High School students,for gun control,1,protest,0,0,0,0,1,1,https://vtdigger.org/2020/03/12/final-reading-students-rally-for-gun-restriction-legislation/,,,,
Oakland,Alta Bates Summit Medical Center Summit Campus,Alameda,CA,US,2020-03-11,,,,,,,California Nurses Association; National Nurses United,"for stronger containment measures against COVID-19 in hospitals, against relaxed CDC guidelines",0,protest,0,0,0,0,1,1,https://sanfrancisco.cbslocal.com/2020/03/11/nurses-hold-day-of-action-to-protest-cdcs-coronavirus-containment-measures/,,,,
Olympia,State Capitol,Thurston,WA,US,2020-03-11,hundreds,200,,200,,,Informed Parents of Washington,against sex education in schools,2,protest,0,0,0,0,1,1,https://www.kxly.com/critics-of-comprehensive-sex-ed-bill-to-protest-at-washington-state-capitol/,https://www.bainbridgereview.com/news/scores-of-people-show-up-in-protest-over-legislatures-sex-education-directive-2020-legislative-session/,,,
Sacramento,Dignity Health Mercy General Hospital,Sacramento,CA,US,2020-03-11,,,,,,,California Nurses Association; National Nurses United,"for stronger containment measures against COVID-19 in hospitals, against relaxed CDC guidelines",0,protest,0,0,0,0,1,1,https://sacramento.cbslocal.com/2020/03/11/nurses-protest-coronavirus-response/,,,,
San Antonio,the Alamo,Bexar,TX,US,2020-03-11,about 100,100,,100,,,Refugee and Immigrant Center for Education and Legal Services,pro-immigrant rights; anti-border violence,1,protest,0,1,0,0,1,1,https://www.borderreport.com/hot-topics/immigration/tense-protest-over-border-security-expo-ends-peacefully-at-the-alamo/,,,,
San Francisco,UC San Francisco Parnassus campus,San Francisco,CA,US,2020-03-11,,,,,,,California Nurses Association; National Nurses United,"for stronger containment measures against COVID-19 in hospitals, against relaxed CDC guidelines",0,protest,0,0,0,0,1,1,https://sanfrancisco.cbslocal.com/2020/03/11/nurses-hold-day-of-action-to-protest-cdcs-coronavirus-containment-measures/,,,,
Santa Clara,Kaiser Santa Clara Medical Center,Santa Clara,CA,US,2020-03-11,,,,,,,California Nurses Association; National Nurses United,"for stronger containment measures against COVID-19 in hospitals, against relaxed CDC guidelines",0,protest,0,0,0,0,1,1,https://sanfrancisco.cbslocal.com/2020/03/11/nurses-hold-day-of-action-to-protest-cdcs-coronavirus-containment-measures/,,,,
Spokane,Spokane Public Schools office downtown,Spokane,WA,US,2020-03-11,dozens,24,,24,,,Washington public shools parents,against sex education in schools,2,protest,0,0,0,0,1,1,https://www.krem.com/article/news/politics/parents-opposed-to-wa-sex-ed-bill/293-b9de595a-9a6a-4511-bb93-85fcf84c5612,,,,
Stony Brook,Stony Brook University campus,Suffolk,NY,US,2020-03-11,hundreds,200,,200,,,SUNY and CUNY students,protest school closure due to coronavirus pandemic,0,protest,0,0,0,0,1,1,longisland.news12.com/story/41883049/stony-brook-students-protest-lack-of-communication-over-suny-cuny-coronavirus-protocol,,,,
Vallejo,Kaiser Permanente Vallejo Medical Center,Solano,CA,US,2020-03-11,,,,,,,California Nurses Association; National Nurses United,"for stronger containment measures against COVID-19 in hospitals, against relaxed CDC guidelines",0,protest,0,0,0,0,1,1,https://sanfrancisco.cbslocal.com/2020/03/11/nurses-hold-day-of-action-to-protest-cdcs-coronavirus-containment-measures/,,,,
Washington,outside House chamber of Congress,DC,DC,US,2020-03-11,count pic,13,,13,,,MPower Change,"against border wall, against Muslim ban, for immigrants' rights",1,protest,0,0,0,0,1,1,https://twitter.com/MPower_Change/status/1237764398564900864,,,,
Asheville,Buncombe County Courthouse,Buncombe,NC,US,2020-03-12,,,,,,,Sunrise Movement,pro-climate justice; protest energy companies and fossil fuels,1,protest,0,0,0,0,1,1,https://mountainx.com/blogwire/sunshine-movement-asheville-to-hold-rally-in-opposition-to-duke-energys-proposed-rate-hike/,,,,
Ogden,Weber Center,Weber,UT,US,2020-03-12,,,,,,,Ogden activists,"against police brutality, brown lives matter",1,protest,0,0,0,0,1,1,https://www.standard.net/news/government/jovany-mercado-supporters-protest-and-mourn-his-death-blast-prosecutor/article_edb6eb22-9b7f-5ee2-9766-c9b2cbb32709.html,,,,
San Francisco,,San Francisco,CA,US,2020-03-12,more than 80,80,,80,,,community protestors,pro-transgender rights,1,protest,0,0,0,0,1,1,https://missionlocal.org/2020/03/rally-protests-proposed-move-and-service-reduction-for-lyon-martin-health-services-womens-community-clinic/,,,,
Ellensburg,Ellensburg High School,Kittitas,WA,US,2020-03-13,around 60,60,,60,,,student protestors,oppose racism due to Covid-19,1,demonstration,0,0,0,0,1,1,https://www.dailyrecordnews.com/news/students-protest-coronavirus-related-racism/article_925bda8f-6eaf-536d-9082-12ca0a9fe9a7.html,,,,
Hopkinsville,Christian County Justice Center,Christian,KY,US,2020-03-13,,,,,,,"""Resign Rick"" community acitivists",oppose commonwealth attorney,0,petition signing,0,0,0,0,1,1,https://www.kentuckynewera.com/web/news/article_84c569a3-9c55-53e5-8f47-e5c538a59fe3.html,,,,
Concord,State House,Merrimack,NH,US,2020-03-14,,,,,,,Women's Defense League of New Hampshire,pro-second Amendment; pro-women's firearms training,2,rally,0,0,0,0,1,1,https://manchesterinklink.com/womens-defense-league-holding-rally-on-saturday/,,,,
Hamburg,Town Hall,Erie,NY,US,2020-03-14,,,,,,,1791 Society,pro-Second Amendment; anti-Greek Light Law; anti Gov. Cuomo,2,protest,0,0,0,0,1,1,https://buffalonews.com/2020/03/11/second-amendment-group-sponsors-anti-cuomo-rally-on-array-of-topics/,,,,
Los Angeles,El Sereno community,Los Angeles,CA,US,2020-03-14,NA,50,,50,,,"""Reclaimer"" housing activists; Democratic Socialists of America LA",anti-housing inequality in California,0,protest,0,0,0,0,1,1,https://www.dailynews.com/2020/03/14/amid-converging-crises-protesters-in-l-a-aim-to-reclaim-vacant-caltrans-homes/,,,,
West Linn,West Linn Police Department,Clackamas,OR,US,2020-03-14,more than a dozen,12,,12,,,community protestors,"against racism, against police violence, for police accountability",1,protest,0,0,0,0,1,1,https://www.oregonlive.com/crime/2020/03/more-than-a-dozen-people-marched-to-west-linn-police-department-demanding-chief-terry-krugers-removal.html,,,,
Oakland,Port of Oakland,Alameda,CA,US,2020-03-15,,,,,,,ILWU 10,"against unloading contaminated waste from cruise ship infected with coronavirus, for safe working conditions for dock workers",0,rally,0,0,0,0,1,1,https://sanfrancisco.cbslocal.com/2020/03/15/coronavirus-grand-princess-contaminated-waste-port-of-oakland-emergency-rally-ilwu-10/,,,,
Chicago,"Northtown Branch, Westridge neighborhood",Cook,IL,US,2020-03-16,,,,,,,librarians,protest being forced to go to work during coronavirus pandemic,0,walk-out,0,0,0,0,1,1,https://chicago.suntimes.com/city-hall/2020/3/17/21183469/coronavirus-chicago-public-library-employees-protest-lightfoot-libraries-open-pandemic,,,,
Nashville,State Capitol,Davidson,TN,US,2020-03-16,,,,,,,Tennessee Education Association,seek greater funding for schools,0,protest,0,0,0,0,1,1,http://www.teateachers.org/rally,,,,
Newark,Essex County Correctional Facility,Essex,NJ,US,2020-03-17,over 50,50,,50,,,detained immigrants,anti ICE; seek release due to Covid 19,0,hunger strike,0,0,0,0,1,1,https://www.nj.com/coronavirus/2020/03/we-would-rather-die-on-the-outside-than-in-here-ice-detainees-go-on-hunger-strike-in-nj-amid-coronavirus-fears-lawyers-say.html,https://perilouschronicle.com/2020/03/17/ice-detainees-hunger-strike-in-new-jersey-in-response-to-covid-19/,https://www.njisj.org/stuck_in_jail_during_a_pandemic_coronavirus_hits_nj_prisons,,
Salinas,Monterey County Jail,Monterey,CA,US,2020-03-17,,,,,,,prisoners,for better protection against COVID-19 in jail,0,meal strike,0,0,0,0,1,1,https://perilouschronicle.com/2020/03/17/meal-strike-at-monterey-county-jail-california-in-response-to-covid-19/,https://www.thecalifornian.com/story/news/2020/03/23/coronavirus-update-california-monterey-county-jail-inmates-fear-covid-19/2893446001/,,,
Albany,online,,NY,US,2020-03-17,,,,,,,"Alliance for Quality Education, NY; Make the Road NY",pro education funding; pro education equality,1,virtual protest,0,0,0,0,1,1,https://twitter.com/AQE_NY/status/1239537199680557056,https://www.aqeny.org/virtual-rally/,https://twitter.com/hashtag/CantStopWontStop?src=hashtag_click,,
Harrisburg,online,,PA,US,2020-03-17,Twitter: 9; FB: 5,14,,14,,,Tuesdays With(out) Toomey,disapprove of local Representative,1,virtual protest,,,,,,1,https://twitter.com/TuesdaysToomey/status/1239914380122300423,,,,
Davenport,,Scott,IA,US,2020-03-18,,,,,,,Kings Harvest Pet Rescue,pro animal rights,0,protest,0,0,0,0,1,1,https://www.kwqc.com/content/news/Animal-activists-hold-peaceful-protest-to-seek-justice-for-abused-dog-Emmanuel-568060581.html,,,,
Ho'olehua,Molokai Airport,Molokai,HI,US,2020-03-18,about 60,60,,60,,,community protestors,protest visitors to Hawaii due to Covid 19,0,protest,0,0,0,0,1,1,https://www.hawaiinewsnow.com/2020/03/18/dozens-molokai-protest-airport-urging-visitors-go-home/,,,,
Kearny,Hudson County Corrections and Rehabilitation Center,Hudson,NJ,US,2020-03-18,,,,,,,detained immigrants,anti ICE; seek release of detainees due to Covid-19,0,hunger strike,0,0,0,0,1,1,https://www.vice.com/en_us/article/pkew79/immigrants-are-now-on-hunger-strike-in-3-ice-detention-centers-over-coronavirus-fears,https://perilouschronicle.com/2020/03/18/ice-detainees-hunger-strike-in-hudson-county-nj-in-response-to-covid-19/,https://www.njisj.org/stuck_in_jail_during_a_pandemic_coronavirus_hits_nj_prisons,,
Los Angeles,Hall of Justice,Los Angeles,CA,US,2020-03-18,,,,,,,Black Lives Matter LA,"against police brutality, for police accountability, Black Lives Matter, against District Attorney Jackie Lacey",1,protest,,,,,1,1,https://www.cnn.com/2020/07/10/us/jackie-lacey-la-da-black-lives-matter/index.html,https://www.newyorker.com/magazine/2020/11/16/after-years-of-protests-every-wednesday-la-activists-welcome-a-new-da,,,
Guayama,Maximum Security Correctional Institution Guayama 296,,PR,US,2020-03-19,some 205,205,,205,,,inmates,for better protections against COVID-19 in prison,0,hunger strike,0,0,0,0,1,1,https://perilouschronicle.com/2020/03/20/hunger-strike-and-work-stoppage-in-guayama-prison-puerto-rico/,https://www.primerahora.com/noticias/gobierno-politica/notas/mas-de-200-reos-en-huelga-de-hambre-en-carcel-de-guayama/,,,
Denver,State Capitol,Denver,CO,US,2020-03-19,,,,,,,teachers,seek higher wages for teachers; seek more education funding,0,march,0,0,0,0,1,1,https://the-journal.com/articles/168936,,,,
Key Largo,U.S. 1,Monroe,FL,US,2020-03-19,,,,,,,Save Our Green Space,anti tourism due to Covid 19,0,protest,0,0,0,0,1,1,https://keysnews.com/article/story/some-residents-protest-countys-tourism-response/,,,,
Patchogue,Fire Island National Seashore Patchogue Headquarters,Suffolk,NY,US,2020-03-19,,,,,,,Long Island Orchestrating for Nature,"against hunting, against animal cruelty",0,protest,0,0,0,0,1,1,fireisland-news.com/event/not-ours-to-slaughter-a-protest-at-fire-island-national-seashore-headquarters-organized-by-lion/,,,,
Roseville,Kaiser Permanente Roseville,,CA,US,2020-03-19,,,,,,,nurses,protest lack of protective equipment due to Covid 19,0,protest,0,0,0,0,1,1,https://www.sacbee.com/news/local/article241360131.html,,,,
Elizabeth,Elizabeth Detention Center,Union,NJ,US,2020-03-20,approximately 40,40,,40,,,detained immigrants,anti-ICE; against immigrant detention,0,hunger strike,0,0,0,0,1,1,https://twitter.com/becky_gendelman/status/1241029958669152256,https://www.vice.com/en_us/article/pkew79/immigrants-are-now-on-hunger-strike-in-3-ice-detention-centers-over-coronavirus-fears,https://perilouschronicle.com/2020/03/20/hunger-strike-at-the-elizabeth-detention-center-nj-in-response-to-covid-19/,,
Gadsden,Etowah County Detention Center,Etowah,AL,US,2020-03-20,,,,,,,detainees; inmates,for better protections against COVID-19 in prison and ICE detention facility,0,demonstration,0,0,0,0,1,1,https://perilouschronicle.com/2020/03/20/ice-detainees-in-alabama-protest-threaten-suicide-amidst-covid-outbreak/,https://www.washingtonpost.com/video/national/ice-detainees-threaten-suicide-stage-protests-over-coronavirus-fears/2020/03/25/8232738e-0b1e-4fdb-8538-456e269a8eb7_video.html,,,
Grants,Northwestern New Mexico Correctional Center,,NM,US,2020-03-20,about 300,300,,300,,,inmates,for better protections against COVID-19 in prison,0,protest,0,0,0,1,1,1,https://durangoherald.com/amp/319554-authorities-squash-western-new-mexico-prison-riot,https://perilouschronicle.com/2020/03/20/uprising-in-grants-new-mexico-amidst-fears-of-covid-19-outbreak/,,,
New York City,New York immigration courthouse,New York,NY,US,2020-03-20,,,,,,,Never Again Action,free immigrants from detainee camps due to Covid 19,1,rally,0,0,0,0,1,1,https://www.commondreams.org/news/2020/03/24/because-anne-frank-did-not-die-gas-chamber-jewish-activists-cite-disease-nazi-death,,,,
New York City,"Amazon Fulfillment Center, Queens",,NY,US,2020-03-20,,,,,,,workers,for better protection against COVID-19 in the workplace,0,walkout,,,,,0,1,https://www.democracynow.org/2020/3/20/headlines/new_york_city_workers_revolt_over_lack_of_coronavirus_safety_protections,,,,
Rikers Island,Anna M. Kross Center,,NY,US,2020-03-21,,8,,8,,,prisoners,for better protections against COVID-19 in prison,0,protest,0,0,0,0,1,1,https://perilouschronicle.com/2020/03/21/protest-on-rikers-amidst-covid-19-outbreak/,https://www.thecity.nyc/2020/3/23/21210406/rikers-inmates-pepper-sprayed-for-demanding-medical-care-sources-say,,,
Alamogordo,Otero County Fairgrounds to White Sands Boulevard,Otero,NM,US,2020-03-22,NA,3,,3,,,Cowboys for Trump,for President Trump,2,horse ride,0,0,0,0,1,1,https://www.alamogordonews.com/story/news/local/community/2020/03/23/cowboys-trump-rally-scaled-back-ride-otero-county/2895843001/,,,,
Erie,Erie County Courthouse,Erie,PA,US,2020-03-22,NA,2,,2,,,gun owners,protest delay of concealed carry gun licenses due to Covid 19,2,protest,0,0,0,0,1,1,https://www.goerie.com/news/20200322/virus-related-gun-policy-prompts-small-erie-protest,,,,
Kearney,Hudson County Detention Center,Hudson,NJ,US,2020-03-22,almost 100,100,,100,,,Never Again Action,free immigrants from detainee camps due to Covid 19,1,car protest,0,0,0,0,1,1,https://twitter.com/NeverAgainActn,,,,
Moore Haven,Glades County Detention Center,Glades,FL,US,2020-03-22,nearly 100,100,,100,,,detainees,for better protections against COVID-19 in ICE detention facility,0,hunger strike,0,0,0,0,1,1,https://perilouschronicle.com/2020/03/22/ice-detainees-hunger-strike-in-glades-county-florida-protesting-inaction-on-covid-19/,https://www.miaminewtimes.com/news/florida-ice-detainees-on-hunger-strike-amid-coronavirus-11607507,,,
Rikers Island,Robert N. Davoren Center,,NY,US,2020-03-22,approximately 90-100,90,,100,,,prisoners,"for better protections against COVID-19 in prison, for immediate release of some prisoners",0,strike,0,0,0,0,1,1,https://perilouschronicle.com/2020/03/21/protest-on-rikers-amidst-covid-19-outbreak/,https://www.thecity.nyc/2020/3/23/21210406/rikers-inmates-pepper-sprayed-for-demanding-medical-care-sources-say,https://twitter.com/macc_nyc/status/1242121199938912263,,
Sacramento,,Sacramento,CA,US,2020-03-22,ten or so,10,,10,,,Never Again Action,free immigrants from detainee camps due to Covid 19,1,car protest,0,0,0,0,1,1,https://www.jweekly.com/2020/03/23/jewish-protesters-keep-their-distance-in-action-demanding-release-of-ice-detainees/,,,,
Batavia,Buffalo Federal Detention Center,,NY,US,2020-03-23,,,,,,,detainees,for better protections against COVID-19 in ICE detention facility,1,hunger strike,0,0,0,0,1,1,https://documentedny.com/2020/04/08/quarantine-in-solitary-confinement-and-attorneys-wear-swimming-goggles-to-court-as-batavia-grapples-with-the-coronavirus-pandemic/,,,,
Dover,Strafford County House of Corrections,Strafford,NH,US,2020-03-23,,,,,,,inmates,against prison lockdown due to coronavirus pandemic,0,hunger strike,0,0,0,0,1,1,https://perilouschronicle.com/2020/03/23/food-strike-at-strafford-county-house-of-corrections-nh/,,,,
Jena,LaSalle ICE Processing Center,,LA,US,2020-03-23,,23,,23,,,detainees,for better protections against COVID-19 in ICE detention facility,1,demonstration,0,0,0,0,1,1,https://perilouschronicle.com/2020/03/23/two-protests-at-lasalle-ice-processing-center-louisiana-in-response-to-covid-19/,https://www.buzzfeednews.com/article/hamedaleaziz/immigrants-coronavirus-outbreak-ice-protests,,,
Los Angeles,Kaiser Permanente Los Angeles Medical Center,Los Angeles,CA,US,2020-03-23,,,,,,,nurses,for more PPE for nurses during coronavirus pandemic,0,protest,0,0,0,0,1,1,https://twitter.com/DarwinBondGraha/status/1242257852292411392,,,,
Oakland,Kaiser Oakland Hospital,Alameda,CA,US,2020-03-23,,,,,,,nurses,for more PPE for nurses during coronavirus pandemic,0,protest,0,0,0,0,1,1,https://twitter.com/DarwinBondGraha/status/1242257852292411392,,,,
Pearsall,South Texas ICE Processing Center,,TX,US,2020-03-23,approximately 60,60,,60,,,detainees,for better protections against COVID-19 in ICE detention facility,1,demonstration,0,0,0,0,1,1,https://perilouschronicle.com/2020/03/23/ice-detainees-in-south-texas-protest-over-lack-of-response-to-covid-19-epidemic/,https://www.expressnews.com/news/us-world/border-mexico/article/Detained-migrants-pepper-sprayed-for-rioting-amid-15154870.php,,,
Perry,Perdue Farms production line,,GA,US,2020-03-23,,,,,,,employees,seek greater pay for working more hours during coronavirus pandemic,0,walk-out,0,0,0,0,1,1,https://41nbc.com/2020/03/23/perdue-farms-employees-strike-no-wage-increase-amid-covid-19/,,,,
Santa Rosa,Memorial Hospital,Sonoma,CA,US,2020-03-23,,,,,,,nurses,for more PPE for nurses during coronavirus pandemic,0,protest,0,0,0,0,1,1,https://www.dailyrepublic.com/all-dr-news/wires/santa-rosa-nurses-rally-over-mask-shortages-hospital-policies-on-safety-gear-the-press-democrat-santa-rosa-calif/,,,,
St. Paul,Gov. Tim Walz's home,,MN,US,2020-03-23,,,,,,,Twin Cities Never Again Action,free immigrants from detainee camps due to Covid 19,1,car protest,0,0,0,0,1,1,http://www.fightbacknews.org/2020/3/23/car-protest-gov-walz-s-mansion-demands-immediate-release-immigrants-minnesota-jails,,,,
Bath,Bath Iron Works,,ME,US,2020-03-24,,,,,,,workers,for better protection against COVID-19 in the workplace,0,sickout,,,,,1,1,https://wgme.com/news/coronavirus/bath-iron-works-union-asks-for-shipyard-closure-after-half-of-workers-fail-to-show,,,,
Fresno,City Hall,Fresno,CA,US,2020-03-24,,,,,,,homeless advocates,seek housing vouchers due to Covid 19,1,protest,0,0,0,0,1,1,https://www.fresnobee.com/news/local/article241478911.html,,,,
Pierre,Pierre Community Work Center,,SD,US,2020-03-24,,9,,9,,,prisoners,for better protections against COVID-19 in prison,0,direct action,0,0,0,0,1,1,https://perilouschronicle.com/2020/03/24/9-women-escape-from-work-release-facility-in-south-dakota-to-avoid-covid-19-exposure/,,,,
Portage,Columbia Correctional Institution,,WI,US,2020-03-24,,,,,,,inmates,for better protections against COVID-19 in prison,0,hunger strike,0,0,0,0,1,1,https://mobile.twitter.com/WIPrisonVoices/status/1242547559434014722,,,,
Hackensack,Bergen County Jail,Bergen,NJ,US,2020-03-25,,,,,,,inmates,for better protections against COVID-19 in jail,0,hunger strike,,,,,1,1,https://mobile.twitter.com/ramsojas/status/1242851778162561025,,,,
Jena,LaSalle ICE Processing Center,,LA,US,2020-03-25,at least 75,75,,75,,,detainees,for better protections against COVID-19 in ICE detention facility,0,demonstration,0,0,0,0,1,1,https://perilouschronicle.com/2020/03/23/two-protests-at-lasalle-ice-processing-center-louisiana-in-response-to-covid-19/,https://www.buzzfeednews.com/article/hamedaleaziz/immigrants-coronavirus-outbreak-ice-protests,,,
Los Angeles,Hall of Justice,Los Angeles,CA,US,2020-03-25,,,,,,,Black Lives Matter LA,"against police brutality, for police accountability, Black Lives Matter, against District Attorney Jackie Lacey",1,protest,,,,,1,1,https://www.cnn.com/2020/07/10/us/jackie-lacey-la-da-black-lives-matter/index.html,https://www.newyorker.com/magazine/2020/11/16/after-years-of-protests-every-wednesday-la-activists-welcome-a-new-da,,,
Monroe,Richwood Correctional Center,,LA,US,2020-03-25,,60,,60,,,detainees,for immediate release of detainees to avoid COVID-19 risk in ICE facility,0,hunger strike,0,0,0,0,1,1,https://perilouschronicle.com/2020/03/25/ice-detainees-launch-hunger-strike-at-richwood-correctional-center-louisiana-in-response-to-covid-19/,https://www.latinorebels.com/2020/03/26/icedetaineeshungerstrike/,,,
Pittsburgh,,Allegheny,PA,US,2020-03-25,several hundred,300,,300,,,sanitation workers,for hazard pay and better PPE for sanitation workers during COVID-19 pandemic,0,strike,0,0,0,0,1,1,https://paydayreport.com/black-garbage-workers-go-on-wildcat-strike-in-pittsburgh-as-general-strike-wave-spreads/,https://www.democracynow.org/2020/3/26/headlines/pittsburgh_sanitation_workers_hold_wildcat_strike_demanding_safety_gear,,"Stikers were members of Teamsters Local 249, but not clear that union approved of strike.",
Wallkill,Shawangunk Correctional Facility,Ulster,NY,US,2020-03-25,,,,,,,prisoners,for better protections against COVID-19 in prison,0,hunger strike,0,0,0,0,1,1,https://theappeal.org/covid-19-ny-prison/,,,,
Dartmouth,ICE Detention Center,Bristol,MA,US,2020-03-26,hundreds,200,,200,,,Never Again Action,anti ICE; free immigrants from detainee centers due to Covid 19,1,car protest,0,0,0,0,1,1,https://twitter.com/NeverAgainActn,https://yaledailynews.com/blog/2020/03/31/activists-protest-conditions-in-ice-detention-centers/,,,
Folkston,Folkston ICE Processing Center,,GA,US,2020-03-26,he and a dozen,13,,13,,,detainees,for better protections against COVID-19 in ICE detention facility,0,hunger strike,0,0,0,0,1,1,https://gen.medium.com/the-coronavirus-has-pushed-ice-detainees-across-the-country-to-hunger-strike-3231009c85cb,,,,
Frankfort,State Capitol,Franklin,KY,US,2020-03-26,dozens,24,,24,,,Kentucky Democratic Coalition,against the state legislature conducting business without public input during coronavirus pandemic,1,car protest,0,0,0,0,1,1,https://www.wdrb.com/news/caravan-circles-kentucky-capitol-to-protest-lawmakers-conducting-business-without/article_9f8ac4b6-6fa4-11ea-8d47-0fdab97652c2.html,,,,
Lumpkin,Stewart Detention Center,Stewart,GA,US,2020-03-26,at least 350,350,,350,,,detainees,for immediate release of detainees to avoid COVID-19 risk in ICE facility,1,hunger strike,0,0,0,0,1,1,https://twitter.com/NeverAgainActn,https://perilouschronicle.com/2020/03/26/hunger-strike-at-stewart-detention-center-georgia-in-response-to-covid-19/,,,
New Haven,,New Haven ,CT,US,2020-03-26,,,,,,,general protesters,support action regarding the health of incarcerated individuals with relation to Covid-19,0,protest,0,0,0,0,1,1,https://www.wtnh.com/news/health/coronavirus/third-doc-employee-tests-positive-for-coronavirus-as-protesters-call-for-release-of-prisoners/,,,,
Oakland,Highland Hospital,Alameda,CA,US,2020-03-26,,,,,,,Alameda Health System workers,against lack of pay for Covid-19 infected nurses,0,protest,0,0,0,0,1,1,https://www.mercurynews.com/coronavirus-alameda-health-system-agrees-to-pay-sick-nurses-following-protest,,,,
Beaver Creek,Vail Resorts,Eagle,CO,US,2020-03-27,NA,1,,1,,,Beano's Cabin employee,protest lack of shutdown due to Covid-19,1,demonstration,0,0,0,0,1,1,https://www.vaildaily.com/news/vail-resorts-employee-who-posted-sign-in-front-of-snowstake-cam-says-protest-got-him-fired/,,,,
New Haven,,New Haven ,CT,US,2020-03-27,,,,,,,general protesters,support action regarding the health of incarcerated individuals with relation to Covid-19,0,protest,0,0,0,0,1,1,https://www.wtnh.com/news/health/coronavirus/third-doc-employee-tests-positive-for-coronavirus-as-protesters-call-for-release-of-prisoners/,,,,
Pittsburgh,,Allegheny,PA,US,2020-03-27,,,,,,,general protesters,against lack of information being provided about Covid-19 to Port Authority employees,0,protest,0,0,0,0,1,1,https://www.wtae.com/article/port-authority-employees-hold-protest-after-colleague-tests-positive-for-coronavirus/31959407,,,,
Saint Paul,Gov. Tim Walz's home,,MN,US,2020-03-27,100+ ,100,,100,,,Never Again Action,anti ICE; free immigrants from detainee camps due to Covid 19,1,car protest,0,0,0,0,1,1,https://twitter.com/UR_Ninja,,,,
Tacoma,Northwest Detention Center,,WA,US,2020-03-27,between 300 and 500,300,,500,,,detainees,"for release of detainees in ICE facility to avoid COVID-19 risk, for stopping all deportation proceedings until coronavirus pandemic ends",0,hunger strike,0,0,0,0,1,1,https://perilouschronicle.com/2020/03/27/breaking-down-borders-hunger-strike-at-northwest-detention-center-in-response-to-covid-19/,,,Breaking Down Borders,
Greensboro,Woman's Choice of Greensboro,Guilford,NC,US,2020-03-28,,,,,,,Love Life,anti abortion; anti stay at home order due to coronavirus pandemic,2,protest,1,0,0,0,1,1,https://www.greensboro.com/news/local_news/abortion-protesters-greensboro-city-officials-battle-over-stay-home-enforcement/article_a47424e7-92fd-59b5-9dd6-eb88f67114c8.html,,,,
Louisville,Outside GE Appliance Park ,Jefferson,KY,US,2020-03-28,estimated 3800,3800,,3800,,,GE Appliance workers,protesting return to work with Covid-19 concerns,0,protest,0,0,0,0,1,1,https://www.courier-journal.com/story/news/local/2020/03/28/coronavirus-kentucky-ge-appliance-workers-protest-return-work/2933698001/,,,,
New York,Jacobi Medical Center; Bronx,Bronx,NY,US,2020-03-28,count pic,5,,5,,,nurses,protesting lack of N95 masks and PPE for nurses during coronavirus pandemic,0,protest,,,,,1,1,https://www.nytimes.com/2020/03/29/world/coronavirus-live-news-updates.html,,,protest mentioned in article photo caption,
New York,Bronx,Bronx,NY,US,2020-03-28,,,,,,,Jacobi Medical Center nurses,demand personal protective equipment to handle Covid-19 patients,0,protest,0,0,0,0,1,1,https://www.pix11.com/news/coronavirus/jacobi-medical-center-nurses-protest-over-access-to-n95-masks-other-ppe,,,,
York,York County Prison,York,PA,US,2020-03-28,several,3,,3,,,detainees,for release of detainees in ICE facility to avoid COVID-19 risk,1,hunger strike,0,0,0,0,1,1,https://www.ydr.com/story/news/crime/2020/03/29/immigrants-york-county-prison-hunger-strike-amid-coronavirus/2935640001/,,,,
Bethesda,Suburban Hospital,Montgomery,MD,US,2020-03-29,about three dozen,36,,36,,,nurses,for more personal protective equipment for nurses during coronavirus pandemic,1,protest,0,0,0,0,1,1,https://wtop.com/montgomery-county/2020/03/rally-outside-hospital-to-bolster-staff/,,,,
Chambersburg,Franklin County Jail,Franklin,PA,US,2020-03-29,,,,,,,inmates,for better protections against COVID-19 in jail,0,hunger strike,0,0,0,0,1,1,https://www.rollingstone.com/culture/culture-features/franklin-county-jail-hunger-strike-inside-story-1005846/,,,,
El Monte,in front of El Monte City Hall,Los Angeles,CA,US,2020-03-29,,,,,,,general protestors,for moratorium on evictions during coronavirus pandemic,0,protest,0,0,0,0,1,1,https://www.sgvtribune.com/2020/03/29/small-el-monte-protest-urges-more-from-coronavirus-eviction-moratorium/,,,,
Kearney,Hudson County Detention Center,Hudson,NJ,US,2020-03-29,nearly 100,100,,100,,,Never Again Action,anti ICE; release immigrants from detainee camps due to covid-19,1,car protest,0,0,0,0,1,1,https://www.indybay.org/newsitems/2020/04/01/18832002.php,,,,
Los Angeles,Windsor Square,Los Angeles,CA,US,2020-03-29,,,,,,,community tenant advocates,for moratorium on evictions during coronavirus pandemic,0,car protest,0,0,0,0,1,1,https://www.dailynews.com/2020/03/29/rolling-la-protest-urges-rent-forgiveness-for-people-hit-hardest-by-coronavirus-crisis/,,,,
Battle Creek,Calhoun County Jail,Calhoun,MI,US,2020-03-30,a dozen,12,,12,,,By Any Means Necessary,for release of inmates due to coronavirus pandemic,0,car protest,0,0,0,0,1,1,https://www.battlecreekenquirer.com/story/news/2020/03/31/protesters-say-calhoun-county-jail-coronavirus-death-camp/5094316002/,,,,
Boston,GE factory,Suffolk,MA,US,2020-03-30,,,,,,,GE workers,demand to make ventilators for use in COVID-19 pandemic,1,protest,0,0,0,0,1,1,https://www.vice.com/en_us/article/y3mjxg/general-electric-workers-walk-off-the-job-demand-to-make-ventilators,,,,
Bristol,Bristol County House of Correction,Bristol,MA,US,2020-03-30,,,,,,,detainees,for release of detainees in ICE facility to avoid COVID-19 risk,0,work stoppage,0,0,0,0,1,1,https://perilouschronicle.com/2020/03/30/work-stoppage-in-bristol-ice-detention/,https://upriseri.com/2020-03-31-julia-rock-sara-van-horn/,,,
Bunker Hill,Miami Correctional Facility,,IN,US,2020-03-30,,,,,,,inmates,against prison lockdown due to coronavirus pandemic,0,hunger strike,0,0,0,0,1,1,https://www.idocwatch.org/blog-1/2020/3/30/covid-19-amp-idoc-hunger-strike-at-mcf-wvcf-secure-housing-unit-being-used-for-quarantine-amp-fires-set-at-isp-urgent-phone-zaps,,,,
Chicago,ICE field office,Cook,IL,US,2020-03-30,about 2 dozen,24,,24,,,Never Again Action,anti ICE; free immigrants from detainee camps due to Covid 19,1,car protest,0,0,0,0,1,1,https://twitter.com/rabble/status/1244723489132539904,,,,
Greensboro,A Women's Choice in Greensboro,Guilford,NC,US,2020-03-30,,,,,,,Love Life,anti abortion; anti stay at home order due to coronavirus pandemic,2,protest,3,0,0,0,1,1,https://www.greensboro.com/news/local_news/abortion-protesters-greensboro-city-officials-battle-over-stay-home-enforcement/article_a47424e7-92fd-59b5-9dd6-eb88f67114c8.html,,,,
Lynn,GE factory,Essex,MA,US,2020-03-30,,,,,,,GE workers,demand to make ventilators for use in COVID-19 pandemic,0,protest,0,0,0,0,1,1,https://www.vice.com/en_us/article/y3mjxg/general-electric-workers-walk-off-the-job-demand-to-make-ventilators,,,,
Philadelphia,outside Philadelphia City Hall,Philadelphia,PA,US,2020-03-30,dozens,24,,24,,,general protestors,anti ICE; free immigrants from detainee camps due to Covid 19,1,car protest,0,0,0,0,1,1,https://www.penncapital-star.com/criminal-justice/covid-19-in-philly-criminal-justice-advocates-mount-drive-by-protest-calling-for-mass-release-of-inmates/,,,,
New York,Amazon facility; Staten Island,Richmond,NY,US,2020-03-30,about 50; only 15; over 100,15,,100,,,Amazon workers,seek shut down of Amazon facility due to Covid 19,0,walk out,0,0,0,0,1,1,https://www.washingtonpost.com/technology/2020/03/30/worker-strike-instacart-amazon-whole-foods/,https://www.nbcnews.com/news/us-news/some-instacart-workers-strike-others-demand-more-coronavirus-alters-labor-n1171521,https://www.silive.com/coronavirus/2020/04/si-amazon-workers-walk-off-job-amid-rise-in-coronavirus-cases.html,lead organizer was fired,
Tacoma,immigrant detention camp,Pierce,WA,US,2020-03-30,,,,,,,general protestors,anti ICE; free immigrants in detainee camps due to Covid 19,1,car protest,0,0,0,0,1,1,https://twitter.com/TaePhoenix/status/1244705804617277441,,,,
West Palm Beach,Palm Beach County Convention Center,Palm Beach,FL,US,2020-03-30,,,,,,,Bloomberg campaign,for Mike Bloomberg for president,1,rally,0,0,0,0,1,1,https://www.miamiherald.com/news/politics-government/election/article240859301.html,,,,
West Palm Beach,Palm Beach County Convention Center,Palm Beach,FL,US,2020-03-30,,,,,,,Trump supporters,for President Trump,2,counter-protest,0,0,0,0,0,1,https://www.miamiherald.com/news/politics-government/election/article240859301.html,,,,
Philadelphia,Philadelphia City Hall,Philadelphia,PA,US,2020-03-30,dozens,24,,24,,,criminal justice reform activists,for mass release of prisoners due Covid-19,0,car protest,0,0,0,0,1,1,https://www.penncapital-star.com/criminal-justice/covid-19-in-philly-criminal-justice-advocates-mount-drive-by-protest-calling-for-mass-release-of-inmates/,,,,
Farmville,Farmville Detention Center,,VA,US,2020-03-31,approximately 100,100,,100,,,detainees,for release of detainees in ICE facility to avoid COVID-19 risk,1,hunger strike,0,0,0,0,1,1,https://perilouschronicle.com/2020/04/03/ice-detainees-hunger-strike-at-farmville-detention-center-in-response-to-covid-19/,https://share.mayfirst.org/s/iWGoN7CfpE5qpYn#pdfviewer,,,
Grand Rapids ,Scotsdale Women's Center ,Kent,MI,US,2020-03-31,NA,7,,7,,,protestors,anti-abortion rights,2,protest,0,0,0,0,1,1,https://www.mlive.com/news/grand-rapids/2020/04/abortion-protesters-sue-gov-whitmer-for-alleged-violation-of-her-stay-at-home-order.html,https://www.mlive.com/news/grand-rapids/2020/04/abortion-protesters-sue-gov-whitmer-for-alleged-violation-of-her-stay-at-home-order.html,,7 people cited by police as violating stay-at-home order ,
Key West,Monroe County Detention Center,Monroe,FL,US,2020-03-31,,,,,,,inmates,for better protections against COVID-19 in jail,0,hunger strike,0,0,0,0,1,1,https://www.miamiherald.com/news/local/immigration/article241783926.html,,,,
Modesto,Kaiser Modesto Medical Center,Stanislaus,CA,US,2020-03-31,a few dozen,36,,36,,,nurses,seek more personal protective equipment for nurses during coronavirus pandemic,0,protest,0,0,0,0,1,1,https://www.modbee.com/latest-news/article241669601.html,,,,
Richmond,,Richmond,VA,US,2020-03-31,,,,,,,Virginia Citizens Defense League,protest closure of gun ranges due to Covid-19,2,protest,0,0,0,0,1,1,http://www.wboc.com/story/41958402/group-protests-closing-of-va-shooting-ranges-amid-coronavirus,,,,
Sacramento,State Capitol,Sacramento,CA,US,2020-03-31,NA,50,,50,,,Never Again Action; Jewish Action NorCal,anti ICE; release immigrants from detainee camps due to covid-19,1,car protest,0,0,0,0,1,1,https://www.davisvanguard.org/2020/04/ca-ice-detention-centers-could-turn-into-covid-19-death-camps-warn-capitol-car-protestors/,,,,
national,,,,US,2020-03-30,,,,,,,Instacart employees,for better pay and safer working conditions for Instacart employees during coronavirus pandemic,0,strike,0,0,0,0,1,1,https://www.vice.com/en_us/article/4agmvd/instacarts-gig-workers-are-planning-a-massive-nationwide-strike,,,,