CityTown,Location,County,StateTerritory,Country,Date,EstimateText,EstimateLow,BestGuess,EstimateHigh,AdjustedLow,AdjustedHigh,Actor,Claim,Pro(2)/Anti(1),EventType,ReportedArrests,ReportedParticipantInjuries,ReportedPoliceInjuries,ReportedPropertyDamage,TownsCities,Events,Source1,Source2,Source3,Misc.,Source4,,
Berkeley,Sproul Plaza ,Alameda,CA,US,2019-09-01,NA,3,,3,,,general protesters,Pro- speaker; Anti- Marxism,2,rally,0,0,0,0,1,1,https://www.dailycal.org/2019/09/02/anti-fascist-protesters-march-against-no-marxism-in-america-rally/,,,,,,
Berkeley,Sproul Plaza; People's Park,Alameda,CA,US,2019-09-01,about 70,70,,70,,,general protesters,Anti- fascism; against public speaker,1,protest; march,0,0,0,0,1,1,https://www.dailycal.org/2019/09/02/anti-fascist-protesters-march-against-no-marxism-in-america-rally/,,,,,,
Odessa,the quad at the University of Texas of the Permian Basin,Ector,TX,US,2019-09-01,hundreds,200,,200,,,general protesters,against gun violence,0,vigil,0,0,0,0,1,1,https://abcnews.go.com/US/odessa-texas-gathers-vigil-victims-names-emerge-mass/story?id=65334729&cid=social_twitter_abcnp,https://video.foxnews.com/v/6082539865001/#sp=show-clips,,,,,
Portland,,Multnomah,OR,US,2019-09-02,thousands,2000,,2000,,,Kaiser Permanente workers,For better compensation,0,protest,0,0,0,0,1,1,https://www.mercurynews.com/2019/08/29/kaiser-workers-to-protest-on-labor-day-as-strike-nears/,,,,,,
Oakland,,Alameda,CA,US,2019-09-02,thousands,2000,,2000,,,Kaiser Permanente workers,For better compensation,0,protest,0,0,0,0,1,1,https://www.mercurynews.com/2019/08/29/kaiser-workers-to-protest-on-labor-day-as-strike-nears/,,,,,,
Sacramento,,Sacramento,CA,US,2019-09-02,thousands,2000,,2000,,,Kaiser Permanente workers,For better compensation,0,protest,0,0,0,0,1,1,https://www.mercurynews.com/2019/08/29/kaiser-workers-to-protest-on-labor-day-as-strike-nears/,,,,,,
Los Angeles,,Los Angeles,CA,US,2019-09-02,thousands,2000,,2000,,,Kaiser Permanente workers,For better compensation,0,protest,0,0,0,0,1,1,https://www.mercurynews.com/2019/08/29/kaiser-workers-to-protest-on-labor-day-as-strike-nears/,,,,,,
Denver,,Denver,CO,US,2019-09-02,thousands,2000,,2000,,,Kaiser Permanente workers,For better compensation,0,protest,0,0,0,0,1,1,https://www.mercurynews.com/2019/08/29/kaiser-workers-to-protest-on-labor-day-as-strike-nears/,,,,,,
Portland,Kelley Point Park,Multnomah,OR,US,2019-09-02,NA,30,,30,,,Mosquito Fleet,Environment; against fossil fuels,0,protest,0,0,0,0,1,1,https://www.kptv.com/news/kayaktivists-at-kelley-point-park-rally-against-planned-pipeline-expansion/article_5d5aa2c2-cdd9-11e9-a9fb-c3197c2eb472.html,https://www.columbian.com/news/2019/sep/02/kayakers-paddle-to-port-of-vancouver-to-protest-oil-pipeline/,,,,,
Hagåtña,Adelup,Guam,GU,US,2019-09-02,hundreds,200,,200,,,general protesters ,Against colonization,0,protest; march,0,0,0,0,1,1,https://www.guampdn.com/story/news/2019/09/02/hundreds-march-chamoru-self-determination/2189704001/,,,,,,
Boston,Copely Square,Suffolk,MA,US,2019-09-02,hundreds,200,,200,,,32BJ SEIU,Immigration; For compassionate immigration; Collective Bargaining; For unionization,1,protest,0,0,0,0,1,1,https://www.bostonglobe.com/metro/2019/09/02/immigration-takes-center-stage-boston-labor-day-rally/oOitz3PyY6txUaHhOx1nNK/story.html,,,,,,
Pittsburgh,,Allegheny,PA,US,2019-09-02,count pic,30,,30,,,general protesters,Collective Bargaining; For unionization,0,march,0,0,0,0,1,1,https://pittsburgh.cbslocal.com/2019/09/02/pittsburgh-post-gazette-unions-asking-for-contract/,,,,,,
Newark,Broad Street,Essex,NJ,US,2019-09-02,hundreds,200,,200,,,32BJ SEIU,Collective Bargaining; For better compensation,0,protest; march,0,0,0,0,1,1,https://pix11.com/2019/09/02/hundreds-march-in-pouring-rain-in-nj-for-more-pay-murphys-15-minimum-wage-not-enough/,,,,,,
Philadelphia,Sheet Metal Workers Local 19 union hall ,Philadelphia,PA,US,2019-09-02,thousands,2000,,2000,,,32BJ SEIU,Collective Bargaining; For unionization,0,rally,0,0,0,0,1,1,https://www.phillytrib.com/news/business/thousands-of-philly-union-members-rally-on-the-waterfront-for/article_c21184fc-a753-5f8c-8376-bba6e1e410a3.html,,,,,,
St. Louis,Richmond Heights,St. Louis,MO,US,2019-09-02,count pic,20,,20,,,general protesters,Civil Rights; For greater accountability; For racial justice; Police,0,protest,2,,,,,,,,,,,,
South Weber,2700 East,Davis,UT,US,2019-09-03,,120,,120,,,Stop 74,Against Development,0,Park-in,0,0,0,0,1,1,https://www.standard.net/news/government/south-weber-residents-hold-park-in-protest-target-planned-development/article_d4efcb9e-b637-5e9b-92ed-3ac29ac36cda.html,,,,,,
Sacramento,,Sacramento,CA,US,2019-09-03,,,,,,,justCARE,Pro-Abortion Rights,1,Rally,0,0,0,0,1,1,https://www.dailycal.org/2019/09/04/activists-for-medical-abortion-rally-assemblymembers-to-pass-sb-24/,,,,,,
South Bend,South Bend Police Station,St.Joseph,IN,US,2019-09-03,count pic,4,,4,,,general protesters,Pro-Police,2,Demonstration,0,0,0,0,1,1,https://www.wndu.com/content/news/Demonstrators-rally-in-support-of-South-Bend-police-559317151.html,,,,,,
Concord,Mill Brook School,Merrimack,NH,US,2019-09-03,count pic,4,,4,,,CDS Advocates,Against Domestic Violence,1,Protest,,0,0,0,1,1,https://www.unionleader.com/news/education/parent-protest-calls-for-removal-of-concord-superintendent-principal/article_cd4cc58b-ea2c-587d-94b5-a9dc66aaaf9d.html,https://www.wmur.com/article/parents-calling-for-resignation-of-principal-superintendent-rally-in-concord/28905275,,,,,
New Rochelle,Huguenot Children's Library,Westchester,NY,US,2019-09-03,more than two dozens,24,,24,,,general protesters,Pro-Inclusion,1,Protest,0,0,0,0,1,1,http://westchester.news12.com/story/40998011/parents-protest-against-newly-hired-new-rochelle-schools-superintendent,,,,,,
Shelton,City Hall,Fairfield,CT,US,2019-09-03,Dozens,24,,24,,,general protesters,Pro-Education,0,Demonstration,0,0,0,0,1,1,https://www.sheltonherald.com/news/article/Residents-protest-city-s-bus-mismanagement-14408811.php#item-85307-tbla-4,,,,,,
Barnegat Township,Commitee Meeting,Ocean ,NJ,US,2019-09-03,,,,,,,general protesters,Pro-LGBT,1,Rally,0,0,0,0,1,1,https://www.pressofatlanticcity.com/news/barnegat-rally-planned-to-protest-mayor-s-anti-lgbtq-comments/article_216d2fc5-ebb8-5d09-920d-c8a212e32976.html,,,,,,
Jamaica,Along Douglas Avenue,Queens,NY,US,2019-09-04,,,,,,,general protesters,In favor of better environmental conditions and increase standard of living ,0,Protest and march,0,0,0,0,1,1,https://www.qchron.com/editions/eastern/jamaica-march-backs-trash-zone-legislation/article_d104b88a-900c-5ca6-88eb-69126a6c9da8.html,,,,,,
Everett,Tambark Creek Elementary School,Snohomish,WA,US,2019-09-04,,,,,,,Everett students and families,Against dress code,0,Protest,0,0,0,0,1,1,https://www.heraldnet.com/news/parents-students-protest-dress-code-on-first-day-of-school/,,,,,,
Springfield,State Capitol,Sangamon,IL,US,2019-09-04,Around 30,30,,30,,,Catholic protesters,Against abortion rights and high taxes,2,Rally,0,0,0,0,1,1,https://www.bnd.com/news/politics-government/article234751342.html,,,,,,
Bloomington,IU Woodburn Hall to Monroe County Courthouse,Monroe,IN,US,2019-09-04,Around 25,25,,25,,,Indiana University Students,Against India's policies towards Kashmire,0,Protest and march,0,0,0,0,1,1,https://www.idsnews.com/article/2019/09/iu-students-protest-indias-treatment-of-kashmir-its-citizens,,,,,,
Chula Vista,Chula Vista City Hall,San Diego,CA,US,2019-09-04,About 50 ,50,,50,,,"Group: ""Mass resistance,"" other faith groups","Anti-LGBT, protesting drag queen event",0,Rally,0,0,0,0,1,1,https://www.10news.com/news/local-news/faith-group-rallies-against-drag-queen-story-hour,,,,,,
Chula Vista,Chula Vista City Hall,San Diego,CA,US,2019-09-04,"a handful""",,,,,,Supporters of Drag Queen Reading Event,Counter protest (Pro-LGBT),0,Rally,0,0,0,0,1,1,https://www.idsnews.com/article/2019/09/iu-students-protest-indias-treatment-of-kashmir-its-citizens,,,,,,
Arlington,University of Texas at Arlington University Center ,Tarrant,TX,US,2019-09-04,,,,,,,Group: Progressive Students Union,Against imigrant detention at U.S. - Mexico Border,1,Rally,0,0,0,0,1,1,http://www.theshorthorn.com/news/students-protest-detention-of-migrant-children-at-the-us-mexico/article_8e9b15f2-cf63-11e9-8c23-332f47933ebc.html,,,,,,
Sacramento,California State Capitol Building (inside hearing),Sacramento,CA,US,2019-09-04,Dozens,24,,24,,,General protesters,Opposition to mandatory evacuations,0,Protest,0,0,0,0,1,1,https://www.sfchronicle.com/politics/article/California-bill-tightening-medical-exemptions-14413763.php,,,,,,
Los Angeles,Hall of Justice,Los Angeles,CA,US,2019-09-04,,,,,,,Black Lives Matter LA,"against police brutality, for police accountability, Black Lives Matter, against District Attorney Jackie Lacey",1,protest,,,,,1,1,https://www.cnn.com/2020/07/10/us/jackie-lacey-la-da-black-lives-matter/index.html,https://www.newyorker.com/magazine/2020/11/16/after-years-of-protests-every-wednesday-la-activists-welcome-a-new-da,,,,,
Newark,Immigration and Customs Enforcement office (ICE),Essex,NJ,US,2019-09-04,Over 400,400,,400,,,Catholics,Opposition to ICE and migrant detention ,1,Protest,6,0,0,0,1,1,https://www.huffpost.com/entry/catholics-new-jersey-ice-protest_n_5d6ed40fe4b0cdfe05770bd8,,,,,,
Springfield,Springfield City Hall,Hampden,MA,US,2019-09-04,,,,,,,Senior citizens,In support of expanded funding for senior transportation and meals,0,Rally,0,0,0,0,1,1,https://www.wwlp.com/news/local-news/hampden-county/springfield-seniors-rally-for-affordable-transportation-and-food/,,,,,,
Cambridge,City Hall to Union Baptist Church,Middlesex,MA,US,2019-09-04,,,,,,,general protesters,Advocate for the future of the Cambridge Carnival ,0,"Rally, march and forum",0,0,0,0,1,1,http://www.cambridgeday.com/2019/09/03/unity-rally-march-and-community-forum-wednesday-will-look-at-future-of-carnival/,,,,,,
Greenfield,Hancock County Courthouse Plaza,Hancock,IN,US,2019-09-04,,,,,,,Teachers,Advocate for teacher/education issues,0,Rally,0,0,0,0,1,1,http://www.greenfieldreporter.com/2019/09/03/teachers_to_stage_demonstration_at_courthouse/,,,,,,
Centennial,Arapahoe County jail,Arapahoe,CO,US,2019-09-05,,,,,,,General protesters,opponents of a new Arapahoe county jail,0,protest,0,0,0,0,1,1,https://www.thedenverchannel.com/news/front-range/centennial/rally-for-protest-against-new-arapahoe-county-jail,,,,,,
Centennial,Arapahoe County jail,Arapahoe,CO,US,2019-09-05,,,,,,,General protesters,proponents of a new Arapahoe county jail,0,protest,0,0,0,0,1,1,https://www.thedenverchannel.com/news/front-range/centennial/rally-for-protest-against-new-arapahoe-county-jail,,,,,,
Santa Fe, BLM’s New Mexico State Office,Santa Fe,NM,US,2019-09-05,,,,,,,general protesters,protesting the federal Bureau of Land Management’s September lease sale,0,protest,0,0,0,0,1,1,https://www.currentargus.com/story/news/local/2019/09/06/activists-protest-lease-sale-federal-land-oil-and-gas-industry/2231331001/,,,,,,
Baton Rough,Woodlawn Baptist Church,East Baton Rouge,LA,US,2019-09-05,more than 100,100,,150,,,general protesters,protesting to create a new city in southeast East Batouge,0,protest,0,0,0,0,1,1,https://www.theadvocate.com/baton_rouge/news/article_9e71cf56-cff5-11e9-869d-37b6b476c6b1.html,,,,,,
South Bend,St. Joseph County Public Library,St. Joseph,IL,US,2019-09-05,hundreds,200,,200,,,general protesters,protesting against budget chances,0,protest,0,0,0,0,1,1,https://www.southbendtribune.com/news/local/library-supporters-lead-march-in-opposition-to-proposed-funding-change/article_603aaeb1-3b93-5321-860f-088e9e5f651c.html,,,,,,
Westminster,along Center Street,Carroll,MD,US,2019-09-05,about 15,15,,15,,,religious protesters,againdt religious tolerance: the ending of commissioner-led prayer at public meetings,0,protest; march,0,0,0,0,1,1,https://www.baltimoresun.com/maryland/carroll/news/cc-prayer-protest-20190905-xejf2i3tlbhtzeaqvfl5oyzw7i-story.html,,,,,,
Marquette,US Postal Service Building,Marquette,MI,US,2019-09-05,count pic,1,,1,,,"""Take a Knee Peaceful Protest"" Organization",Against police brutality and voilence against black and brown communities,0,protest,0,0,0,0,1,1,https://www.miningjournal.net/news/front-page-news/2019/09/peaceful-protest-staged/,,,,,,
Milford,along US Highway 71,New Haven,CT,US,2019-09-05,about 50,50,,50,,,general protesters,DEAD LINK,DEAD LINK,DEAD LINK,DEAD LINK,DEAD LINK,DEAD LINK,DEAD LINK,DEAD LINK,DEAD LINK,https://www.spencerdailyreporter.com/story/2632164.html,,,,,,
Boston,dowtown Boston to Amazon's Cambridge Office,Suffolk,MA,US,2019-09-05,hundreds,200,,200,,,Never Again Action,Against private companies doing business with ICE,1,march,12,0,0,0,1,1,https://www.bostonglobe.com/metro/2019/09/05/boston-activists-march-protest-companies-doing-business-with-ice/O7lKOIdOz0I8UPUp58YU6N/story.html,,,,,,
Salt Lake City,Utah Board of Education Meeting,Salt Lake,UT,US,2019-09-05,about 30,30,,30,,,Utah Eagle Forum and Pro-Life Utah,against students asking ‘spontaneous questions’ about sex,0,protest; rally,0,0,0,0,1,1,https://www.sltrib.com/news/education/2019/09/05/conservative-groups-storm/,,,,,,
Elko,Elko County Courthouse,Elko,NV,US,2019-09-05,,,,,,,Elko County Democratic Central Committee,protest the Trump administration’s handling of immigrants and asylum seekers and other issues,,protest; rally,,,,,,,https://elkodaily.com/news/local/govt-and-politics/elko-democrats-plan-protest-march/article_81f6da60-003a-56b9-9e35-82e631599d6d.html,,,,,,
Glen Falls,Centennial Circl,Warren,NY,US,2019-09-05,,,,,,,American Patriot Express,pro-Trump rally for women Trump supporters who love their country,,rally,,,,,,,https://poststar.com/news/local/pro-trump-rally-scheduled-for-thursday/article_88d56532-9ec9-5f55-bb45-a054d667964c.html,,,,,,
St. Louis,Washington University,St. Louis ,MO,US,2019-09-06,,,,,,,students,collective bargaining,0,Protest;march,0,0,0,0,1,1,https://www.kmov.com/news/demonstrators-block-streets-near-galleria-richmond-heights-pd-to-protest/article_802d28a8-d0fc-11e9-8e02-57dd98211a13.html,,,,,,
Mount Vernon,Hillcrest Park,Skagit,WA,US,2019-09-07,count pic,18,,18,,,Indivisible Skagit,Immigration; Against Trump's immigration policy,1,protest; relay,0,0,0,0,1,1,https://www.goskagit.com/news/local_news/skagit-activists-join-protest-against-trump-policies/article_bcec8bb5-d93b-5bbe-a23c-27b6e47a1003.html,,,,,,
Ada,Pontotoc County Courthouse,Pontotoc,OK,US,2019-09-07,,,,,,,general protesters,Addiction; Promoting addiction recovery,0,rally; march,0,0,0,0,1,1,https://www.theadanews.com/news/local_news/in-pictures-step-out-of-the-darkness-rally-held-saturday/article_4051b01a-5d91-56a1-b29a-1a00cfc1916c.html,,,,,,
Phoenix,Lyft Headquarters,Maricopa,AZ,US,2019-09-07,a dozen,12,,12,,,Lyft drivers,Collective bargaining; for better compensation,0,protest,0,0,0,0,1,1,https://www.fox10phoenix.com/news/demanding-a-change-valley-lyft-drivers-unite-and-protest-against-new-pay-rates,,,,,,
Colorado Springs,University of Colorado,El Paso,CO,US,2019-09-07,,,,,,,general protesters,For greater safety; Transportation,0,protest,0,0,0,0,1,1,https://www.fox21news.com/features/mothers-march-to-honor-their-children-killed-by-drunk-drivers/,,,,,,
Grand Rapids,Wealthy Theatre,Kent,MI,US,2019-09-07,,,,,,,general protesters,Civil Rights; Anti- LGBTQ+,0,protest,0,0,0,0,1,1,https://www.mlive.com/news/grand-rapids/2019/09/disability-drag-show-draws-sold-out-crowd-sparks-small-protest.html,,,,,,
Kingsport,Downtown,Sullivan,TN,US,2019-09-07,estimated 10000,10000,,10000,,,general protesters,Civil Rights; Pro- LGBTQ+,0,parade,0,0,0,0,1,1,https://www.timesnews.net/Community/2019/09/09/TriPride-draws-10-000.html,,,,,,
Kingsport,Downtown,Sullivan,TN,US,2019-09-07,from 9 to 5,5,,9,,,general protesters,Civil Rights; Anti- LGBTQ+,0,protest,0,0,0,0,1,1,https://www.timesnews.net/Community/2019/09/09/TriPride-draws-10-000.html,,,,,,
Exton,Chester County Library,Chester,PA,US,2019-09-08,about 60 demonstrators,60,,60,,,general protesters,Protesting pipeline construction,0,Protest; rally,0,0,0,0,1,1,https://www.dailylocal.com/news/local/protesters-rally-march-along-pipeline-route/article_6b8975ee-d329-11e9-aeee-07a5ed26efec.html,,,,,,
Harrisburg,Dauphin County Prison,Dauphin,PA,US,2019-09-08,,,,,,,general protesters,Against wrongful punishment ,0,Protest,0,0,0,0,1,1,https://www.pennlive.com/news/2019/09/dauphin-county-prison-reform-supporter-arrested-prompting-protest-sister.html,,,,,,
Honolulu,H-1 Highway ,Honolulu,HI,US,2019-09-08,,,,,,,Hawaiians ,Against construction of Thirty Meter Telescope ,0,Protest,0,0,0,0,1,1,https://www.westhawaiitoday.com/2019/09/09/hawaii-news/tmt-opponents-go-mobile-with-protest-along-oahu-roadways/,,,,,,
La Marque,Walter Feigle Park,Galveston,TX,US,2019-09-08,about 50,50,,50,,,Stop the Violence 409; general protesters,Against gun violence,0,Rally,0,0,0,0,1,1,https://www.galvnews.com/article_34241361-57b4-5c18-a0d2-f29488e98cd2.html,,,,,,
Richfield,Interstate 494,Hennepin,MN,US,2019-09-08,,,,,,,general protesters,Against gun violence,0,Vigil; march,0,0,0,0,1,1,http://www.fightbacknews.org/2019/9/9/i-494-shut-down-protest-police-killing-brian-j-quinones,,,,,,
South Whidbey,Clinton Beach Park,Island,WA,US,2019-09-08,,,,,,,Indivisble Project,Against immigration policies of the current administration,1,March,0,0,0,0,1,1,http://www.southwhidbeyrecord.com/life/whidbey-island-indivisible-group-joins-banner-march-protesting-immigration-policy/,,,,,,
Troy,Intersection infront of Rensselaer County Jairl,Renssaler,NY,US,2019-09-08,about 200 people,200,,200,,,"""Never Again"" Organization",Against ICE policies towards immigrants,1,Protest,0,0,0,0,1,1,https://www.timesunion.com/news/article/ICE-protest-briefly-blocks-Rensselaer-County-Jail-14423322.php,,,,,,
Albany,Education Department Building,Albany,NY,US,2019-09-09,several hundred,300,,300,,,general protesters,Against vaccines,0,rally,0,0,0,0,1,1,https://www.lohud.com/story/news/2019/09/09/new-york-parents-opposed-vaccinations-send-kids-school/2263308001/,,,,,,
Atlanta,QuikTrip on Howell Mill Rd,Fulton,GA,US,2019-09-09,NA,2,,2,,,general protesters,Safety; Against crime,0,protest,0,0,0,0,1,1,https://www.11alive.com/article/news/crime/gas-station-rally-maserati-stolen/85-5be1ce02-7fa7-442a-bfd0-7b94fde8cf67,,,,,,
Burlington,Senator Patrick Leahy's Office,Chittenden,VT,US,2019-09-09,count vid,3,,3,,,general protesters,Safety; Against hazardous conditions,0,sit-in; protest,0,0,0,0,1,1,https://www.wcax.com/content/news/F-35-opponents-again-protest-at-Leahys-office-559969741.html,,,,,,
Central Falls,Wyatt Detention Center,Providence,RI,US,2019-09-09,,,,,,,general protesters,For compassionate immigration,0,protest,0,0,0,0,1,1,https://www.wpri.com/news/local-news/blackstone-valley/anti-ice-activists-to-protest-wyatte-facility-again/,,,,,,
Clearwater,Ream Wilson Trail; McMullen Booth Road,Pinellas,FL,US,2019-09-09,count pic,9,,9,,,St. Petersburg Moms Demand; Indivisible Tampa Bay,against gun violence; pro-gun reform,1,protest,,,,,1,1,https://twitter.com/Moore_Kelly_M/status/1171181482729246720,,,,,,
Colrain,North River Bridge,Franklin,MA,US,2019-09-09,about 15,15,,15,,,general protesters,Environment; Against hazardous conditions; for wilderness preservation,0,protest,0,0,0,0,1,1,https://www.recorder.com/15-protest-sulphuric-acid-leak-in-North-River-28357964,,,,,,
Fayetteville,Crown Expo Center,Cumberland,NC,US,2019-09-09,,,,,,,general protesters,"for Republican candidates for U.S. Congress, for President Trump",2,rally,0,0,0,0,1,1,https://www.cbsnews.com/news/trump-rally-fayettville-maga-2020-campaign-crown-expo-center-live-stream-updates-2019-09-09/,https://apnews.com/article/election-2020-nc-state-wire-donald-trump-north-carolina-ap-top-news-743fe7db77c543c498e33df29f6c53ae,https://www.elonnewsnetwork.com/article/2019/09/trump-rally-fayetteville-nc,feat. President Trump,,,
Fayetteville,Crown Expo Center,Cumberland,NC,US,2019-09-09,NA,8,,8,,,general protesters,Executive; Against president,1,protest,0,0,0,0,1,1,https://www.fayobserver.com/news/20190909/protesters-chant-lock-him-up-before-trump-rally-in-fayetteville,,,,,,
Kahului,Kahului Airport,Maui,HI,US,2019-09-09,NA,200,,200,,,Against development; For cultural preservation,,0,protest,0,0,0,0,1,1,https://mauinow.com/2019/09/09/protest-convoy-on-maui-planned-from-lahaina-to-kahului-airport-at-1-p-m/,https://www.mauinews.com/news/local-news/2019/09/mauna-kea-protest-convoy-treks-from-lahaina-to-kahului-airport/,,,,,
Menominee,10th Ave and 10th Street,Dunn,MI,US,2019-09-09,count pic,6,,6,,,general protesters,For library funding; against budget cuts,0,protest,0,0,0,0,1,1,https://www.uppermichiganssource.com/content/news/Menominee--559869851.html,,,,,,
Mountain Home,Veterans Memorial Plaza,Baxter,AR,US,2019-09-09,NA,1,,1,,,general protesters,Other; for recognition,0,protest; hunger-strike,0,0,0,0,1,1,https://www.baxterbulletin.com/story/news/local/2019/09/10/vet-vows-protest-until-die/2274785001/,,,,,,
New Orleans,ICE Offices,Orleans Parish,LA,US,2019-09-09,dozens,24,,24,,,Congress of Day Laborers in New Orleans,For compassionate immigration,1,protest,0,0,0,0,1,1,https://apnews.com/5317636d38954405b075874d68aa9a90,,,,,,
New York,Baruch College,New York,NY,US,2019-09-09,,,,,,,32BJ SEIU,For worker rights,0,rally,0,0,0,0,1,1,https://www.nydailynews.com/news/politics/ny-20190908-vrmxgrldvrarbevoo6cj3efmfu-story.html,,,,,,
Providence ,State House,Providence,RI,US,2019-09-09,about 20,20,,20,,,Sunrise,Environmental; against climate change,0,protest; sit-in,0,0,0,0,1,1,https://www.providencejournal.com/news/20190909/climate-activists-rally-in-providence-for-green-new-deal,,,,,,
Reading,Berks County Services Center,Berks,PA,US,2019-09-09,about 30,30,,30,,,Berks-Reading United Labor Council; Lehigh Valley Labor Council; PA Democrats,Collective bargaining; for worker rights,0,rally,0,0,0,0,1,1,https://www.readingeagle.com/news/article/rally-held-in-reading-to-support-creating-osha-style-health-and-safety-regulations-for-public-workers-in-pennsylvania,,,,,,
Richmond ,Dominion Energy,Richmond,VA,US,2019-09-09,,,,,,,Dominion Energy customers,Against increased utility prices,0,rally,0,0,0,0,1,1,https://wset.com/news/local/dominion-energy-customers-host-rally-over-refund-of-nearly-400-million-denied,,,,,,
Sacramento,Capitol,Sacramento,CA,US,2019-09-09,,,,,,,Uber and Lyft drivers,Collective Bargaining; For worker rights,0,protest,0,0,0,0,1,1,https://www.usatoday.com/story/news/politics/2019/09/09/drivers-share-their-stories-on-why-ab-5-is-so-controversial/2268244001/,,,,,,
Sacramento,Capitol,Sacramento,CA,US,2019-09-09,,,,,,,Uber and Lyft drivers,Against regulation,0,protest,0,0,0,0,1,1,https://www.usatoday.com/story/news/politics/2019/09/09/drivers-share-their-stories-on-why-ab-5-is-so-controversial/2268244001/,,,,,,
Sacramento,,Sacramento,CA,US,2019-09-09,,,,,,,general protesters,For vaccines,0,protest,,,,,1,1,https://www.nhregister.com/news/article/California-Assembly-approves-vaccine-bill-sought-14425946.php,DEAD LINK,,,,,
Sacramento,,Sacramento,CA,US,2019-09-09,,,,,,,general protesters,Against vaccines,0,protest,,,,,1,1,https://www.nhregister.com/news/article/California-Assembly-approves-vaccine-bill-sought-14425946.php,DEAD LINK,,,,,
Vancouver,Waterfront Park,Clark,WA,US,2019-09-09,about 20,20,,20,,,Indivisible Greater Vancouver,For compassionate immigration,1,protest,0,0,0,0,1,1,https://www.columbian.com/news/2019/sep/09/vancouver-demonstration-cut-budgets-of-ice-customs/,,,,,,
Wilkes-Barre,Luzurne County Children and Youth Offices,Luzurne,PA,US,2019-09-09,,,,,,,Crowd Pow Wow Proud,Healtcare; for medical marijuana use,0,rally,0,0,0,0,1,1,https://www.timesleader.com/news/755266/luzerne-county-children-and-youth-head-comments-on-protest,,,,,,
Allentown,Government Center,Lehigh,PA,US,2019-09-10,count pic,10,,10,,,Raise the Wage PA,For higher minimum wage; Other,0,rally,0,0,0,0,1,1,https://www.mcall.com/business/mc-biz-minimum-wage-rally-20190910-ncube43czzgh3ep6ptuh7jup5i-story.html,,,,,,
Chesterfield,Chesterfield School Board,Saint Louis,VA,US,2019-09-10,about 30,30,,30,,,general protesters,Education; Against hazardous conditions,0,Rally,0,0,0,0,1,1,https://www.richmond.com/news/local/education/chesterfield/chesterfield-parents-rally-outside-school-board-meeting-to-protest-legionella/article_7269af8e-8bdf-57fd-abda-b1d9657be79a.html,,,,,,
Chula Vista,Chula Vista City Hall,San Diego,CA,US,2019-09-10,,,,,,,general protesters,Civil Rights; Anti-LGBTQ,0,protest,0,0,0,0,1,1,https://www.10news.com/news/south-bay-news/despite-urging-from-faith-leaders-chula-vista-drag-queen-story-time-still-happening,,,,,,
Columbus,Ohio Supreme Court,Franklin,OH,US,2019-09-10,count vid,6,,6,,,Ohio Professional Bail Bond Association,Other; Against criminal justice reform,0,protest,0,0,0,0,1,1,https://www.nbc4i.com/news/local-news/proposed-bail-reforms-come-under-fire-at-state-supreme-court-demonstration/,,,,,,
East Meadow,Nassau University Medical Center,Nassau,NY,US,2019-09-10,dozens,24,,24,,,general protesters,Other; Against vaccines,0,protest; rally,0,0,0,0,1,1,http://longisland.news12.com/story/41028868/parents-opposed-to-vaccine-law-rally-at-nassau-university-medical-center,,,,,,
Juneau,State Capitol,Juneau,AK,US,2019-09-10,count pic ,38,,38,,,general protesters ,Against climate change; Environment,0,rally,0,0,0,0,1,1,https://www.juneauempire.com/news/empire-live-climate-change-rally-at-the-capitol-aims-for-international-audience/,,,,,,
Kansas City,83rd Terrace,Platte,MO,US,2019-09-10,count vid,4,,4,,,Barlett family,Other; For continued investigation,0,Rally,0,0,0,0,1,1,https://fox4kc.com/2019/09/12/still-waiting-for-an-arrest-family-of-kc-8-year-old-boy-shot-and-killed-rallies-for-justice/,,,,,,
Lansing ,State Capitol,Ingham,MI,US,2019-09-10,several hundred,300,,300,,,general protesters ,Guns; Against greater gun control,2,protest,0,0,0,0,1,1,https://fox17online.com/2019/09/10/hundreds-gather-at-capitol-to-protest-red-flag-laws/24585/,,,,,,
New Orleans ,Outside a building housing ICE officers near the Superdome,Orleans ,LA,US,2019-09-10,dozens,24,,24,,,Congress of Day Laborers,For compassionate immigration,1,protest,0,0,0,0,1,1,https://apnews.com/5317636d38954405b075874d68aa9a90,,,,,,
Oceanside,School board meeting,San Diego,CA,US,2019-09-10,about 50,50,,50,,,general protesters ,Education; For public transportation,0,protest,0,0,0,0,1,1,https://www.sandiegouniontribune.com/communities/north-county/story/2019-09-10/oceanside-parents-protest-busing-cuts,,,,,,
San Marcos,Cal State,Los Angeles,CA,US,2019-09-10,count pic,5,,5,,,general protesters ,Other; For firing/reassignment; Against mismanagement; Tuition,0,protest,0,0,0,0,1,1,https://www.sandiegouniontribune.com/news/watchdog/story/2019-09-10/cal-state-san-marcos-students-protest-deans-spending,,,,,,
Saint Paul,"Bishop Henry Whipple Building, 1 Federal Dr",Ramsey,MN,US,2019-09-10,,,,,,,Interfaith Coalition on Immigration; Basilica of St. Mary,"in solidarity with migrant detainees, against inhumane detention practices",1,vigil,,,,,1,1,https://mnicom.org/programs/vigils/,https://mnicom.org/2019/09/05/september-vigil/,,second Tuesday of every month,,,
St. Joseph,St. Joseph Library,Buchanan,MO,US,2019-09-10,,,,,,,general protesters,Civil Rights; Pro-LGBTQ; Counter protest        ,0,protest,0,0,0,0,1,1,https://www.kq2.com/content/news/Protesters-counter-protesters-greet-those-attending-Drag-Queen-Story-Hour-560034571.html,,,,,,
St. Joseph,St. Joseph Library,Buchanan,MO,US,2019-09-10,around two dozen,24,,24,,,American Needs Fantima,Civil Rights; Anti-LGBTQ,0,protest,0,0,0,0,1,1,https://www.kq2.com/content/news/Protesters-counter-protesters-greet-those-attending-Drag-Queen-Story-Hour-560034571.html,,,,,,
Washington,NA,DC,DC,US,2019-09-10,,,,,,,general protesters,Other; For greater safety; Transportation,,,,,,,1,1,https://www.wsbtv.com/news/national-news/ap-top-news/relatives-of-passengers-killed-in-boeing-crash-protest-in-dc/984922843,DEAD LINK,,,,,
Washington,NA,DC,DC,US,2019-09-10,,,,,,,general protesters ,Other; For greater safety,0,protest,,,,,1,1,https://www.wsbtv.com/news/national-news/ap-top-news/relatives-of-passengers-killed-in-boeing-crash-protest-in-dc/984922843,DEAD LINK,,,,,
Washington,US Capitol,DC,DC,US,2019-09-10,count pic,24,,24,,,Moms Demand Action,For greater gun control; Guns,1,rally,0,0,0,0,1,1,https://www.daytondailynews.com/news/local/dayton-mayor-whaley-other-mayors-rally-for-senate-action-guns/VQqEekB64Hf50lrOxRnMqI/,,,,,,
Coeur d'Alene,Kootenai Health Center,Kootenai,ID,US,2019-09-11,About 40,40,,40,,,general protesters,Protest against coercive techniques used by healthcare providers,0,Protest,0,0,0,0,1,1,https://www.cdapress.com/local_news/20190912/prescription_for_a_protest,,,,,,
Elgin,Elgin City Hall,Cook and Kane,IL,US,2019-09-11,,,,,,,Fox Valley Citizens For Peace and Justice,Protest in favor of racial justice and in favor of accountability with police,0,Protest,0,0,0,0,1,1,https://www.chicagotribune.com/suburbs/elgin-courier-news/ct-ecn-fox-valley-citizens-jensen-st-0913-20190912-jqzdnxwrnrdi7pyn6tnkglw2q4-story.html,,,,,,
Groversville,Groversville Senior Center,Fulton,NY,US,2019-09-11,,,,,,,Senior Citizens,Protesting in favor of senior services,0,Protest,0,0,0,0,1,1,https://www.leaderherald.com/news/local-news/2019/09/seniors-protest-against-center-board/,,,,,,
Idaho Falls,Bonneville Joint school District Offices,Bonneville,ID,US,2019-09-11,,,,,,,D93 Citizens,Against tax increases,0,Rally,0,0,0,0,1,1,https://www.eastidahonews.com/2019/09/advocacy-group-plans-to-protest-emergency-levy-in-district-93/,,,,,,
Leawood,Brookwood Elementary School,Johnson,KS,US,2019-09-11,,,,,,,Students and parents,"Against hate, pro-LGBTQ",0,March; Rally,0,0,0,0,1,1,https://fox4kc.com/2019/09/11/brookwood-elementary-students-rally-together-protecting-transgender-student-from-hate-group/,,,,,,
Los Angeles,Hall of Justice,Los Angeles,CA,US,2019-09-11,,,,,,,Black Lives Matter LA,"against police brutality, for police accountability, Black Lives Matter, against District Attorney Jackie Lacey",1,protest,,,,,1,1,https://www.cnn.com/2020/07/10/us/jackie-lacey-la-da-black-lives-matter/index.html,https://www.newyorker.com/magazine/2020/11/16/after-years-of-protests-every-wednesday-la-activists-welcome-a-new-da,,,,,
Tylertown,Tylertown High School ,Walthall,MS,US,2019-09-11,,,,,,,Students,Against separation of church and state,0,Protest; walkout,0,0,0,0,1,1,https://www.hattiesburgamerican.com/story/news/local/2019/09/11/tylertown-high-school-first-priority-time-change-forces-student-protest-student-religious-group/2289422001/,,,,,,
Washington,Washington Monument,,DC,US,2021-09-11,count pic,60,,80,,,general protesters,"for QAnon, against Democrats, against pedophelia, where we go one we go all",2,rally,,,,,1,1,https://twitter.com/travis_view/status/1436800184499904512,,,,,,
Albany,Capital West Park,Albany,NY,US,2019-09-12,,15,,15,,,Lift Every Voice,Pro-Immigration,1,Rally,0,0,0,0,1,1,https://www.timesunion.com/news/article/Mental-health-professionals-rally-against-family-14435287.php,,,,,,
Baltimore,Christopher Columbus Piazza,Baltimore,MD,US,2019-09-12,dozens,24,,24,,,Baltimore Welcoming Commitee,Anti-Executive,1,Demonstration,0,0,0,0,1,1,https://www.baltimoresun.com/politics/bs-md-pol-trump-protests-20190912-jwh2hkoz4fg7dmghmfclguu5si-story.html,,,,,,
Baytown,Fred Hartman Bridge,Harris,TX,US,2019-09-12,,23,,23,,,Greenpeace,Environment; Against climate change,1,direct action,23,0,0,0,1,1,https://abc13.com/society/greenpeace-protesters-arrested-at-fred-hartman-bridge/5534431/,https://wkzo.com/2021/11/05/greenpeace-texas-prosecutor-settle-charges-in-2019-climate-protest/,,,,,
Colorado Spring,The Broadmoor,El Paso,CO,US,2019-09-12,several; around five,5,,5,,,General Protesters,Against Police Brutality,0,Protest,0,0,0,0,1,1,https://www.csindy.com/TheWire/archives/2019/09/12/devon-bailey-protesters-disrupt-state-of-the-city-speech,,,,,,
Corvallis,Oregon State University,Benton,OR,US,2019-09-12,more than 150,150,,150,,,Service Employees International Union,Collective Bargaining; for better compensation,0,rally,0,0,0,0,1,1,https://democratherald.com/news/local/campus-workers-rally-at-osu/article_bfe12ec3-8685-5bda-985c-add9eab2d352.html,,,,,,
North Liberty,BeerBurger,Johnson,IA,US,2019-09-12,,,,,,,Center For Worker Justice,Pro-Worker's Right,0,Protest,0,0,0,0,1,1,https://www.press-citizen.com/story/news/2019/09/11/center-demands-wages-withheld-former-beerburger-workers/2294635001/,,,,,,
Boulder,Street corners in Boulder,Boulder,CO,US,2019-09-13,,,,,,,Indivisible Colorado,Against Trump immigration policy,1,Protest,0,0,0,0,1,1,https://www.dailycamera.com/2019/09/11/letters-end-to-school-board-candidacy-protest-immigration-policies-youth-and-traffic-safety/,,,,,,
Carbondale,Sopris Park,Garfield,CO,US,2019-09-13,,,,,,,"350 Colorado Organization, students",Against climate change,0,Rally,0,0,0,0,1,1,https://www.postindependent.com/news/from-drums-to-discussion-carbondale-climate-rally-aims-to-inspire-action/,,,,,,
Central Falls,Outside of Wyatt Detention Facility,Providence,RI,US,2019-09-13,,,,,,,Never Again Action,Against ICE and Trump policy towards migrants; Against privatization of prisons,1,Protest,0,0,0,0,1,1,https://www.providencejournal.com/news/20190916/wyatt-board-takes-creditors-agreement-into-closed-session-frustrating-protesters,,,,,,
Glens Falls,Centennial Circle,Warren,NY,US,2019-09-13,,,,,,,Saratoga Progressive Action,Agaisnt government funding for ICE,1,Protest,0,0,0,0,1,1,https://poststar.com/news/local/govt-and-politics/city-to-put-up-barricades-to-keep-protesters-out-of/article_dab4dd2d-930c-5ea5-94bc-4a05936280f6.html,,,,,,
Janesville,Rock County Courthouse,Rock,WI,US,2019-09-13,,,,,,,general protesters,Against unjust punishment,0,Protest,0,0,0,0,1,1,https://www.beloitdailynews.com/local_news/20190912/friends_family_plan_protest_say_sentences_given_to_teens_unfair,,,,,,
Lynchburg,Liberty University Campus,Campbell,VA,US,2019-09-13,,,,,,,Student,Against corrption within adminstration; In favor of more accountability,0,Protest,0,0,0,0,1,1,https://religionnews.com/transmission/liberty-students-plan-a-protest-after-new-falwell-revelations/,,,,,,
New York ,Playground across from Bayside High School,Queens,NY,US,2019-09-13,,,,,,,Parents of Bayside High School Students,For equitable funding,0,Protest; Rally,0,0,0,0,1,1,https://qns.com/story/2019/09/11/its-david-versus-goliath-bayside-high-school-parents-will-rally-for-equitable-funding-and-consider-legal-action/,,,,,,
Sacramento,California State House,Sacramento,CA,US,2019-09-13,,,,,,,A Voice for Choice organization,Against vaccinations,0,Protest; Sit in ,1,0,0,0,1,1,https://www.politico.com/story/2019/09/18/california-anti-vaccine-civil-rights-1500976,,,,,,
Berkeley ,California Memorial Stadium,Alameda,CA,US,2019-09-14,,,,,,,UC Berkeley Students,"Against university involvment in construction of Thirty Meter Telescope in Hawaii; Against football team ""Polynesian Heritage Event""; For more awareness/support of Pacific Islanders",0,Protest; Rally,0,0,0,0,1,1,https://www.dailycal.org/2019/09/17/protesters-rally-at-california-memorial-stadium-for-mauna-kea/,,,,,,
Dahlonega,downtown,Lumpkin,GA,US,2019-09-14,between 35 and 50,35,,50,,,white supremacist groups,support Trump 2020,2,rally,0,0,0,0,1,1,https://www.ajc.com/news/supremacists-outnumbered-protesters-police-dahlonega-rally/3uL15rYS0adNZHYTs44zGJ/,,,,,,
Dahlonega,downtown,Lumpkin,GA,US,2019-09-14,three times that number,105,,150,,,general protesters,anti-white supremacy,1,counter-rally,2,0,0,0,1,1,https://www.ajc.com/news/supremacists-outnumbered-protesters-police-dahlonega-rally/3uL15rYS0adNZHYTs44zGJ/,,,,,,
Granville,Veterans Park,Washington,NY,US,2019-09-14,,,,,,,Friends who Support President Trump,Support of the president,2,Rally,0,0,0,0,1,1,https://poststar.com/news/local/pro-trump-rally-set-for-saturday-in-granville/article_fa657457-5c05-5db0-a6bc-7086274d09e0.html,,,,,,
Seattle,Planned Parenthood Lee Minto Center ,King,WA,US,2019-09-14,,3,,7,,,general protesters,anti-abortion,2,protest,0,0,0,0,1,1,eyewitness headcount,,,,,,
Springfield,Park Central Square,Sangamon,MO,US,2019-09-14,,,,,,,General public,Against sexual/domestic violence; solidarity with victims,0,Rally,0,0,0,0,1,1,https://www.ozarksfirst.com/local-news/local/metoo-rally-will-be-held-in-springfield-to-support-and-raise-awareness-to-victims/,,,,,,
Athens,Ohio University,Athens,OH,US,2019-09-16,roughly 75,75,,75,,,general protesters,Collective bargaining; for unionization; against speaker,0,protest ,0,0,0,0,1,1,https://www.athensnews.com/news/campus/right-to-work-figure-at-ou-draws-protest-on-campus/article_90d66bd6-da3b-11e9-b67f-c701f5d43f59.html,,,,,,
Central Falls,Wyatt Detention Center,Providence,RI,US,2019-09-16,,,,,,,Never Again Action,Immigration; Against ICE,1,protest,0,0,0,0,1,1,https://www.providencejournal.com/news/20190916/wyatt-board-takes-creditors-agreement-into-closed-session-frustrating-protesters,,,,,,
Flint,General Motors Plant,Genesee,MI,US,2019-09-16,nearly 50000,50000,,50000,,,United Automobile Workers,Collective bargaining; for better compensation,0,walk-out; strike,0,0,0,0,1,1,http://inthesetimes.com/working/entry/22069/united-auto-workers-general-motors-strike-class-war-picket,,,,,,
Huntington,Lloyd Harbor Elementary School,Suffolk,NY,US,2019-09-16,about two dozen,24,,24,,,general protesters,For vaccines,0,protest,0,0,0,0,1,1,https://www.newsday.com/long-island/education/vaccination-waivers-lloyd-harbor-1.36418321,,,,,,
Pullman,Washington State University,Whitman,WA,US,2019-09-16,,,,,,,Center for BioEthical Reform,Against abortion; Civil rights,0,protest,0,0,0,0,1,1,https://www.khq.com/news/abortion-demonstration-stirs-controversy-on-wsu-campus/article_0c175822-d98e-11e9-863d-2ba867f59d9f.html,,,,,,
Pullman,Washington State University,Whitman,WA,US,2019-09-16,count pic,3,,3,,,general protesters,For abortion; pro-choice; counter-protest,0,protest,0,0,0,0,1,1,https://www.khq.com/news/abortion-demonstration-stirs-controversy-on-wsu-campus/article_0c175822-d98e-11e9-863d-2ba867f59d9f.html,,,,,,
Queens,Aviation High School,Queens,NY,US,2019-09-16,about 60,60,,60,,,general protesters,Against development; transportation,0,protest,0,0,0,0,1,1,https://www.qchron.com/editions/queenswide/sunnyside-yard-talk-draws-protest-to-lic/article_8ce38a8a-6cb5-576b-a80b-52055942c6d4.html,,,,,,
Rio Rancho,Santa Ana Star Center,Sandoval,NM,US,2019-09-16,"thousands; 10,000",2000,,10000,,,Trump supporters,for President Trump,1,rally,0,0,0,0,1,1,https://www.theatlantic.com/politics/archive/2019/09/trumps-new-mexico-rally/598138/,https://www.politico.com/story/2019/09/16/trump-new-mexico-rally-1499569,https://www.cbsnews.com/news/trump-rally-rio-rancho-new-mexico-today-2020-campaign-santa-ana-star-center-live-stream-updates-2019-09-16/,feat. President Trump,https://nmindepth.com/2019/maga-new-mexicans-turn-out-for-trump-confident-they-can-win-in-2020/,,
Rio Rancho,Santa Ana Star Center,Sandoval,NM,US,2019-09-16,approximately 200,200,,200,,,general protesters,against President Trump,1,counter-protest,0,0,0,0,0,1,https://nmindepth.com/2019/maga-new-mexicans-turn-out-for-trump-confident-they-can-win-in-2020/,,,,,,
Ruthven,Town Hall,Palo Alto,IA,US,2019-09-16,NA,3,,3,,,Podunk Resistance,Legislative; against congressional representative,0,protest,0,0,0,0,1,1,https://www.spencerdailyreporter.com/story/2634686.html,,,,,,
Northbrook,outside Village Hall,Cook,IL,US,2019-09-17,dozens,24,,24,,,general protesters,against recreational marijuana dispensaries,0,rally,0,0,0,0,1,1,https://www.chicagotribune.com/suburbs/northbrook/ct-nbs-anti-cannabis-dispensary-rally-tl-0926-20190920-xr5p4o4xejfljokahyvrbi4hxq-story.html,,,,,,
Washington,Pennsylvania Ave NW,DC,DC,US,2019-09-17,,,,,,,DC Mayor's Office,DC statehood,0,rally,0,0,0,0,1,1,https://www.washingtonpost.com/local/dc-politics/bowser-leads-rally-for-dc-statehood-as-house-hearing-voting-rights-nears/2019/09/16/28a35aae-d894-11e9-ac63-3016711543fe_story.html,,,,,,
Buffalo,Waterfront Elementary School,Erie,NY,US,2019-09-18,,,,,,,Buffalo Teachers Federation,Collective bargaining; for better compensation,0,rally; protest,0,0,0,0,1,1,https://www.wivb.com/news/local-news/buffalo/buffalo-teachers-protest-outside-board-of-education-meeting/,,,,,,
Burton,General Motors  ,Genesee,MI,US,2019-09-18,,,,,,,United Automobile Workers,Collective bargaining; for better compensation,0,strike; protest,0,0,0,0,1,1,https://www.thecentersquare.com/michigan/uaw-scandals-and-protest-violence-mar-gm-strike-message/article_5f0103fc-da52-11e9-8f9e-1b5a36174bd8.html,,,,,,
Columbus,Capitol,Franklin,OH,US,2019-09-18,about 150,150,,150,,,Ohio Council of Churches; Ohioans for Gun Safety,For greater gun control,0,protest,0,0,0,0,1,1,https://www.dispatch.com/news/20190918/dayton-pastor-on-guns-we-want-to-help-lawmakers-see-carnage-that-is-out-here,,,,,,
East Farmingdale,Farmingdale State College,Suffolk ,NY,US,2019-09-18,about a hundred,100,,100,,,general protesters,Against vaccines,0,protest,0,0,0,0,1,1,https://www.newsday.com/long-island/education/anti-vaccine-students-newfield-high-school-1.36508647,,,,,,
El Paso,Downtown,El Paso,TX,US,2019-09-18,about 100,100,,100,,,general protesters,Civil Rights; against white supremacy,0,protest,,,,,,,https://kvia.com/news/el-paso/about-100-white-supremacy-protesters-take-to-the-streets-of-downtown-el-paso/1122644512,DEAD LINK,,,,,
Flint,General Motors  ,Genesee,MI,US,2019-09-18,,,,,,,United Automobile Workers,Collective bargaining; for better compensation,0,strike; protest,0,0,0,0,1,1,https://www.thecentersquare.com/michigan/uaw-scandals-and-protest-violence-mar-gm-strike-message/article_5f0103fc-da52-11e9-8f9e-1b5a36174bd8.html,,,,,,
Los Angeles,Hall of Justice,Los Angeles,CA,US,2019-09-18,,,,,,,Black Lives Matter LA,"against police brutality, for police accountability, Black Lives Matter, against District Attorney Jackie Lacey",1,protest,,,,,1,1,https://www.cnn.com/2020/07/10/us/jackie-lacey-la-da-black-lives-matter/index.html,https://www.newyorker.com/magazine/2020/11/16/after-years-of-protests-every-wednesday-la-activists-welcome-a-new-da,,,,,
Madison,Capitol,Dane,WI,US,2019-09-18,,,,,,,Wisconsin Coalition for Gun Safety,For greater gun control,0,rally,0,0,0,0,1,1,https://www.channel3000.com/news/-doing-nothing-s-not-an-option-state-legislators-and-gun-control-activists-rally-for-change/1122638054,,,,,,
Madison,Capitol,Dane,WI,US,2019-09-18,count pic,2,,2,,,general protesters,Against gun control; counterprotest,0,protest,0,0,0,0,1,1,https://www.channel3000.com/news/-doing-nothing-s-not-an-option-state-legislators-and-gun-control-activists-rally-for-change/1122638054,,,,,,
Rochester,Rochester Community and Technical College,,MN,US,2019-09-18,more than 85,85,,85,,,40 Days for Life; Students for Life,"against abortion, for Christian values",2,rally,0,0,0,0,1,1,https://www.naturalnews.com/2019-09-19-bomb-threat-and-chemical-attack-disrupts-pro-life-students.html,,,,,,
Rochester,Rochester Community and Technical College,,MN,US,2019-09-18,a,1,,1,,,man,against anti-abortion event,1,counter-protest,1,0,0,0,1,1,https://www.naturalnews.com/2019-09-19-bomb-threat-and-chemical-attack-disrupts-pro-life-students.html,,,appeared to be mixing chemicals in backpack inside auditorium during event,,,
Rocky Point,Rocky Point Middle School,Suffolk ,NY,US,2019-09-18,,,,,,,general protesters,Against vaccines,0,protest,0,0,0,0,1,1,https://www.newsday.com/long-island/education/anti-vaccine-students-newfield-high-school-1.36508647,,,,,,
Rocky Point,Joseph A. Edgar Intermediate School,Suffolk ,NY,US,2019-09-18,,,,,,,general protesters,Against vaccines,0,protest,0,0,0,0,1,1,https://www.newsday.com/long-island/education/anti-vaccine-students-newfield-high-school-1.36508647,,,,,,
San Diego,Horton Plaza,San Diego,CA,US,2019-09-18,some 200,200,,200,,,Backbone Campaign,Executive; Against president,1,protest,0,0,0,0,1,1,https://www.sandiegouniontribune.com/news/story/2019-09-18/trump-touches-down-in-san-diego-for-whirlwind-visit,,,,,,
San Diego,Horton Plaza,San Diego,CA,US,2019-09-18,some 200,200,,200,,,general protesters,Executive; For president; counterprotest,2,protest,0,0,0,0,1,1,https://www.sandiegouniontribune.com/news/story/2019-09-18/trump-touches-down-in-san-diego-for-whirlwind-visit,,,,,,
San Diego,Horton Plaza,San Diego,CA,US,2019-09-18,,,,,,,general protesters,Against vaccines,0,protest,0,0,0,0,1,1,https://www.sandiegouniontribune.com/news/story/2019-09-18/trump-touches-down-in-san-diego-for-whirlwind-visit,,,,,,
Selden,Newfield High School,Suffolk ,NY,US,2019-09-18,,,,,,,general protesters,Against vaccines,0,protest,0,0,0,0,1,1,https://www.newsday.com/long-island/education/anti-vaccine-students-newfield-high-school-1.36508647,,,,,,
Spring Hill,General Motors ,Maury,TN,US,2019-09-18,seven to nine,7,,9,,,United Automobile Workers,Collective bargaining; for better compensation,0,strike; protest,7,0,0,0,1,1,https://www.kob.com/albuquerque-business-news/the-latest-slow-progress-in-talks-as-gm-strike-in-3rd-day/5496748/,,,,,,
St. Cloud,Outside of St. Cloud Public Library,Stearns,MN,US,2019-09-18,About two dozen,24,,24,,,Freedom Speaks Coalition,Against Islam; Pro-free speech,0,Protest,0,0,0,0,1,1,https://www.sctimes.com/story/news/local/2019/09/19/after-panel-canceled-cair-director-calls-protesters-fringe-hate-group-jaylani-hussein-st-cloud/2373650001/,,,,,,
Swartz Creek,General Motors  ,Genesee,MI,US,2019-09-18,,,,,,,United Automobile Workers,Collective bargaining; for better compensation,0,strike; protest,0,0,0,0,1,1,https://www.thecentersquare.com/michigan/uaw-scandals-and-protest-violence-mar-gm-strike-message/article_5f0103fc-da52-11e9-8f9e-1b5a36174bd8.html,,,,,,
Washington,US Capitol Building,DC,DC,US,2019-09-18,NA,2,,2,,,general protesters,For greater gun control,0,protest,0,0,0,0,1,1,https://www.theadvocate.com/baton_rouge/news/politics/article_cd5a6052-da55-11e9-9102-a70306cc773c.html,,,,,,
Washington ,Supreme Court,DC,DC,US,2019-09-18,,,,,,,general protesters,Environment; Against climate change,0,protest,0,0,0,0,1,1,https://www.floridatoday.com/story/news/2019/09/19/young-climate-activist-satellite-beach-appears-washington-alongside-greta-thunberg/2366801001/,,,,,,
Tuscaloosa,At the University of Alabama,Tuscaloosa,AL,US,2019-09-19,,,,,,,students at the University of Alabama,protesting in favor of diversity and free speech,0,protest,0,0,0,0,1,1,https://www.al.com/galleries/IK5REAPMA5BOFHDNSFIFUEOUTA/,,,,,,
Aurora,Outside the home of the Aurora ICE Detention Center's chief,Adams,CO,US,2019-09-19,hundreds,200,,200,,,general protesters,protesting against ICE,1,protest,3,0,0,0,1,1,https://www.coloradoindependent.com/2019/09/19/abolish-ice-protest-aurora-geo-detention-center/,,,,,,
Aurora,outside home of Aurora detention center chief,Arapahoe,CO,US,2019-09-19,hundreds,200,,200,,,Abolish ICE Denver protesters,against ICE,1,protest,3,0,0,0,1,1,https://www.coloradoindependent.com/2019/09/19/abolish-ice-protest-aurora-geo-detention-center/,,,,,,
Birmingham,University of Alabama,Jefferson,AL,US,2019-09-19,count pic,70,,70,,,students,for diversity and free speech,1,protest,0,0,0,0,1,1,https://www.al.com/galleries/IK5REAPMA5BOFHDNSFIFUEOUTA/,,,,,,
New Hyde Park,The Inn ,Nassau,NY,US,2019-09-19,,,,,,,Anti-violence groups; general protesters,Against NRA and gun violence; Pro-gun control,0,Rally,0,0,0,0,1,1,http://longisland.news12.com/story/41074456/gun-safety-advocates-rally-outside-nra-fundraiser-in-new-hyde-park,,,,,,
Tuscon,University of Arizona campus,Pima,AZ,US,2019-09-19,,,,,,,Queers United Coalition,Against homophobia; Pro-LGBTQ; In favor of greater acountability ,0,Protest;March,0,0,0,0,1,1,http://www.wildcat.arizona.edu/article/2019/09/n-second-quc-protest,,,,,,
St. Louis,Outside of St. Louis City Hall,St. Louis,MO,US,2019-09-19,about 75,75,,75,,,general protesters,in favor of more accountibilty and criminal justice reform,0,Protest; rally,0,0,0,0,1,1,https://www.stltoday.com/news/local/crime-and-courts/we-are-at-war-says-kim-gardner-supporter-at-rally/article_e60570f3-a81d-52af-9ab2-7914e1253401.html,,,,,,
Washington,Chinatown and National Mall,DC,DC,US,2019-09-19,,,,,,,general protesters,In favor of statehood for Washington DC; Against gun violence ,0,Protest; March,0,0,0,0,1,1,https://wtop.com/dc/2019/09/rally-march-planned-after-momentous-dc-statehood-hearing-on-capitol-hill/,,,,,,
Columbus,Outside Ohio Statehouse,Franklin,OH,US,2019-09-19,About 150 people,150,,150,,,Ohioans for Gun Safety,"Against gun violence; in favor of assault weapons ban, universal background checks andother gun reform measures ",0,Protest,0,0,0,0,1,1,https://www.daily-jeff.com/news/20190918/dayton-pastor-on-guns-we-want-to-help-lawmakers-see-carnage-that-is-out-here,,,,,,
Fort Collins,Colorado State University,Larimer,CO,US,2019-09-19,Hundreds,200,,200,,,CSU Students and #NotProudToBe organization,Against racism and bias; in favor of diversity and racial justice,0,Protest; silent march,0,0,0,0,1,1,https://www.coloradoan.com/story/news/2019/09/19/president-joyce-mcconnell-gives-first-fall-address-at-colorado-state-university-blackface-protesters/2365870001/,,,,,,
Modesto,outside New Hope center,Stanislaus,CA,US,2019-09-20,about 60,60,,60,,,general protesters,protesting the closure of a rehab facility,0,protest,0,0,0,0,1,1,https://www.modbee.com/news/local/article235487317.html,,,,,,
Portland,Terry Schrunk Plaza,Multnomah,OR,US,2019-09-20,count pic,6,,6,,,350PDX,Against climate change; Environment,0,strike; protest,0,0,0,0,1,1,https://pamplinmedia.com/pt/9-news/437722-349030-portland-teens-planning-another-climate-strike?wallit_nosession=1,,,,,,
Alameda ,,Alameda ,CA,US,2019-09-20,count pic ,10,,10,,,California Nurses Association,Collective Bargaining; For worker rights,,protest; strike; walk-out; march,0,0,0,0,1,1,https://alamedasun.com/about,,,,,,
Beaver,Courthouse,Beaver,PA,US,2019-09-22,dozens,24,,24,,,The New Agenda,We the People March,1,rally,0,0,0,0,1,1,https://pittsburgh.cbslocal.com/2019/09/21/we-the-people-rally-beaver/,https://rustbeltmayberryphotography.pic-time.com/-wethepeoplerally/gallery,,,,,
Houston,NRG Stadium,,TX,US,2019-09-22,"nearly 50,000; upward of 50,000",50000,,50000,,,Texas India Forum,"in support of prime minister of India Narendra Modi, for President Trump",0,rally,0,0,0,0,1,1,https://www.aljazeera.com/news/2019/9/22/howdy-modi-trump-attends-indian-pms-rally-in-houston,https://www.cnbc.com/2019/09/23/thousands-plus-trump-rally-in-texas-for-indias-leader.html,,feat. President Trump,,,
Houston,NRG Stadium,,TX,US,2019-09-22,thousands,2000,,2000,,,general protesters,"against prime minister of India Narendra Modi, against Hindu nationalism",0,counter-protest,0,0,0,0,0,1,https://www.aljazeera.com/news/2019/9/22/howdy-modi-trump-attends-indian-pms-rally-in-houston,,,,,,
Washington,Independence St SW & 14th Ave.,DC,DC,US,2019-09-23,,,,,,,Extinction Rebellion; Black Lives Matter,against inaction on climate change,1,blockade; march,,,,,1,1,https://www.cnn.com/2019/09/23/us/washington-climate-shutdown-trnd/index.html,,,,,,
Washington ,intersections around DC,DC,DC,US,2019-09-23,,,,,,,D.C. Youth Climate Strike,climate change rally,1,protest; rally,,,,,0,1,https://wtop.com/local/2019/09/students-plan-climate-change-rally-friday-protests-next-week-aim-to-shut-down-dc/,https://twitter.com/werkforpeace/status/1176132483445919749,,,,,
Denver,Union Station,Denver,CO,US,2019-09-23,,,,,,,Patagonia and 350 Colorado,climate change march,0,march,,,,,,,https://www.denverpost.com/2019/09/19/colorado-climate-strike-events/,,,,,,
Hardin,Big Horn County Couurthouse,Big Horn,MT,US,2019-09-23,about 100,100,,100,,,general protesters,urging a thorough investigation into the recent death of an 18-year-old girl,0,protest; march,0,0,0,0,1,1,https://billingsgazette.com/news/state-and-regional/mmiw/girl-s-death-mmiw-march-prompt-creation-of-missing-persons/article_b6438c7d-1846-533f-b09c-6fc2f9912963.html,,,,,,
Omaha,Omaha,Douglas,NE,US,2019-09-24,more than 30,30,,30,,,general protesters,marching against domestic violence,0,rally,0,0,0,0,1,1,https://www.omaha.com/news/metro/domestic-violence-march-emphasizes-message-you-are-not-alone-and/article_0ba27bab-de11-5750-b784-0948534b549e.html,,,,,,
Oroville,Outside the Butte County Board of Supervisors meeting,Butte,CA,US,2019-09-24,,,,,,,the Union of Domestic Workers,protesting for higher wages for in-home caretakers,0,protest,0,0,0,0,1,1,https://www.chicoer.com/2019/09/25/in-home-caretakers-protest-at-supervisors-meeting/,,,,,,
Portland,outside Zenith Energy Facility,Multnomah,OR,US,2019-09-24,,,,,,,general protesters,protesting against tar sands oil shipments,0,vigil,0,0,0,0,1,1,https://www.thechronicleonline.com/news_paid/community-members-to-launch-unprecedented--hour-vigil-at-zenith/article_9a00d3c8-dfe9-11e9-86ec-c7399f6fba65.html,,,,,,
Olympia,outside the capitol ,Thurston,WA,US,2019-09-24,,,,,,,Indigenous Protectors of the Salish Sea,protesting against a lack of action on climate change,0,protest,1,0,0,0,1,1,https://www.seattletimes.com/seattle-news/politics/indigenous-climate-protest-at-the-washington-state-capitol-draws-law-enforcement-in-riot-gear/,,,,,,
Watertown,next to Public Square,Jefferson,NY,US,2019-09-24,na,4,,4,,,the American Federation of Government Employees,advocating for better policies for workers,1,rally,0,0,0,0,1,1,https://www.nny360.com/communitynews/pressreleases/citizens-rally-in-support-of-federal-workers/article_0752b9bf-c9ec-5249-bc5a-cc3d0abae976.html,,,,,,
College Station,Thomas Park,Brazos,TX,US,2019-09-24,about 55,55,,55,,,general protesters,protesting against abortion,2,rally,0,0,0,0,1,1,https://www.theeagle.com/news/local/annual-days-for-life-campaign-opens-with-rally-at-college/article_5fdd885c-df54-11e9-8f91-a36382d8e49d.html,,,,,,
Oakland,14th and Broadway,Alameda,CA,US,2019-09-25,hundreds,200,,200,,,general protesters,protesting understaffing in the city,0,protest,0,0,0,0,1,1,https://www.ktvu.com/news/oakland-city-workers-protest-severe-understaffing-with-600-vacancies,,,,,,
Washington,outside the capitol ,DC,DC,US,2019-09-25,,,,,,,general protesters,protesting for greater gun control,1,protest,0,0,0,0,1,1,https://wgntv.com/2019/09/25/chicago-groups-travel-to-dc-for-national-anti-violence-rally/,,,,,,
Lansing,State Capitol,Ingham,MI,US,2019-09-25,,,,,,,"The Michigan Auto Insurance Promise, general protesters",protesting against a new no-fault insurance law,0,protest,0,0,0,0,1,1,https://www.lansingstatejournal.com/story/news/local/2019/09/25/protesters-rally-against-new-no-fault-insurance-law-state-capitol/2443821001/,,,,,,
Albany,outside Albany Medical Center,Albany,NY,US,2019-09-25,,,,,,,the New York State Nurses Association,protesting for higher wages and more staff,0,protest,0,0,0,0,1,1,https://dailygazette.com/article/2019/09/25/nurses-rally-over-long-running-albany-med-contract-talks,,,,,,
New Haven,Yale,New Haven,CT,US,2019-09-25,more than 1500,1500,,1500,,,Yale students,protesting a lack of action on climate change,1,protest,0,0,0,0,1,1,https://www.wtnh.com/news/connecticut/new-haven/yale-students-walk-out-of-class-rally-for-climate-change-action/,,,,,,
Cincinnati,Universtiy of Cincinnati,Hamilton,OH,US,2019-09-25,approximately two dozen,24,,24,,,University of Cincinnati Faculty,protesting for higher pay for adjunct professors,0,protest,0,0,0,0,1,1,https://www.cincinnati.com/story/news/2019/09/25/adjunct-pay-concerning-those-participating-uc-demonstration/2387302001/,,,,,,
Montpelier,the State House lawn,Washington,VT,US,2019-09-25,about 40,40,,40,,,general protesters,protesting against lobbyists that work for companies that are anti-environment and anti-immigrant,1,protest,0,0,0,0,1,1,https://www.timesargus.com/news/local/climate-protesters-challenge-lobby-firm/article_027eb2f7-ea1f-51b4-80f6-67d3e84c7ff2.html,,,,,,
Kent,Kent State University,Portage,OH,US,2019-09-25,,,,,,,the Proud Boys,protesting against Beto O'Rourke and against gun control,2,protest,0,0,0,0,1,1,https://www.record-courier.com/news/20190925/pro-gun-display-seeks-to-educate-orourke-rally-attendees-at-kent-state,,,,,,
Los Angeles,Hall of Justice,Los Angeles,CA,US,2019-09-25,,,,,,,Black Lives Matter LA,"against police brutality, for police accountability, Black Lives Matter, against District Attorney Jackie Lacey",1,protest,,,,,1,1,https://www.cnn.com/2020/07/10/us/jackie-lacey-la-da-black-lives-matter/index.html,https://www.newyorker.com/magazine/2020/11/16/after-years-of-protests-every-wednesday-la-activists-welcome-a-new-da,,,,,
Miami,"MDC's Tower Theater Miami, 1508 SW 8th St",Miami-Dade,FL,US,2019-09-25,count video,15,,20,,,Dream Defenders Miami,"against deportation of immigrants, against mass incarceration, against war on drugs, against Joe Biden for president",1,protest,0,0,0,0,1,1,https://www.instagram.com/p/B22b8sYlgAc/,,,,,,
South Bend,Jon Hunt Plaza,St.Joseph,IN,US,2019-09-25,,,,,,,Mamas against Violence,protesting against violence and murders,0,protest,0,0,0,0,1,1,https://www.southbendtribune.com/news/local/residents-remember-homicide-victims-in-march/article_e055bb3a-697a-5683-9543-10b6f5b4e406.html,,,,,,
Washington,the West Front of the Capitol,DC,DC,US,2019-09-25,close to 200,200,,200,,,"sherrifs, lawmakers, people from Arizona ",protesting against immigration,2,Protest;demonstration,0,0,0,0,1,1,https://www.studlife.com/news/2019/09/08/wugwu-holds-first-protest-of-semester-at-student-activities-fair/,,,,,,
Washington,the East Front of the capitol,DC,DC,US,2019-09-25,,,,,,,pastors from the United Church of Christ,protesting against including funding for a border wall in the budget,1,counter protest,0,0,0,0,1,1,https://cronkitenews.azpbs.org/2019/09/25/both-sides-now-arizonans-rally-to-stake-out-opposing-border-positions/,,,,,,
Philadelphia,outside the Philadelphia Police Headquarters,Philadelphia,PA,US,2019-09-25,,,,,,,general protesters,protesting against the high rate of unsolved homicides,0,protest ,0,0,0,0,1,1,https://www.phillytrib.com/news/local_news/as-clearance-rate-improves-families-protest-philly-s-unsolved-murders/article_ed65d820-fcbc-5889-826e-fbcd895692e4.html,,,,,,
Chapel Hill,University of North Carolina,Orange,NC,US,2019-09-25,dozens,24,,24,,,UNC students,protesting against the US Department of Education demanding that they change their Middle East Studies program to retain federal funding,1,protest,0,0,0,0,1,1,https://www.dailytarheel.com/article/2019/09/department-education-mandate0926,,,,,,
Berkeley,University of California; Soda Hall,Berkeley,CA,US,2019-09-25,about 100,100,,100,,,Cal Bears Against ICE,protest against campus relations with companies holding contractual agreements with ICE,1,protest,0,0,0,0,1,1,https://www.dailycal.org/2019/09/27/uc-berkeley-students-protest-amazons-ties-with-ice/25228/,,,,,,
Atlanta,North Atlanta High School,Fultonn,GA,US,2019-09-26,,,,,,,North Atlanta High students,protesting against a lack of action on climate change,1,protest,0,0,0,0,1,1,https://www.ajc.com/news/local/north-atlanta-students-rally-for-change-climate/Lh2mtwpxkLRDY57AI1LUzM/#,,,,,,
Charleston,Robert C. Byrd federal courthouse,Kanawha,WV,US,2019-09-26,dozens,24,,24,,,West Virginia Citizens Climate Lobby,climate change protest,0,protest,0,0,0,0,1,1,https://www.wvgazettemail.com/news/energy_and_environment/west-virginians-make-their-voices-heard-at-climate-change-rally/article_839f351b-24f3-5655-9de6-4d12f1a661d9.html,,,,,,
Cody,Cody High School,Park,WY,US,2019-09-26,na,20,,20,,,general protesters,climate change march,0,march,0,0,0,0,1,1,http://www.codyenterprise.com/news/local/article_efcb4b8e-e3b9-11e9-a54a-6bf670a29206.html,,,,,,
Denver,Union Stateion,Denver,CO,US,2019-09-26,,,,,,,Patagonia and 350 Colorado,climate change march,0,march,,,,,,,https://www.denverpost.com/2019/09/19/colorado-climate-strike-events/,,,,,,
Ellettsville,Monroe County Public Library,Monroe,IN,US,2019-09-26,na,5,,5,,,"Sarah Dye, general protesters",DEADLINK,DEADLINK,protest,DEADLINK,DEADLINK,DEADLINK,DEADLINK,DEADLINK,DEADLINK,https://www.hoosiertimes.com/herald_times_online/news/local/dye-s-speech-protested-at-ellettsville-library/article_75f4de93-c43d-5563-9aac-5f6e5a4acf4e.html,,,,,,
Honolulu,Waimanalo park,Honolulu,HI,US,2019-09-26,scores,40,,40,,,general protesters,protesting the development of a park,0,protest,28,0,0,0,1,1,https://www.hawaiinewsnow.com/2019/09/26/opponents-controversial-project-waimanalo-blocking-access-sherwood-forest/,,,,,,
Jeffferson City,outside the Capitol,Cole,MO,US,2019-09-26,about 20,20,,20,,,general protesters,protesting the execution of a man on death row,0,protest,0,0,0,0,1,1,https://www.kshb.com/news/state/missouri/advocates-rally-to-spare-missouri-death-row-inmate,,,,,,
Philadelphia,Rittenhouse Square,Philadelphia,PA,US,2019-09-26,more than 1000,1000,,1000,,,Service Employees International Union,protesting for fair contract negotiations,0,protest,0,0,0,0,1,1,https://www.inquirer.com/news/philadelphia-office-cleaners-rally-march-rittenhouse-labor-union-32bj-service-employees-20190926.html,,,,,,
Queens,Roy Wilkins Park,Queens,NY,US,2019-09-26,thousands,2000,,2000,,,parents and students ,protesting so that the city will build a new middle school for students,0,protest,0,0,0,0,1,1,https://www.qchron.com/editions/central/success-academy-rallies-for-queens-middle-school/article_c5934d70-e095-11e9-a29d-ff35e4d927b3.html,,,,,,
Radnor,Radnor,Delaware,PA,US,2019-09-26,20,20,,20,,,general protesters,"protesting against the lack of resignation of Comissioner John Nagle, who was caught with child pornography",0,protest,0,0,0,0,1,1,http://www.mainlinemedianews.com/mainlinesuburbanlife/radnor-protesters-call-for-commissioner-nagle-to-resign/article_de4d2e4a-e094-11e9-8e03-730a68f735da.html,,,,,,
Rochester,Main and Clinton,Monroe,NY,US,2019-09-26,more than three dozen,36,,36,,,the Rochester Homeless Union,protesting against gentrification,0,protest,0,0,0,0,1,1,https://www.democratandchronicle.com/story/news/2019/09/26/housing-protest-blocks-intersection-main-clinton-rochester-ny/3775246002/,,,,,,
Savannah,Savannah Arts Academy ,Chatham,GA,US,2019-09-26,dozens,24,,24,,,Savannah Arts Academy Students,protesting a lack of action on climate change,1,protest,0,0,0,0,1,1,https://www.wsav.com/weather-news/our-changing-climate/we-have-the-facts-and-solutions-savannah-arts-academy-students-walk-out-in-climate-change-protest/,,,,,,
Youngstown,,Westmoreland,PA,US,2019-09-26,,,,,,,general protesters,protesting against House Bill 70 in the city's schools.,0,protest,0,0,0,0,1,1,https://www.wfmj.com/story/41108161/parents-teachers-gather-to-protest-hb-70-in-youngstown,,,,,,
Anacortes ,Anacortes High School,Skagit ,WA,US,2019-09-27,,100,,100,,,,Against Climate Change,,Rally,,,,,,,https://www.goskagit.com/news/local_news/students-rally-for-action-on-climate-change/article_488604d0-65f1-5986-ab5b-4dde83c320f1.html,,,,,,
Atlanta,Buckhead MARTA Station,Fulton,GA,US,2019-09-27,hundreds,200,,200,,,general protesters,against climate change,0,protest;march,19,0,0,0,1,1,https://www.11alive.com/article/tech/science/environment/climate-protest-atlanta/85-2a585510-1a5c-486c-8328-bc1d4693d5c5,,,,,,
Boston,a bridge in Boston’s Seaport section,Suffolk,MA,US,2019-09-27,Hundreds,200,,200,,,general protesters,aganst climate change,0,protest; blockade,0,0,0,0,1,1,https://whdh.com/news/climate-change-protesters-block-bridge-in-boston/,,,,,,
Cedar City,Southern Utah University,Iron,UT,US,2019-09-27,,,,,,,general protesters,against climate change,0,protest ,0,0,0,0,1,1,https://www.stgeorgeutah.com/news/archive/2019/09/27/arh-southern-utah-university-students-join-worldwide-protest-to-better-inform-community-on-environmental-issues/#.XeXm2-hKjIV,,,,,,
Dubuque,Loras College,Dubuque,IA,US,2019-09-27,,,,,,,DEADLINK,against climate change,DEADLINK,DEADLINK,DEADLINK,DEADLINK,DEADLINK,DEADLINK,DEADLINK,DEADLINK,https://www.kcrg.com/content/news/Dubuque-area-college-students-organize-climate-strike-and-rally-561558861.htm,,,,,,
Elliston ,Mountain Valley Pipeline ,Montgomergy ,VA,US,2019-09-27,NA,1,,1,,,"Glenna ""Duff"" Benjamin ",anti construction of the Mountain Valley Pipeline ,0,protest,1,0,0,0,1,1,https://www.virginiamercury.com/2020/01/14/raging-granny-faces-music-for-pipeline-protest-happy-that-i-did-it/,,,,,,
Fort Collins,Old Town Square,Larimer,CO,US,2019-09-27,hundreds,200,,200,,,Fridays for Future,Against climate change; Environment; Climate Strike,0,protest; rally; strike,0,0,0,0,1,1,https://www.coloradoan.com/story/news/2019/09/27/greta-thunberg-inspired-climate-strike-kicks-off-in-old-town-square/3777060002/,,,,,,
Hana,Hana High School,Maui ,HI,US,2019-09-27,about 40,40,,40,,,general protesters,climate change protest,0,protest,0,0,0,0,1,1,https://www.mauinews.com/news/local-news/2019/09/hana-students-rally-over-climate-change/,,,,,,
Johnstown ,University of Pittsburg,Westmoreland,PA,US,2019-09-27,about 10,10,,10,,,Fossil Free Pitt Coalition,against the university's fossil fuels investment,0,protest,0,0,0,0,1,1,https://pittnews.com/article/150901/news/gallagher-provides-report-on-university-initiatives-amidst-divestment-protest/,,,,,,
Lexington,STEAM Academy,Fayette,KY,US,2019-09-27,,,,,,,students,against climate change,0,protest; marcg,0,0,0,0,1,1,https://www.lex18.com/news/covering-kentucky/students-march-to-protest-climate-change,,,,,,
Lorain,Lorain High School,Lorain,OH,US,2019-09-27,,,,,,,"local veterans, organizations, and police officers",support pledge of allegiance as school ritual,0,protest,0,0,0,0,1,1,https://www.morningjournal.com/news/lorain-county/lorain-local-organizations-to-protest-lhs-pledge-policy/article_866ba670-e0ad-11e9-9131-5780029bc614.html,,,,,,
Louisville,Jefferson Square Park,Jefferson,KY,US,2019-09-27,,,,,,,"350 Louisville, Sierra Club, Kentucky Conservation Committee, Cultivating Connections, First Unitarian Church, Thomas Jefferson Unitarian Church",protesting against a pipeline that would destroy the Bernheim forest,0,protest,0,0,0,0,1,1,https://www.courier-journal.com/story/news/local/2019/09/25/nonprofits-host-anti-lg-e-pipeline-rally-friday-support-bernheim-forest/2446834001/,,,,,,
Media,Delaware County Courthouse,Delaware,PA,US,2019-09-27,,,,,,,general protester,protest in favor of reopening a closed murder case,0,protest,0,0,0,0,1,1,https://www.delcotimes.com/news/local/convicted-killer-s-supporters-rally-to-reopen-case/article_103962ac-e167-11e9-9d2c-9f39174ae966.htm,,,,,,
Memphis,Southwest Early College High School,Shelby,TN,US,2019-09-27,,,,,,,general protesters,against the closing of a local high school,0,protest,0,0,0,0,1,1,https://www.localmemphis.com/news/education/parents-and-students-protest-in-hopes-of-keeping-southwest-early-college-high-school-open/,,,,,,
New York City,,New York,NY,US,2019-09-27,,,,,,,,against foreign government,,,,,,,,,https://www.henryherald.com/news/world_nation/imran-khan-and-narendra-modi-adress-the-un-as-thousands/,,,,,,deadlink
Newburg,Newburg High School,Phelps,MO,US,2019-09-27,dozens,24,,24,,,high school students,against climate change,0,protest; plant potting,0,0,0,0,1,1,https://pamplinmedia.com/nbg/241-education/439441-351923-students-take-to-the-fields-to-protest-climate-inaction,,,,,,
Norman,University of Oklahoma,Cleveland,OK,US,2019-09-27,about 50,50,,50,,,Natalia Fabry,Against Climate Change,0,strike; protest,0,0,0,0,1,1,http://www.oudaily.com/news/we-all-have-a-voice-ou-students-participate-in-climate/article_86d37b50-e1f3-11e9-9cf6-535e71c4fcd8.html,,,,,,
Oakland,Alameda,Henry J. Kaiser Jr. Elementary School,CA,US,2019-09-27,,,,,,,"general protesters, parents, teachers, and students",against closure of elementary school,0,protest,0,0,0,0,1,1,https://sanfrancisco.cbslocal.com/2019/09/27/parents-teachers-students-protest-planned-closure-oakland-elementary-school/,,,,,,
Rock Hill,Rock Hill High School -> Sentator Graham's Office,York,SC,US,2019-09-27,about 20,20,,20,,,high school students,against climate change,1,protest; march,0,0,0,0,1,1,https://www.heraldonline.com/news/local/education/article235548512.html,,,,,,
San Diego,University of California,San Diego,CA,US,2019-09-27,500,500,,500,,,students and staff,against climate change,0,protest; march,0,0,0,0,0,subsequent events to follow first friday of every month,https://fox5sandiego.com/2019/09/27/uc-san-diego-students-rally-for-climate-action/25217,,,,,,
San Ramon,Chevron,Contra Costa,CA,US,2019-09-27,hundreds,200,,200,,,general protesters,against fossil fuels industry; against climate change,0,protest,0,0,0,0,1,1,https://sfbay.ca/2019/09/27/hundreds-of-san-ramon-youth-protest-outside-chevron-as-part-of-global-climate-strike/,,,,,,
Santa Barbara,De la Guerra Plaza,Santa Barbara,CA,US,2019-09-27,about 1000,1000,,1000,,,DEADLINK,DEADLINK,DEADLINK,DEADLINK,DEADLINK,DEADLINK,DEADLINK,DEADLINK,DEADLINK,DEADLINK,https://www.keyt.com/news/climate-march-organizers-call-for-action/112636217125234,,,,,,
Santa Cruz,,Santa Cruz,CA,US,2019-09-27,,,,,,,DEADLINK,against climate change,DEADLINK,DEADLINK,DEADLINK,DEADLINK,DEADLINK,DEADLINK,DEADLINK,DEADLINK,https://www.kion546.com/news/students-walk-out-of-class-to-protest-climate-change/1126345229 https://kion546.com/news/santa-cruz-police-warn-of-traffic-delays-during-global-warming-protest/1126176843,,,,,,
Santa Maria,,Santa Barbara,CA,US,2019-09-27,about 20,20,,20,,,DEADLINK,DEADLINK,DEADLINK,DEADLINK,DEADLINK,DEADLINK,DEADLINK,DEADLINK,DEADLINK,DEADLINK,https://www.keyt.com/news/community-members-gather-for-climate-strike-rally-outside-city-hall/,,,,,,
Stanton,"Christiana Hilton, outside Chamber of Commerce meeting",New Castle,DE,US,2019-09-27,count pic,11,,11,,,New Castle County Police Officers,collective bargaining,0,protest,0,0,0,0,1,1,https://www.delawareonline.com/story/news/2019/09/27/new-castle-county-police-protest-matt-meyer-over-contract-negotiations/3785252002/,,,,,,
Tatum,,Panola,TX,US,2019-09-27,,,,,,,general protesters,against dress code,0,protest,0,0,0,0,1,1,http://www.thehendersonnews.com/multimedia/tatum-isd-protest/video_b7e3d166-e141-11e9-a768-df772efbe9d6.html,,,,,,deadlink
Washington,McPherson Square,DC,DC,US,2019-09-27,hundreds,200,,200,,,general protesters,against climate change,0,protest;march,0,0,0,0,1,1,https://www.wusa9.com/article/tech/science/environment/shut-down-dc-friday/65-cbf3916b-b376-4540-a4ea-d0dd86212813,,,,,,
West Lafayette,West Lafayette High School,Tippecanoe,IN,US,2019-09-27,more than 300,300,,300,,,Fridays for Future,Against climate change; Environment; Climate Strike,0,protest; rally; strike,0,0,0,0,1,1,https://www.jconline.com/story/news/2019/09/27/climate-strikers-demand-what-you-doing-wl-mayor-answers-local-promise/3780106002/,,,,,,
West Lafayette,Purdue University,Tippecanoe,IN,US,2019-09-27,,,,,,,students,"anti gun violence and anti racism, pro gun control",1,protest;rally,0,0,0,0,1,1,https://www.purdueexponent.org/campus/article_15accbe6-e137-11e9-afdd-c3052a3f077e.html,,,,,,
Washington,,DC,DC,US,2019-09-28,,,,,,,@transmarchondc; #March4TransLives,pro-transgender,1,march,,,,,1,1,https://twitter.com/womensmarch/status/1165294848527806467,,,,,,
West Philidelphia,41st Street and Lancaster Avenue,Philidelphia County,PA,US,2019-09-28,,,,,,,"The Community Collaborative of leaders, Congressman Dwight Evans, Councilwoman Jannie L. Blackwell, state Rep. Movita Johnson-Harrell, general protesters",anti-drug and violence,0,protest;rally,0,0,0,0,1,1,https://www.phillytrib.com/metros/west_southwest_south/community-coalition-rallies-against-crime-in-west-philly/article_997a776e-9452-5658-a25d-419dcb1201a9.html,,,,,,
Tacoma,ICE Facility in Tacoma,Pierce,WA,US,2019-09-28,Dozens,24,,24,,,general protesters,in support of ICE,2,protest;rally,0,0,0,0,1,1,https://komonews.com/news/local/dozens-rally-in-support-of-ice-agents-conservative-immigration-reform,,,,,,
Denver,Green Valley Ranch Neighborhood,Denver,CO,US,2019-09-28,count pic,15,,15,,,general protesters,against gun violence,0,protest,0,0,0,0,1,1,https://www.thedenverchannel.com/news/local-news/green-valley-ranch-residents-rally-against-youth-violence-in-denver,,,,,,
Minneapolis,University of Minnnesota,Hennepin,MN,US,2019-09-28,,,,,,,students,"against Trump, against conservatism",1,protest;vandalism,0,0,0,0,1,1,https://minnesota.cbslocal.com/2019/09/28/republican-student-group-wall-panel-vandalized-protested/,,,,,,
Arcadia,Santa Anita Park,Los Angeles,CA,US,2019-09-28,,,,,,,general protesters,against animal cruelty,0,protest,0,0,0,0,1,1,,,,,,,
Sikeston,,Scott,MO,US,2019-09-28,,,,,,,DEADLINK,anti-violence,DEADLINK,DEADLINK,DEADLINK,DEADLINK,DEADLINK,DEADLINK,DEADLINK,DEADLINK,https://www.semissourian.com/story/2637665.html,,,,,,
Austin,University of Austin,Travis,TX,US,2019-09-28,,,,,,,general protesters; students,"anti-gun violence, pro- gun control",0,protest,0,0,0,0,1,1,https://www.fox7austin.com/news/gun-reform-activists-rally-for-stricter-gun-laws-call-on-action-from-lawmakers,,,,,,
Duluth,Gichi-ode' Akiing,St. Louis,MN,US,2019-09-28,about 700,700,,700,,,general protesters,against oil pipeline,0,protest,0,0,0,0,1,1,https://www.duluthnewstribune.com/business/energy-and-mining/4684903-Hundreds-of-Line-3-opponents-rally-in-Duluth,,,,,,
Goleta,,Santa Barbara,CA,US,2019-09-28,,,,,,,n/a,against climate change,DEADLINK,DEADLINK,DEADLINK,DEADLINK,DEADLINK,DEADLINK,DEADLINK,DEADLINK,https://www.keyt.com/news/climate-march-organizers-call-for-action/1126362171,,,,,,
Clinton,,Clinton,NY,US,2019-09-28,,,,,,,general protesters,pro-Trump,2,"protest, rally","DEADLINK, doesn't allow access to article",DEADLINK,DEADLINK,DEADLINK,DEADLINK,DEADLINK,https://www.uticaod.com/news/20190928/trump-supporters-rally-in-clinton,,,,,,
Havervill,Citizen Center,Essex,MA,US,2019-09-28,,,,,,,general protesters,anti-violence,0,march,0,0,0,0,1,annual event,https://www.eagletribune.com/news/haverhill/haverhill-s-th-annual-march-for-peace/article_f75d51c9-ef9f-5b8e-a110-6c3da42bfa5b.htm,,,,,,
Monterey,,Monterey,CA,US,2019-09-28,,,,,,,n/a,pro-immigration,DEADLINK,DEADLINK,DEADLINK,DEADLINK,DEADLINK,DEADLINK,DEADLINK,DEADLINK,https://kion546.com/news/dozens-spend-day-in-cages-to-protest-migrant-detention-centers/1126588540,,,,,,
Lawrence,,Essex,MA,US,2019-09-28,,,,,,,"Senator Markey and Representative Kennedy III, protesters, union strikers",collective bargaining,0,"protest, strike",0,0,0,0,1,1,https://www.bostonglobe.com/metro/2019/09/28/markey-kennedy-appear-rally-support-striking-union-workers-lawrence/s03Gwzkm1zDL6xBjKI3z0K/story.html,,,,,,
Boston,,Boston,MA,US,2019-09-28,,,,,,,n/a,homelessness advocacy,DEADLINK,DEADLINK,DEADLINK,DEADLINK,DEADLINK,DEADLINK,DEADLINK,DEADLINK,https://www.bostonglobe.com/metro/2019/09/28/protesters-denounce-operation-clean-sweep-call-for-better-treatment-drug-users/eDaKkzrnoVC6YW2FVSAIgL/story.html,,,,,,
Carbondale ,,Jackson,IL,US,2019-09-28,,,,,,,DEADLINK,DEADLINK,DEADLINK,DEADLINK,DEADLINK,DEADLINK,DEADLINK,DEADLINK,DEADLINK,DEADLINK,https://www.kfvs12.com/2019/09/24/carbondale-teachers-file-intent-strike/Future      ,,,,,,
Branchville,A home in Branchville,Sussex,SC,US,2019-09-28,,,,,,,"general protesters, friends and family of missing man",raise awareness of missing citizen,0,march,0,0,0,0,1,1,https://thetandd.com/news/local/crime-and-courts/family-continues-search-for-man-march-to-be-held-on/article_4927f628-4417-5fcb-9817-c23ead58ac35.html,,,,,,
Bow,,Merrimack,NH,,2019-09-28,,,,,,,general protesters,"against fossil fuels, against climate change",0,protest,0,0,0,0,1,1,https://www.nwaonline.com/news/2019/sep/21/global-climate-strikes-protesters-rally/,,,,,,
Broomfield,,Broomfield,CO,US,2019-09-29,,,,,,,"general protesters, environmental groups IE: 350 Colorado organization organized event",against local fracking,0,protest,0,0,0,0,1,1,https://www.dailycamera.com/2019/09/29/environmental-groups-protest-neighborhood-fracking-in-broomfield/,,,,,,
Denver,Mile High Comics-Jason Street Mega Store,Denver,CO,US,2019-09-29,about two dozen,24,,24,,,Proud Boys; Traditionalist Worker Party; Patriot Front,"against Drag for All Ages event, against LGBTQ+ rights",2,protest,0,0,0,0,1,1,https://www.fox4now.com/news/national/its-an-abomination-to-god-all-ages-drag-show-in-denver-met-with-protesters,https://itsgoingdown.org/our-friends-from-twp-proud-boys-march-with-neo-nazis-in-denver-community-mobilizes/,,,,,
Denver,Mile High Comics-Jason Street Mega Store,Denver,CO,US,2019-09-29,,,,,,,Parasol Patrol,"for LGBTQ+ rights, against fascism",1,counter-protest,0,0,0,0,0,1,https://itsgoingdown.org/our-friends-from-twp-proud-boys-march-with-neo-nazis-in-denver-community-mobilizes/,,,,,,
Oneonta,Plaza at 214 Main Street,Otsego,NY,US,2019-09-29,na,45,,45,,,"general protesters, Senator Seward",criminal justice reform,0,protest;rally,0,0,0,0,1,1,https://www.thedailystar.com/news/local_news/saturday-rally-demands-justice-for-gillian/article_8bf35dd8-9cf6-5dd9-9ac3-8da99395d6cf.html,https://www.thedailystar.com/news/local_news/senator-to-speak-at-justice-for-gillian-rally-this-weekend/article_abeda06e-2be5-56e8-9a70-b9cb0967f126.html,,,,,
Wilmington,West Center City,New Castle,DE,US,2019-09-29,,,,,,,Movement for a Culture of Peace,anti-violence,0,protest;march,0,0,0,0,1,1,https://www.delawareonline.com/story/news/2019/09/29/wilmington-residents-march/3811797002/,,,,,,
Boston,Boston City Hall,Suffolk,MA,US,2019-09-29,,,,,,,general protesters,against foreign government,0,protest,0,0,0,0,1,1,https://whdh.com/news/demonstrators-protest-raising-of-chinese-flag-at-boston-city-hall/,,,,,,
Wilkes-Barre,Luzerne County Courthouse,Luzerne,PA,US,2019-09-29,about 50,50,,50,,,general protesters,reproductive justice,0,protest,0,0,0,0,1,1,https://www.timesleader.com/news/local/757238/reproductive-rights-protest-held-at-luzerne-county-courthouse,,,,,,
Atlanta,,Fulton,GA,US,2019-09-30,,,,,,,"The Partnership for Southern Equity, an Atlanta-based nonpartisan, nonprofit energy watchdog organization, general protesters",against fossil fuels,0,protest; rally,0,0,0,0,1,1,https://www.mdjonline.com/neighbor_newspapers/northside_sandy_springs/news/watchdog-group-hosting-rally-to-protest-georgia-power-s-proposed/article_09ea1d4e-e395-11e9-a489-07008cc0564c.html,,,,,,
Bolivar Peninsula,Rollover Pass Fishing Channel,Galveston,TX,US,2019-09-30,,,,,,,general protesters,against closure of fishing channel,0,protest; sit in,1,0,0,0,1,1,https://www.beaumontenterprise.com/news/article/Rollover-Pass-protest-leads-to-arrest-14481466.php,,,,,,
Boston,Boston Federal Immigration Courthouse,Suffolk,MA,US,2019-09-30,,,,,,,general protesters,"against deportations, pro immigration",0,protest,0,0,0,0,1,1,https://www.lowellsun.com/2019/09/30/cambodian-deportations-protested-in-boston/,,,,,,
Del Mar,Del Mar Fair Grounds,San Diego,CA,US,2019-09-30,over 100,100,,100,,,general protesters,"anti-gun violence, pro- gun control",0,protest,0,0,0,0,1,1,https://www.delmartimes.net/news/story/2019-09-30/gun-show-protesters-gather-at-del-mar-fairgrounds,,,,,,
Mulberry,,Polk,FL,US,2019-09-30,,,,,,,general protesters,pro environment,0,protest,0,0,0,0,1,1,https://www.theledger.com/news/20190930/citizens-turn-out-to-protest-mosaic-permit-renewal,,,,,,
San Francisco,Noe Valley Whole Foods,San Francisco,CA,US,2019-09-30,33; dozens,24,,33,,,general protesters,animal rights,0,protest,0,0,0,0,1,1,https://www.sfchronicle.com/bayarea/article/33-cited-as-animal-rights-activists-protest-at-14481069.php,,,,,,http://www.ktvu.com/news/ktvu-local-news/30-detained-during-whole-foods-amazon-protest-in-san-francisco
Sante Fe,State Capitol,Sante Fe,NM,US,2019-09-30,,,,,,,DEADLINK,against climate change,DEADLINK,DEADLINK,DEADLINK,DEADLINK,DEADLINK,DEADLINK	,DEADLINK	,DEADLINK	,https://www.santafenewmexican.com/news/local_news/student-climate-protesters-take-demands-to-new-mexico-governor-s/article_a2c60a39-1791-521d-b32d-2dd16349065c.html25278,,,,,,